/****** Script generated on 2013-07-05 오후 12:54:57 from file Clean Install.dat ******/

exec spDisableConstraints;
/****** Delete data from all tables   ******/
DELETE ActionGroups;
DELETE ActionsTaken;
DELETE ActionTypes;
DELETE AlarmCategories;
DELETE AlarmPriorities;
DELETE AlarmStatus;
DELETE DefaultSystemSettings;
DELETE DefaultUserSettings;
DELETE DeviceModels;
DELETE DeviceTypes;
DELETE EventActionRelations;
DELETE EventGroups;
DELETE EventTypes;
DELETE FacilityTypes;
DELETE GISSafetyStates;
DELETE HostTypes;
DELETE Languages;
DELETE Layouts;
DELETE LayoutTiles;
DELETE Manufacturers;
DELETE MetadataDeviceModels;
DELETE MetadataDeviceModelSettings;
DELETE NetworkDeviceModels;
DELETE Permissions;
DELETE RecognitionStates;
DELETE Resolutions;
DELETE Resources;
DELETE ResourceTexts;
DELETE ServiceCodes;
DELETE UsagePurposes;
DELETE EventDataTypes;
GO

/****** Table: ActionGroups   ******/
INSERT INTO ActionGroups (ActionGroupID, ActionGroupNameResID, IsDeleted) VALUES (1, 1001, 0);
INSERT INTO ActionGroups (ActionGroupID, ActionGroupNameResID, IsDeleted) VALUES (2, 1002, 0);
INSERT INTO ActionGroups (ActionGroupID, ActionGroupNameResID, IsDeleted) VALUES (3, 1003, 0);
INSERT INTO ActionGroups (ActionGroupID, ActionGroupNameResID, IsDeleted) VALUES (4, 1004, 0);
GO

/****** Table: ActionsTaken   ******/
INSERT INTO ActionsTaken (ActionTakenID, ActionTakenNameResID, IsDeleted) VALUES (1, 83001, 0);
GO

/****** Table: ActionTypes   ******/
INSERT INTO ActionTypes (ActionTypeID, ActionTypeNameResID, ActionGroupID, ActionHandlerType, ActionBehaviorType, LogByDefault, AllowCustomLogSetting, IsAlarmAction, IsMacroAction, FirstSupportingDBVersion, IsDeleted) VALUES (101, 10101, 1, 1, 1, 1, 1, 1, 1, N'2009-12-24', 0);
INSERT INTO ActionTypes (ActionTypeID, ActionTypeNameResID, ActionGroupID, ActionHandlerType, ActionBehaviorType, LogByDefault, AllowCustomLogSetting, IsAlarmAction, IsMacroAction, FirstSupportingDBVersion, IsDeleted) VALUES (102, 10102, 1, 1, 1, 1, 1, 0, 1, N'2009-12-24', 0);
INSERT INTO ActionTypes (ActionTypeID, ActionTypeNameResID, ActionGroupID, ActionHandlerType, ActionBehaviorType, LogByDefault, AllowCustomLogSetting, IsAlarmAction, IsMacroAction, FirstSupportingDBVersion, IsDeleted) VALUES (103, 10103, 1, 1, 1, 1, 1, 0, 1, N'2009-12-24', 0);
INSERT INTO ActionTypes (ActionTypeID, ActionTypeNameResID, ActionGroupID, ActionHandlerType, ActionBehaviorType, LogByDefault, AllowCustomLogSetting, IsAlarmAction, IsMacroAction, FirstSupportingDBVersion, IsDeleted) VALUES (104, 10104, 1, 1, 0, 1, 1, 1, 1, N'2009-12-24', 0);
INSERT INTO ActionTypes (ActionTypeID, ActionTypeNameResID, ActionGroupID, ActionHandlerType, ActionBehaviorType, LogByDefault, AllowCustomLogSetting, IsAlarmAction, IsMacroAction, FirstSupportingDBVersion, IsDeleted) VALUES (105, 10105, 1, 1, 0, 1, 1, 0, 1, N'2009-12-24', 0);
INSERT INTO ActionTypes (ActionTypeID, ActionTypeNameResID, ActionGroupID, ActionHandlerType, ActionBehaviorType, LogByDefault, AllowCustomLogSetting, IsAlarmAction, IsMacroAction, FirstSupportingDBVersion, IsDeleted) VALUES (106, 10106, 1, 1, 0, 1, 1, 0, 1, N'2009-12-24', 0);
INSERT INTO ActionTypes (ActionTypeID, ActionTypeNameResID, ActionGroupID, ActionHandlerType, ActionBehaviorType, LogByDefault, AllowCustomLogSetting, IsAlarmAction, IsMacroAction, FirstSupportingDBVersion, IsDeleted) VALUES (107, 10107, 1, 1, 0, 1, 1, 0, 1, N'2009-12-24', 0);
INSERT INTO ActionTypes (ActionTypeID, ActionTypeNameResID, ActionGroupID, ActionHandlerType, ActionBehaviorType, LogByDefault, AllowCustomLogSetting, IsAlarmAction, IsMacroAction, FirstSupportingDBVersion, IsDeleted) VALUES (108, 10108, 1, 1, 1, 1, 1, 1, 1, N'2009-12-24', 0);
INSERT INTO ActionTypes (ActionTypeID, ActionTypeNameResID, ActionGroupID, ActionHandlerType, ActionBehaviorType, LogByDefault, AllowCustomLogSetting, IsAlarmAction, IsMacroAction, FirstSupportingDBVersion, IsDeleted) VALUES (109, 10109, 1, 1, 1, 1, 1, 0, 1, N'2009-12-24', 0);
INSERT INTO ActionTypes (ActionTypeID, ActionTypeNameResID, ActionGroupID, ActionHandlerType, ActionBehaviorType, LogByDefault, AllowCustomLogSetting, IsAlarmAction, IsMacroAction, FirstSupportingDBVersion, IsDeleted) VALUES (110, 10110, 1, 2, 12, 1, 0, 1, 0, N'2015-01-28', 0);
INSERT INTO ActionTypes (ActionTypeID, ActionTypeNameResID, ActionGroupID, ActionHandlerType, ActionBehaviorType, LogByDefault, AllowCustomLogSetting, IsAlarmAction, IsMacroAction, FirstSupportingDBVersion, IsDeleted) VALUES (201, 10201, 2, 1, 3, 1, 0, 0, 0, N'2009-12-24', 0);
INSERT INTO ActionTypes (ActionTypeID, ActionTypeNameResID, ActionGroupID, ActionHandlerType, ActionBehaviorType, LogByDefault, AllowCustomLogSetting, IsAlarmAction, IsMacroAction, FirstSupportingDBVersion, IsDeleted) VALUES (202, 10202, 2, 1, 3, 1, 0, 0, 0, N'2009-12-24', 0);
INSERT INTO ActionTypes (ActionTypeID, ActionTypeNameResID, ActionGroupID, ActionHandlerType, ActionBehaviorType, LogByDefault, AllowCustomLogSetting, IsAlarmAction, IsMacroAction, FirstSupportingDBVersion, IsDeleted) VALUES (203, 10203, 2, 1, 3, 1, 0, 0, 1, N'2009-12-24', 0);
INSERT INTO ActionTypes (ActionTypeID, ActionTypeNameResID, ActionGroupID, ActionHandlerType, ActionBehaviorType, LogByDefault, AllowCustomLogSetting, IsAlarmAction, IsMacroAction, FirstSupportingDBVersion, IsDeleted) VALUES (204, 10204, 2, 1, 3, 1, 0, 0, 1, N'2009-12-24', 0);
INSERT INTO ActionTypes (ActionTypeID, ActionTypeNameResID, ActionGroupID, ActionHandlerType, ActionBehaviorType, LogByDefault, AllowCustomLogSetting, IsAlarmAction, IsMacroAction, FirstSupportingDBVersion, IsDeleted) VALUES (301, 10301, 3, 1, 0, 1, 1, 1, 1, N'2009-12-24', 0);
INSERT INTO ActionTypes (ActionTypeID, ActionTypeNameResID, ActionGroupID, ActionHandlerType, ActionBehaviorType, LogByDefault, AllowCustomLogSetting, IsAlarmAction, IsMacroAction, FirstSupportingDBVersion, IsDeleted) VALUES (302, 10302, 3, 1, 0, 1, 1, 0, 1, N'2009-12-24', 0);
INSERT INTO ActionTypes (ActionTypeID, ActionTypeNameResID, ActionGroupID, ActionHandlerType, ActionBehaviorType, LogByDefault, AllowCustomLogSetting, IsAlarmAction, IsMacroAction, FirstSupportingDBVersion, IsDeleted) VALUES (401, 10401, 4, 0, 0, 1, 0, 0, 1, N'2009-12-24', 0);
INSERT INTO ActionTypes (ActionTypeID, ActionTypeNameResID, ActionGroupID, ActionHandlerType, ActionBehaviorType, LogByDefault, AllowCustomLogSetting, IsAlarmAction, IsMacroAction, FirstSupportingDBVersion, IsDeleted) VALUES (402, 10402, 4, 0, 7, 1, 0, 0, 1, N'2009-12-24', 0);
INSERT INTO ActionTypes (ActionTypeID, ActionTypeNameResID, ActionGroupID, ActionHandlerType, ActionBehaviorType, LogByDefault, AllowCustomLogSetting, IsAlarmAction, IsMacroAction, FirstSupportingDBVersion, IsDeleted) VALUES (403, 10403, 4, 2, 2, 1, 1, 1, 1, N'2009-12-24', 0);
INSERT INTO ActionTypes (ActionTypeID, ActionTypeNameResID, ActionGroupID, ActionHandlerType, ActionBehaviorType, LogByDefault, AllowCustomLogSetting, IsAlarmAction, IsMacroAction, FirstSupportingDBVersion, IsDeleted) VALUES (404, 10404, 4, 0, 4, 1, 1, 1, 1, N'2009-12-24', 0);
INSERT INTO ActionTypes (ActionTypeID, ActionTypeNameResID, ActionGroupID, ActionHandlerType, ActionBehaviorType, LogByDefault, AllowCustomLogSetting, IsAlarmAction, IsMacroAction, FirstSupportingDBVersion, IsDeleted) VALUES (405, 10405, 4, 0, 0, 1, 0, 0, 0, N'2009-12-24', 0);
INSERT INTO ActionTypes (ActionTypeID, ActionTypeNameResID, ActionGroupID, ActionHandlerType, ActionBehaviorType, LogByDefault, AllowCustomLogSetting, IsAlarmAction, IsMacroAction, FirstSupportingDBVersion, IsDeleted) VALUES (406, 10406, 4, 4, 0, 1, 0, 0, 0, N'2009-12-24', 0);
INSERT INTO ActionTypes (ActionTypeID, ActionTypeNameResID, ActionGroupID, ActionHandlerType, ActionBehaviorType, LogByDefault, AllowCustomLogSetting, IsAlarmAction, IsMacroAction, FirstSupportingDBVersion, IsDeleted) VALUES (407, 10407, 4, 4, 0, 1, 0, 0, 0, N'2009-12-24', 0);
INSERT INTO ActionTypes (ActionTypeID, ActionTypeNameResID, ActionGroupID, ActionHandlerType, ActionBehaviorType, LogByDefault, AllowCustomLogSetting, IsAlarmAction, IsMacroAction, FirstSupportingDBVersion, IsDeleted) VALUES (408, 10408, 4, 1, 0, 1, 1, 1, 0, N'2009-12-24', 0);
INSERT INTO ActionTypes (ActionTypeID, ActionTypeNameResID, ActionGroupID, ActionHandlerType, ActionBehaviorType, LogByDefault, AllowCustomLogSetting, IsAlarmAction, IsMacroAction, FirstSupportingDBVersion, IsDeleted) VALUES (409, 10409, 4, 3, 0, 1, 1, 1, 1, N'2009-12-24', 0);
INSERT INTO ActionTypes (ActionTypeID, ActionTypeNameResID, ActionGroupID, ActionHandlerType, ActionBehaviorType, LogByDefault, AllowCustomLogSetting, IsAlarmAction, IsMacroAction, FirstSupportingDBVersion, IsDeleted) VALUES (410, 10410, 4, 2, 0, 1, 1, 1, 1, N'2009-12-24', 0);
INSERT INTO ActionTypes (ActionTypeID, ActionTypeNameResID, ActionGroupID, ActionHandlerType, ActionBehaviorType, LogByDefault, AllowCustomLogSetting, IsAlarmAction, IsMacroAction, FirstSupportingDBVersion, IsDeleted) VALUES (411, 10411, 4, 2, 10, 1, 1, 0, 0, N'2014-01-27', 0);
INSERT INTO ActionTypes (ActionTypeID, ActionTypeNameResID, ActionGroupID, ActionHandlerType, ActionBehaviorType, LogByDefault, AllowCustomLogSetting, IsAlarmAction, IsMacroAction, FirstSupportingDBVersion, IsDeleted) VALUES (412, 10412, 4, 2, 11, 1, 1, 1, 0, N'2014-01-27', 0);

GO

/****** Table: AlarmCategories   ******/
INSERT INTO AlarmCategories (AlarmCategoryID, CategoryNameResID, IsDeleted) VALUES (1, 81001, 0);
INSERT INTO AlarmCategories (AlarmCategoryID, CategoryNameResID, IsDeleted) VALUES (2, 81002, 0);
INSERT INTO AlarmCategories (AlarmCategoryID, CategoryNameResID, IsDeleted) VALUES (3, 81003, 0);
GO

/****** Table: AlarmPriorities   ******/
INSERT INTO AlarmPriorities (AlarmPriorityID, AlarmPriorityNameResID, IsDeleted) VALUES (1, 82001, 0);
INSERT INTO AlarmPriorities (AlarmPriorityID, AlarmPriorityNameResID, IsDeleted) VALUES (2, 82002, 0);
INSERT INTO AlarmPriorities (AlarmPriorityID, AlarmPriorityNameResID, IsDeleted) VALUES (3, 82003, 0);
GO

/****** Table: AlarmStatus   ******/
INSERT INTO AlarmStatus (AlarmStatusID, AlarmStatusNameResID, IsDeleted) VALUES (1, 80001, 0);
INSERT INTO AlarmStatus (AlarmStatusID, AlarmStatusNameResID, IsDeleted) VALUES (2, 80002, 0);
INSERT INTO AlarmStatus (AlarmStatusID, AlarmStatusNameResID, IsDeleted) VALUES (3, 80003, 0);
INSERT INTO AlarmStatus (AlarmStatusID, AlarmStatusNameResID, IsDeleted) VALUES (4, 80004, 0);
INSERT INTO AlarmStatus (AlarmStatusID, AlarmStatusNameResID, IsDeleted) VALUES (5, 80005, 0);
INSERT INTO AlarmStatus (AlarmStatusID, AlarmStatusNameResID, IsDeleted) VALUES (6, 80006, 0);
INSERT INTO AlarmStatus (AlarmStatusID, AlarmStatusNameResID, IsDeleted) VALUES (7, 80007, 0);
INSERT INTO AlarmStatus (AlarmStatusID, AlarmStatusNameResID, IsDeleted) VALUES (8, 80008, 0);
INSERT INTO AlarmStatus (AlarmStatusID, AlarmStatusNameResID, IsDeleted) VALUES (9, 80009, 0);
GO

/****** Table: DefaultSystemSettings   ******/
SET IDENTITY_INSERT [DefaultSystemSettings] ON;
SET IDENTITY_INSERT [DefaultSystemSettings] OFF;
GO

/****** Table: DefaultUserSettings   ******/
SET IDENTITY_INSERT [DefaultUserSettings] ON;
INSERT INTO DefaultUserSettings (DefaultUserSettingID, Attribute, Value) VALUES (15, N'ClientOption.OSDFontNameOption', N'Tahoma');
INSERT INTO DefaultUserSettings (DefaultUserSettingID, Attribute, Value) VALUES (16, N'ClientOption.OSDFontSizeOption', N'9');
INSERT INTO DefaultUserSettings (DefaultUserSettingID, Attribute, Value) VALUES (17, N'ClientOption.OSDFontStyleOption', N'Regular');
INSERT INTO DefaultUserSettings (DefaultUserSettingID, Attribute, Value) VALUES (18, N'ClientOption.ShowFPSOption', N'False');
INSERT INTO DefaultUserSettings (DefaultUserSettingID, Attribute, Value) VALUES (19, N'ClientOption.ShowBPSOption', N'False');
INSERT INTO DefaultUserSettings (DefaultUserSettingID, Attribute, Value) VALUES (23, N'ClientOption.GDIModeOption', N'False');
INSERT INTO DefaultUserSettings (DefaultUserSettingID, Attribute, Value) VALUES (24, N'ClientOption.ShowCameraNameOption', N'True');
INSERT INTO DefaultUserSettings (DefaultUserSettingID, Attribute, Value) VALUES (25, N'ClientOption.ShowDateOption', N'True');
INSERT INTO DefaultUserSettings (DefaultUserSettingID, Attribute, Value) VALUES (26, N'ClientOption.ShowTimeOption', N'True');
INSERT INTO DefaultUserSettings (DefaultUserSettingID, Attribute, Value) VALUES (27, N'ClientOption.ShowResolutionOption', N'True');
INSERT INTO DefaultUserSettings (DefaultUserSettingID, Attribute, Value) VALUES (28, N'ClientOption.ShowRecordingModeOption', N'True');
INSERT INTO DefaultUserSettings (DefaultUserSettingID, Attribute, Value) VALUES (29, N'ClientOption.ShowDeviceCodeOption', N'False');
INSERT INTO DefaultUserSettings (DefaultUserSettingID, Attribute, Value) VALUES (30, N'ClientOption.ShowOSDOption', N'True');
INSERT INTO DefaultUserSettings (DefaultUserSettingID, Attribute, Value) VALUES (31, N'ClientOption.UserFontOption', N'True');
SET IDENTITY_INSERT [DefaultUserSettings] OFF;
GO

/****** Table: DeviceModels   ******/
INSERT INTO DeviceModels (DeviceModelID, DeviceTypeID, ManufacturerID, ModelName, IsDeleted) VALUES (207, 1, 28, N'HikVision IP Camera', 0);
INSERT INTO DeviceModels (DeviceModelID, DeviceTypeID, ManufacturerID, ModelName, IsDeleted) VALUES (208, 3, 28, N'HikVision Video Server', 0);
INSERT INTO DeviceModels (DeviceModelID, DeviceTypeID, ManufacturerID, ModelName, IsDeleted) VALUES (209, 1, 29, N'Sanyo HD2300', 0);
INSERT INTO DeviceModels (DeviceModelID, DeviceTypeID, ManufacturerID, ModelName, IsDeleted) VALUES (210, 1, 29, N'Sanyo HD2500', 0);
INSERT INTO DeviceModels (DeviceModelID, DeviceTypeID, ManufacturerID, ModelName, IsDeleted) VALUES (211, 1, 29, N'Sanyo HD3500', 0);
INSERT INTO DeviceModels (DeviceModelID, DeviceTypeID, ManufacturerID, ModelName, IsDeleted) VALUES (212, 1, 29, N'Sanyo HD4600', 0);
INSERT INTO DeviceModels (DeviceModelID, DeviceTypeID, ManufacturerID, ModelName, IsDeleted) VALUES (213, 1, 29, N'Sanyo HD5400', 0);
INSERT INTO DeviceModels (DeviceModelID, DeviceTypeID, ManufacturerID, ModelName, IsDeleted) VALUES (214, 1, 29, N'Sanyo HD5600', 0);
INSERT INTO DeviceModels (DeviceModelID, DeviceTypeID, ManufacturerID, ModelName, IsDeleted) VALUES (165, 1, 2, N'CLEBO-PM10S', 0);
INSERT INTO DeviceModels (DeviceModelID, DeviceTypeID, ManufacturerID, ModelName, IsDeleted) VALUES (166, 1, 2, N'CLEBO-PM10HT', 0);
INSERT INTO DeviceModels (DeviceModelID, DeviceTypeID, ManufacturerID, ModelName, IsDeleted) VALUES (92, 1, 2, N'CLEBO-ET', 0);
INSERT INTO DeviceModels (DeviceModelID, DeviceTypeID, ManufacturerID, ModelName, IsDeleted) VALUES (93, 1, 2, N'CLEBO-MTS', 0);
INSERT INTO DeviceModels (DeviceModelID, DeviceTypeID, ManufacturerID, ModelName, IsDeleted) VALUES (94, 1, 2, N'CLEBO-D', 1);
INSERT INTO DeviceModels (DeviceModelID, DeviceTypeID, ManufacturerID, ModelName, IsDeleted) VALUES (95, 1, 2, N'CLEBO-B', 1);
INSERT INTO DeviceModels (DeviceModelID, DeviceTypeID, ManufacturerID, ModelName, IsDeleted) VALUES (96, 3, 2, N'VS3201', 0);
INSERT INTO DeviceModels (DeviceModelID, DeviceTypeID, ManufacturerID, ModelName, IsDeleted) VALUES (1, 3, 2, N'VS3004', 0);
INSERT INTO DeviceModels (DeviceModelID, DeviceTypeID, ManufacturerID, ModelName, IsDeleted) VALUES (2, 1, 3, N'IK-WB01', 0);
INSERT INTO DeviceModels (DeviceModelID, DeviceTypeID, ManufacturerID, ModelName, IsDeleted) VALUES (3, 1, 6, N'SNC-RZ25', 0);
INSERT INTO DeviceModels (DeviceModelID, DeviceTypeID, ManufacturerID, ModelName, IsDeleted) VALUES (5, 1, 1, N'Generic Camera', 0);
INSERT INTO DeviceModels (DeviceModelID, DeviceTypeID, ManufacturerID, ModelName, IsDeleted) VALUES (6, 3, 2, N'VS3104', 0);
INSERT INTO DeviceModels (DeviceModelID, DeviceTypeID, ManufacturerID, ModelName, IsDeleted) VALUES (7, 3, 2, N'VS3001', 0);
INSERT INTO DeviceModels (DeviceModelID, DeviceTypeID, ManufacturerID, ModelName, IsDeleted) VALUES (8, 3, 8, N'TCS100', 0);
INSERT INTO DeviceModels (DeviceModelID, DeviceTypeID, ManufacturerID, ModelName, IsDeleted) VALUES (11, 3, 7, N'IB_1001DD', 0);
INSERT INTO DeviceModels (DeviceModelID, DeviceTypeID, ManufacturerID, ModelName, IsDeleted) VALUES (12, 1, 9, N'200/206', 0);
INSERT INTO DeviceModels (DeviceModelID, DeviceTypeID, ManufacturerID, ModelName, IsDeleted) VALUES (13, 1, 10, N'Techwin SNC-550', 0);
INSERT INTO DeviceModels (DeviceModelID, DeviceTypeID, ManufacturerID, ModelName, IsDeleted) VALUES (14, 9, 1, N'Generic Mic', 0);
INSERT INTO DeviceModels (DeviceModelID, DeviceTypeID, ManufacturerID, ModelName, IsDeleted) VALUES (15, 5, 1, N'Generic Sensor', 0);
INSERT INTO DeviceModels (DeviceModelID, DeviceTypeID, ManufacturerID, ModelName, IsDeleted) VALUES (16, 6, 1, N'Generic Relay', 0);
INSERT INTO DeviceModels (DeviceModelID, DeviceTypeID, ManufacturerID, ModelName, IsDeleted) VALUES (17, 1, 3, N'IK-WB11', 0);
INSERT INTO DeviceModels (DeviceModelID, DeviceTypeID, ManufacturerID, ModelName, IsDeleted) VALUES (18, 1, 3, N'IK-WB02', 0);
INSERT INTO DeviceModels (DeviceModelID, DeviceTypeID, ManufacturerID, ModelName, IsDeleted) VALUES (19, 1, 3, N'IK-WB21', 0);
INSERT INTO DeviceModels (DeviceModelID, DeviceTypeID, ManufacturerID, ModelName, IsDeleted) VALUES (20, 1, 3, N'IK-WR01', 0);
INSERT INTO DeviceModels (DeviceModelID, DeviceTypeID, ManufacturerID, ModelName, IsDeleted) VALUES (21, 1, 3, N'IK-WB15', 0);
INSERT INTO DeviceModels (DeviceModelID, DeviceTypeID, ManufacturerID, ModelName, IsDeleted) VALUES (110, 10, 1, N'Generic Speaker', 0);
INSERT INTO DeviceModels (DeviceModelID, DeviceTypeID, ManufacturerID, ModelName, IsDeleted) VALUES (25, 1, 2, N'CLEBO-MT', 0);
INSERT INTO DeviceModels (DeviceModelID, DeviceTypeID, ManufacturerID, ModelName, IsDeleted) VALUES (26, 1, 11, N'BB-HCM381', 0);
INSERT INTO DeviceModels (DeviceModelID, DeviceTypeID, ManufacturerID, ModelName, IsDeleted) VALUES (27, 1, 11, N'BB-HCM581', 0);
INSERT INTO DeviceModels (DeviceModelID, DeviceTypeID, ManufacturerID, ModelName, IsDeleted) VALUES (42, 1, 13, N'AXIS V2 Network Camera', 0);
INSERT INTO DeviceModels (DeviceModelID, DeviceTypeID, ManufacturerID, ModelName, IsDeleted) VALUES (43, 1, 13, N'AXIS V1 Network Camera', 0);
INSERT INTO DeviceModels (DeviceModelID, DeviceTypeID, ManufacturerID, ModelName, IsDeleted) VALUES (44, 3, 13, N'AXIS Video Server', 0);
INSERT INTO DeviceModels (DeviceModelID, DeviceTypeID, ManufacturerID, ModelName, IsDeleted) VALUES (46, 1, 14, N'DCS-900', 0);
INSERT INTO DeviceModels (DeviceModelID, DeviceTypeID, ManufacturerID, ModelName, IsDeleted) VALUES (47, 1, 14, N'DCS-2000', 0);
INSERT INTO DeviceModels (DeviceModelID, DeviceTypeID, ManufacturerID, ModelName, IsDeleted) VALUES (48, 1, 14, N'DCS-3220', 0);
INSERT INTO DeviceModels (DeviceModelID, DeviceTypeID, ManufacturerID, ModelName, IsDeleted) VALUES (50, 1, 14, N'DCS-5300', 0);
INSERT INTO DeviceModels (DeviceModelID, DeviceTypeID, ManufacturerID, ModelName, IsDeleted) VALUES (51, 1, 14, N'DCS-6620', 0);
INSERT INTO DeviceModels (DeviceModelID, DeviceTypeID, ManufacturerID, ModelName, IsDeleted) VALUES (56, 1, 15, N'LE175C', 0);
INSERT INTO DeviceModels (DeviceModelID, DeviceTypeID, ManufacturerID, ModelName, IsDeleted) VALUES (57, 1, 9, N'120/126', 0);
INSERT INTO DeviceModels (DeviceModelID, DeviceTypeID, ManufacturerID, ModelName, IsDeleted) VALUES (58, 1, 10, N'SCC-C6475', 0);
INSERT INTO DeviceModels (DeviceModelID, DeviceTypeID, ManufacturerID, ModelName, IsDeleted) VALUES (59, 1, 6, N'SNC-RZ30', 0);
INSERT INTO DeviceModels (DeviceModelID, DeviceTypeID, ManufacturerID, ModelName, IsDeleted) VALUES (60, 1, 6, N'SNC-P1', 0);
INSERT INTO DeviceModels (DeviceModelID, DeviceTypeID, ManufacturerID, ModelName, IsDeleted) VALUES (61, 1, 6, N'SNC-Z20N', 0);
INSERT INTO DeviceModels (DeviceModelID, DeviceTypeID, ManufacturerID, ModelName, IsDeleted) VALUES (62, 1, 6, N'SNC-CS3N', 0);
INSERT INTO DeviceModels (DeviceModelID, DeviceTypeID, ManufacturerID, ModelName, IsDeleted) VALUES (63, 1, 6, N'SNC-DF40N', 0);
INSERT INTO DeviceModels (DeviceModelID, DeviceTypeID, ManufacturerID, ModelName, IsDeleted) VALUES (64, 1, 16, N'Vivotek IP6122', 0);
INSERT INTO DeviceModels (DeviceModelID, DeviceTypeID, ManufacturerID, ModelName, IsDeleted) VALUES (65, 1, 16, N'Vivotek FD6112V', 0);
INSERT INTO DeviceModels (DeviceModelID, DeviceTypeID, ManufacturerID, ModelName, IsDeleted) VALUES (66, 1, 16, N'Vivotek PT7135', 0);
INSERT INTO DeviceModels (DeviceModelID, DeviceTypeID, ManufacturerID, ModelName, IsDeleted) VALUES (67, 3, 16, N'Vivotek VS3100P', 0);
INSERT INTO DeviceModels (DeviceModelID, DeviceTypeID, ManufacturerID, ModelName, IsDeleted) VALUES (68, 1, 17, N'BNT 200', 0);
INSERT INTO DeviceModels (DeviceModelID, DeviceTypeID, ManufacturerID, ModelName, IsDeleted) VALUES (69, 1, 17, N'BNT 100', 0);
INSERT INTO DeviceModels (DeviceModelID, DeviceTypeID, ManufacturerID, ModelName, IsDeleted) VALUES (89, 3, 12, N'AV Series', 0);
INSERT INTO DeviceModels (DeviceModelID, DeviceTypeID, ManufacturerID, ModelName, IsDeleted) VALUES (164, 3, 2, N'Network Relay Server', 0);
INSERT INTO DeviceModels (DeviceModelID, DeviceTypeID, ManufacturerID, ModelName, IsDeleted) VALUES (102, 4, 2, N'TRIUM P 3004', 0);
INSERT INTO DeviceModels (DeviceModelID, DeviceTypeID, ManufacturerID, ModelName, IsDeleted) VALUES (115, 3, 18, N'CamPilot ER900', 0);
INSERT INTO DeviceModels (DeviceModelID, DeviceTypeID, ManufacturerID, ModelName, IsDeleted) VALUES (129, 1, 6, N'SNC-RZ20', 0);
INSERT INTO DeviceModels (DeviceModelID, DeviceTypeID, ManufacturerID, ModelName, IsDeleted) VALUES (140, 1, 6, N'SNC-CM120', 0);
INSERT INTO DeviceModels (DeviceModelID, DeviceTypeID, ManufacturerID, ModelName, IsDeleted) VALUES (111, 3, 12, N'AV PANORAMIC SERIES', 0);
INSERT INTO DeviceModels (DeviceModelID, DeviceTypeID, ManufacturerID, ModelName, IsDeleted) VALUES (112, 3, 13, N'AXIS VideoServer 2400', 0);
INSERT INTO DeviceModels (DeviceModelID, DeviceTypeID, ManufacturerID, ModelName, IsDeleted) VALUES (113, 3, 2, N'VS3301', 0);
INSERT INTO DeviceModels (DeviceModelID, DeviceTypeID, ManufacturerID, ModelName, IsDeleted) VALUES (114, 3, 2, N'VS3304', 0);
INSERT INTO DeviceModels (DeviceModelID, DeviceTypeID, ManufacturerID, ModelName, IsDeleted) VALUES (116, 3, 19, N'HCD554IP/HCS554IP_v2', 0);
INSERT INTO DeviceModels (DeviceModelID, DeviceTypeID, ManufacturerID, ModelName, IsDeleted) VALUES (117, 3, 19, N'HD4DIP_v2', 0);
INSERT INTO DeviceModels (DeviceModelID, DeviceTypeID, ManufacturerID, ModelName, IsDeleted) VALUES (118, 3, 19, N'ACUIX_v2', 0);
INSERT INTO DeviceModels (DeviceModelID, DeviceTypeID, ManufacturerID, ModelName, IsDeleted) VALUES (119, 3, 19, N'HNVE1_v2', 0);
INSERT INTO DeviceModels (DeviceModelID, DeviceTypeID, ManufacturerID, ModelName, IsDeleted) VALUES (120, 3, 19, N'HD3MDIP/HD4MDIP', 0);
INSERT INTO DeviceModels (DeviceModelID, DeviceTypeID, ManufacturerID, ModelName, IsDeleted) VALUES (121, 1, 6, N'SNC-P5', 0);
INSERT INTO DeviceModels (DeviceModelID, DeviceTypeID, ManufacturerID, ModelName, IsDeleted) VALUES (122, 1, 6, N'SNC-DF70', 0);
INSERT INTO DeviceModels (DeviceModelID, DeviceTypeID, ManufacturerID, ModelName, IsDeleted) VALUES (123, 1, 6, N'SNC-CS10', 0);
INSERT INTO DeviceModels (DeviceModelID, DeviceTypeID, ManufacturerID, ModelName, IsDeleted) VALUES (124, 1, 6, N'SNC-CS11', 0);
INSERT INTO DeviceModels (DeviceModelID, DeviceTypeID, ManufacturerID, ModelName, IsDeleted) VALUES (125, 1, 6, N'SNC-RX550', 0);
INSERT INTO DeviceModels (DeviceModelID, DeviceTypeID, ManufacturerID, ModelName, IsDeleted) VALUES (126, 1, 6, N'SNC-CS50', 0);
INSERT INTO DeviceModels (DeviceModelID, DeviceTypeID, ManufacturerID, ModelName, IsDeleted) VALUES (127, 1, 6, N'SNC-RZ50', 0);
INSERT INTO DeviceModels (DeviceModelID, DeviceTypeID, ManufacturerID, ModelName, IsDeleted) VALUES (128, 1, 6, N'SNT-704', 0);
INSERT INTO DeviceModels (DeviceModelID, DeviceTypeID, ManufacturerID, ModelName, IsDeleted) VALUES (130, 1, 6, N'SNC-DM160', 0);
INSERT INTO DeviceModels (DeviceModelID, DeviceTypeID, ManufacturerID, ModelName, IsDeleted) VALUES (131, 1, 6, N'SNC-CS20', 0);
INSERT INTO DeviceModels (DeviceModelID, DeviceTypeID, ManufacturerID, ModelName, IsDeleted) VALUES (132, 1, 6, N'SNC-DF50', 0);
INSERT INTO DeviceModels (DeviceModelID, DeviceTypeID, ManufacturerID, ModelName, IsDeleted) VALUES (133, 1, 6, N'SNC-DF80', 0);
INSERT INTO DeviceModels (DeviceModelID, DeviceTypeID, ManufacturerID, ModelName, IsDeleted) VALUES (134, 1, 6, N'SNC-DF85', 0);
INSERT INTO DeviceModels (DeviceModelID, DeviceTypeID, ManufacturerID, ModelName, IsDeleted) VALUES (135, 1, 6, N'SNC-RX530', 0);
INSERT INTO DeviceModels (DeviceModelID, DeviceTypeID, ManufacturerID, ModelName, IsDeleted) VALUES (136, 1, 6, N'SNC-RX570', 0);
INSERT INTO DeviceModels (DeviceModelID, DeviceTypeID, ManufacturerID, ModelName, IsDeleted) VALUES (137, 1, 6, N'SNC-DS10', 0);
INSERT INTO DeviceModels (DeviceModelID, DeviceTypeID, ManufacturerID, ModelName, IsDeleted) VALUES (138, 1, 6, N'SNC-DS60', 0);
INSERT INTO DeviceModels (DeviceModelID, DeviceTypeID, ManufacturerID, ModelName, IsDeleted) VALUES (139, 1, 6, N'SNC-DM110', 0);
INSERT INTO DeviceModels (DeviceModelID, DeviceTypeID, ManufacturerID, ModelName, IsDeleted) VALUES (141, 11, 2, N'AVR', 0);
INSERT INTO DeviceModels (DeviceModelID, DeviceTypeID, ManufacturerID, ModelName, IsDeleted) VALUES (142, 12, 1, N'Tracking Group', 0);
INSERT INTO DeviceModels (DeviceModelID, DeviceTypeID, ManufacturerID, ModelName, IsDeleted) VALUES (167, 4, 2, N'T 5004 V2', 0);
INSERT INTO DeviceModels (DeviceModelID, DeviceTypeID, ManufacturerID, ModelName, IsDeleted) VALUES (168, 4, 2, N'T 5008 V2', 0);
INSERT INTO DeviceModels (DeviceModelID, DeviceTypeID, ManufacturerID, ModelName, IsDeleted) VALUES (169, 4, 2, N'T 5016 V2', 0);
INSERT INTO DeviceModels (DeviceModelID, DeviceTypeID, ManufacturerID, ModelName, IsDeleted) VALUES (170, 4, 2, N'T 7016 V2', 0);
INSERT INTO DeviceModels (DeviceModelID, DeviceTypeID, ManufacturerID, ModelName, IsDeleted) VALUES (171, 4, 2, N'H 5004 V2', 0);
INSERT INTO DeviceModels (DeviceModelID, DeviceTypeID, ManufacturerID, ModelName, IsDeleted) VALUES (172, 4, 2, N'H 5008 V2', 0);
INSERT INTO DeviceModels (DeviceModelID, DeviceTypeID, ManufacturerID, ModelName, IsDeleted) VALUES (173, 4, 2, N'H 5016 V2', 0);
INSERT INTO DeviceModels (DeviceModelID, DeviceTypeID, ManufacturerID, ModelName, IsDeleted) VALUES (174, 4, 2, N'SH 3004KR', 0);
INSERT INTO DeviceModels (DeviceModelID, DeviceTypeID, ManufacturerID, ModelName, IsDeleted) VALUES (175, 4, 2, N'SH 5008', 0);
INSERT INTO DeviceModels (DeviceModelID, DeviceTypeID, ManufacturerID, ModelName, IsDeleted) VALUES (176, 4, 2, N'SH 5016', 0);
INSERT INTO DeviceModels (DeviceModelID, DeviceTypeID, ManufacturerID, ModelName, IsDeleted) VALUES (177, 3, 20, N'ZN-S1000VE', 0);
INSERT INTO DeviceModels (DeviceModelID, DeviceTypeID, ManufacturerID, ModelName, IsDeleted) VALUES (178, 3, 20, N'ZN-D100VPE', 0);
INSERT INTO DeviceModels (DeviceModelID, DeviceTypeID, ManufacturerID, ModelName, IsDeleted) VALUES (179, 3, 20, N'ZN-CS Megapixel series', 0);
INSERT INTO DeviceModels (DeviceModelID, DeviceTypeID, ManufacturerID, ModelName, IsDeleted) VALUES (180, 3, 20, N'ZN-D350 series', 0);
INSERT INTO DeviceModels (DeviceModelID, DeviceTypeID, ManufacturerID, ModelName, IsDeleted) VALUES (181, 3, 20, N'VSII H.264 PTZ Camera', 0);
INSERT INTO DeviceModels (DeviceModelID, DeviceTypeID, ManufacturerID, ModelName, IsDeleted) VALUES (182, 1, 13, N'AXIS V3 Network Camera', 0);
INSERT INTO DeviceModels (DeviceModelID, DeviceTypeID, ManufacturerID, ModelName, IsDeleted) VALUES (183, 4, 2, N'PC-DVR', 0);
INSERT INTO DeviceModels (DeviceModelID, DeviceTypeID, ManufacturerID, ModelName, IsDeleted) VALUES (184, 3, 8, N'TCS-200', 0);
INSERT INTO DeviceModels (DeviceModelID, DeviceTypeID, ManufacturerID, ModelName, IsDeleted) VALUES (185, 1, 2, N'CLEBO-PM20S', 0);
INSERT INTO DeviceModels (DeviceModelID, DeviceTypeID, ManufacturerID, ModelName, IsDeleted) VALUES (186, 1, 2, N'CLEBO-MTV2', 0);
INSERT INTO DeviceModels (DeviceModelID, DeviceTypeID, ManufacturerID, ModelName, IsDeleted) VALUES (187, 4, 2, N'Trium-SH7000/9000 Series', 0);
INSERT INTO DeviceModels (DeviceModelID, DeviceTypeID, ManufacturerID, ModelName, IsDeleted) VALUES (188, 1, 11, N'WV-NP472', 0);
INSERT INTO DeviceModels (DeviceModelID, DeviceTypeID, ManufacturerID, ModelName, IsDeleted) VALUES (189, 1, 11, N'WV-NM100', 0);
INSERT INTO DeviceModels (DeviceModelID, DeviceTypeID, ManufacturerID, ModelName, IsDeleted) VALUES (190, 1, 11, N'WV-NS202AE', 0);
INSERT INTO DeviceModels (DeviceModelID, DeviceTypeID, ManufacturerID, ModelName, IsDeleted) VALUES (191, 3, 11, N'Panasonic i-Pro', 0);
INSERT INTO DeviceModels (DeviceModelID, DeviceTypeID, ManufacturerID, ModelName, IsDeleted) VALUES (192, 3, 21, N'network DynaHawk 210', 0);
INSERT INTO DeviceModels (DeviceModelID, DeviceTypeID, ManufacturerID, ModelName, IsDeleted) VALUES (193, 3, 21, N'NH-221', 0);
INSERT INTO DeviceModels (DeviceModelID, DeviceTypeID, ManufacturerID, ModelName, IsDeleted) VALUES (194, 3, 21, N'V2', 0);
INSERT INTO DeviceModels (DeviceModelID, DeviceTypeID, ManufacturerID, ModelName, IsDeleted) VALUES (195, 3, 21, N'Encoder', 0);
INSERT INTO DeviceModels (DeviceModelID, DeviceTypeID, ManufacturerID, ModelName, IsDeleted) VALUES (196, 3, 21, N'DH811-S6', 0);
INSERT INTO DeviceModels (DeviceModelID, DeviceTypeID, ManufacturerID, ModelName, IsDeleted) VALUES (197, 3, 21, N'V1-Indoor', 0);
INSERT INTO DeviceModels (DeviceModelID, DeviceTypeID, ManufacturerID, ModelName, IsDeleted) VALUES (198, 3, 21, N'V1-Rugged', 0);
INSERT INTO DeviceModels (DeviceModelID, DeviceTypeID, ManufacturerID, ModelName, IsDeleted) VALUES (199, 2, 22, N'Yujin PTZ Protocal', 0);
INSERT INTO DeviceModels (DeviceModelID, DeviceTypeID, ManufacturerID, ModelName, IsDeleted) VALUES (200, 3, 18, N'CamPilot MR900', 0);
INSERT INTO DeviceModels (DeviceModelID, DeviceTypeID, ManufacturerID, ModelName, IsDeleted) VALUES (201, 3, 18, N'CamPilot MR904', 0);
INSERT INTO DeviceModels (DeviceModelID, DeviceTypeID, ManufacturerID, ModelName, IsDeleted) VALUES (202, 13, 23, N'NineInfo DigitalBoard', 0);
INSERT INTO DeviceModels (DeviceModelID, DeviceTypeID, ManufacturerID, ModelName, IsDeleted) VALUES (203, 13, 24, N'Adtronic DigitalBoard', 0);
INSERT INTO DeviceModels (DeviceModelID, DeviceTypeID, ManufacturerID, ModelName, IsDeleted) VALUES (204, 13, 25, N'KSI DigitalBoard', 0);
INSERT INTO DeviceModels (DeviceModelID, DeviceTypeID, ManufacturerID, ModelName, IsDeleted) VALUES (205, 13, 26, N'Pana LED DigitalBoard', 0);
INSERT INTO DeviceModels (DeviceModelID, DeviceTypeID, ManufacturerID, ModelName, IsDeleted) VALUES (206, 13, 27, N'Hanildisplay DigitalBoard', 0);
INSERT INTO DeviceModels (DeviceModelID, DeviceTypeID, ManufacturerID, ModelName, IsDeleted) VALUES (215, 3, 8, N'TCS-300', 0);
INSERT INTO DeviceModels (DeviceModelID, DeviceTypeID, ManufacturerID, ModelName, IsDeleted) VALUES (216, 3, 8, N'TCS-400', 0);
INSERT INTO DeviceModels (DeviceModelID, DeviceTypeID, ManufacturerID, ModelName, IsDeleted) VALUES (217, 1, 8, N'TCAM-540', 0);
INSERT INTO DeviceModels (DeviceModelID, DeviceTypeID, ManufacturerID, ModelName, IsDeleted) VALUES (218, 1, 8, N'TCAM-570', 0);
INSERT INTO DeviceModels (DeviceModelID, DeviceTypeID, ManufacturerID, ModelName, IsDeleted) VALUES (219, 1, 30, N'ONVIF', 0);
INSERT INTO DeviceModels (DeviceModelID, DeviceTypeID, ManufacturerID, ModelName, IsDeleted) VALUES (220, 1, 6, N'Sony SDK v5.x', 0);
INSERT INTO DeviceModels (DeviceModelID, DeviceTypeID, ManufacturerID, ModelName, IsDeleted) VALUES (221, 1, 31, N'YOUNGKOOK DOME CAMERA', 0);
INSERT INTO DeviceModels (DeviceModelID, DeviceTypeID, ManufacturerID, ModelName, IsDeleted) VALUES (222, 3, 31, N'YOUNGKOOK FIXED CAMERA', 0);
INSERT INTO DeviceModels (DeviceModelID, DeviceTypeID, ManufacturerID, ModelName, IsDeleted) VALUES (223, 1, 2, N'CLEBO-MD', 0);
INSERT INTO DeviceModels (DeviceModelID, DeviceTypeID, ManufacturerID, ModelName, IsDeleted) VALUES (224, 1, 2, N'CLEBO', 0);
INSERT INTO DeviceModels (DeviceModelID, DeviceTypeID, ManufacturerID, ModelName, IsDeleted) VALUES (225, 4, 32, N'SG1500', 0);
INSERT INTO DeviceModels (DeviceModelID, DeviceTypeID, ManufacturerID, ModelName, IsDeleted) VALUES (226, 4, 32, N'SG4000S', 0);
INSERT INTO DeviceModels (DeviceModelID, DeviceTypeID, ManufacturerID, ModelName, IsDeleted) VALUES (227, 4, 32, N'SG4100', 0);
INSERT INTO DeviceModels (DeviceModelID, DeviceTypeID, ManufacturerID, ModelName, IsDeleted) VALUES (228, 4, 32, N'SG4500', 0);
INSERT INTO DeviceModels (DeviceModelID, DeviceTypeID, ManufacturerID, ModelName, IsDeleted) VALUES (229, 4, 32, N'SG4600', 0);
INSERT INTO DeviceModels (DeviceModelID, DeviceTypeID, ManufacturerID, ModelName, IsDeleted) VALUES (230, 4, 32, N'PSD-2404', 0);
INSERT INTO DeviceModels (DeviceModelID, DeviceTypeID, ManufacturerID, ModelName, IsDeleted) VALUES (231, 4, 32, N'PSD-2408', 0);
INSERT INTO DeviceModels (DeviceModelID, DeviceTypeID, ManufacturerID, ModelName, IsDeleted) VALUES (232, 4, 32, N'PSD-2416', 0);
INSERT INTO DeviceModels (DeviceModelID, DeviceTypeID, ManufacturerID, ModelName, IsDeleted) VALUES (233, 4, 37, N'NS6004', 0);
INSERT INTO DeviceModels (DeviceModelID, DeviceTypeID, ManufacturerID, ModelName, IsDeleted) VALUES (234, 4, 37, N'NS6008', 0);
INSERT INTO DeviceModels (DeviceModelID, DeviceTypeID, ManufacturerID, ModelName, IsDeleted) VALUES (235, 4, 37, N'NS6016', 0);
INSERT INTO DeviceModels (DeviceModelID, DeviceTypeID, ManufacturerID, ModelName, IsDeleted) VALUES (236, 1, 10, N'Samsung RTSP V2', 0);
INSERT INTO DeviceModels (DeviceModelID, DeviceTypeID, ManufacturerID, ModelName, IsDeleted) VALUES (237, 1, 10, N'Samsung RTSP V1', 0);
INSERT INTO DeviceModels (DeviceModelID, DeviceTypeID, ManufacturerID, ModelName, IsDeleted) VALUES (238, 1, 8, N'TRUEN RTSP V2', 0);
INSERT INTO DeviceModels (DeviceModelID, DeviceTypeID, ManufacturerID, ModelName, IsDeleted) VALUES (239, 1, 33, N'UDP RTSP V1', 0);
INSERT INTO DeviceModels (DeviceModelID, DeviceTypeID, ManufacturerID, ModelName, IsDeleted) VALUES (240, 1, 13, N'AXIS RTSP V3', 0);
INSERT INTO DeviceModels (DeviceModelID, DeviceTypeID, ManufacturerID, ModelName, IsDeleted) VALUES (241, 1, 13, N'AXIS RTSP V2', 0);
INSERT INTO DeviceModels (DeviceModelID, DeviceTypeID, ManufacturerID, ModelName, IsDeleted) VALUES (242, 1, 34, N'LW9424', 0);
INSERT INTO DeviceModels (DeviceModelID, DeviceTypeID, ManufacturerID, ModelName, IsDeleted) VALUES (243, 3, 35, N'IDIS RTSP V1', 0);
INSERT INTO DeviceModels (DeviceModelID, DeviceTypeID, ManufacturerID, ModelName, IsDeleted) VALUES (244, 3, 8, N'TRUEN RTSP V1(1CH)', 0);
INSERT INTO DeviceModels (DeviceModelID, DeviceTypeID, ManufacturerID, ModelName, IsDeleted) VALUES (245, 4, 2, N'Legacy series', 0);
INSERT INTO DeviceModels (DeviceModelID, DeviceTypeID, ManufacturerID, ModelName, IsDeleted) VALUES (246, 1, 36, N'Vision Hitech RTSP V1', 0);
INSERT INTO DeviceModels (DeviceModelID, DeviceTypeID, ManufacturerID, ModelName, IsDeleted) VALUES (247, 3, 38, N'IPMS NetClient', 0);
INSERT INTO DeviceModels (DeviceModelID, DeviceTypeID, ManufacturerID, ModelName, IsDeleted) VALUES (248, 1, 39, N'BOSCH RTSP V1', 0); 
INSERT INTO DeviceModels (DeviceModelID, DeviceTypeID, ManufacturerID, ModelName, IsDeleted) VALUES (249, 1, 6, N'Sony RTSP V1', 0);
INSERT INTO DeviceModels (DeviceModelID, DeviceTypeID, ManufacturerID, ModelName, IsDeleted) VALUES (250, 1, 40, N'MMPC RTSP V1', 0);
INSERT INTO DeviceModels (DeviceModelID, DeviceTypeID, ManufacturerID, ModelName, IsDeleted) VALUES (251, 1, 41, N'K-COP RTSP V1', 0);
INSERT INTO DeviceModels (DeviceModelID, DeviceTypeID, ManufacturerID, ModelName, IsDeleted) VALUES (252, 1, 34, N'LNP3020T', 0);
INSERT INTO DeviceModels (DeviceModelID, DeviceTypeID, ManufacturerID, ModelName, IsDeleted) VALUES (253, 1, 42, N'TBT RTSP V1', 0);
INSERT INTO DeviceModels (DeviceModelID, DeviceTypeID, ManufacturerID, ModelName, IsDeleted) VALUES (254, 1, 12, N'AV RTSP V1', 0);
INSERT INTO DeviceModels (DeviceModelID, DeviceTypeID, ManufacturerID, ModelName, IsDeleted) VALUES (255, 1, 44, N'DAHUA RTSP V1', 0);
INSERT INTO DeviceModels (DeviceModelID, DeviceTypeID, ManufacturerID, ModelName, IsDeleted) VALUES (256, 1, 45, N'Platform DM6441',0);
INSERT INTO DeviceModels (DeviceModelID, DeviceTypeID, ManufacturerID, ModelName, IsDeleted) VALUES (257, 1, 45, N'Platform DM355',0);
INSERT INTO DeviceModels (DeviceModelID, DeviceTypeID, ManufacturerID, ModelName, IsDeleted) VALUES (258, 1, 45, N'Platform AMBA288',0);
INSERT INTO DeviceModels (DeviceModelID, DeviceTypeID, ManufacturerID, ModelName, IsDeleted) VALUES (259, 1, 46, N'SNP3300A', 0);
INSERT INTO DeviceModels (DeviceModelID, DeviceTypeID, ManufacturerID, ModelName, IsDeleted) VALUES (260, 1, 46, N'SND-560', 0);
INSERT INTO DeviceModels (DeviceModelID, DeviceTypeID, ManufacturerID, ModelName, IsDeleted) VALUES (261, 1, 46, N'SNP-3350', 0);
INSERT INTO DeviceModels (DeviceModelID, DeviceTypeID, ManufacturerID, ModelName, IsDeleted) VALUES (262, 3, 47, N'IONode E-100(PelcoD)', 0);
INSERT INTO DeviceModels (DeviceModelID, DeviceTypeID, ManufacturerID, ModelName, IsDeleted) VALUES (263, 3, 47, N'IONode E-100(SamsungT)', 0);
INSERT INTO DeviceModels (DeviceModelID, DeviceTypeID, ManufacturerID, ModelName, IsDeleted) VALUES (264, 3, 33, N'IPE-3100M', 0);
INSERT INTO DeviceModels (DeviceModelID, DeviceTypeID, ManufacturerID, ModelName, IsDeleted) VALUES (265, 3, 33, N'IPE-1100M', 0);
INSERT INTO DeviceModels (DeviceModelID, DeviceTypeID, ManufacturerID, ModelName, IsDeleted) VALUES (266, 3, 33, N'IPN1202HD/IPN2102HD', 0);
INSERT INTO DeviceModels (DeviceModelID, DeviceTypeID, ManufacturerID, ModelName, IsDeleted) VALUES (267, 3, 33, N'IPN3502HD/IPN3102HD', 0);
INSERT INTO DeviceModels (DeviceModelID, DeviceTypeID, ManufacturerID, ModelName, IsDeleted) VALUES (268, 3, 33, N'IPN100HD', 0);
INSERT INTO DeviceModels (DeviceModelID, DeviceTypeID, ManufacturerID, ModelName, IsDeleted) VALUES (269, 3, 33, N'IPN6602HD', 0);
INSERT INTO DeviceModels (DeviceModelID, DeviceTypeID, ManufacturerID, ModelName, IsDeleted) VALUES (270, 3, 33, N'IPX3302HD', 0);
INSERT INTO DeviceModels (DeviceModelID, DeviceTypeID, ManufacturerID, ModelName, IsDeleted) VALUES (271, 3, 33, N'IPX3702HD', 0);
INSERT INTO DeviceModels (DeviceModelID, DeviceTypeID, ManufacturerID, ModelName, IsDeleted) VALUES (272, 3, 8, N'TRUEN RTSP V1(4CH)', 0);
INSERT INTO DeviceModels (DeviceModelID, DeviceTypeID, ManufacturerID, ModelName, IsDeleted) VALUES (273, 1, 48, N'INX RTSP V1', 0);
INSERT INTO DeviceModels (DeviceModelID, DeviceTypeID, ManufacturerID, ModelName, IsDeleted) VALUES (274, 1, 11, N'Panasonic RTSP V1', 0);
INSERT INTO DeviceModels (DeviceModelID, DeviceTypeID, ManufacturerID, ModelName, IsDeleted) VALUES (275, 1, 49, N'Probe Digital IP Camera', 0);
INSERT INTO DeviceModels (DeviceModelID, DeviceTypeID, ManufacturerID, ModelName, IsDeleted) VALUES (276, 1, 50, N'Huvrion RTSP V1', 0);
INSERT INTO DeviceModels (DeviceModelID, DeviceTypeID, ManufacturerID, ModelName, IsDeleted) VALUES (277, 1, 50, N'SK-N590', 0);
INSERT INTO DeviceModels (DeviceModelID, DeviceTypeID, ManufacturerID, ModelName, IsDeleted) VALUES (278, 1, 51, N'COBHAM RTSP V1', 0);
INSERT INTO DeviceModels (DeviceModelID, DeviceTypeID, ManufacturerID, ModelName, IsDeleted) VALUES (279, 1, 33, N'UDP RTSP V2', 0);
INSERT INTO DeviceModels (DeviceModelID, DeviceTypeID, ManufacturerID, ModelName, IsDeleted) VALUES (280, 1, 52, N'RTSP Model V1', 0);
INSERT INTO DeviceModels (DeviceModelID, DeviceTypeID, ManufacturerID, ModelName, IsDeleted) VALUES (281, 1, 53, N'DOOWON RTSP V1', 0);
INSERT INTO DeviceModels (DeviceModelID, DeviceTypeID, ManufacturerID, ModelName, IsDeleted) VALUES (282, 3, 54, N'PWT301', 0);
INSERT INTO DeviceModels (DeviceModelID, DeviceTypeID, ManufacturerID, ModelName, IsDeleted) VALUES (283, 14, 55, N'Mobile RTSP V1', 0);
INSERT INTO DeviceModels (DeviceModelID, DeviceTypeID, ManufacturerID, ModelName, IsDeleted) VALUES (284, 1, 13, N'AXIS RTSP V1', 0);
INSERT INTO DeviceModels (DeviceModelID, DeviceTypeID, ManufacturerID, ModelName, IsDeleted) VALUES (285, 1, 56, N'HiTRON RTSP V1', 0);
INSERT INTO DeviceModels (DeviceModelID, DeviceTypeID, ManufacturerID, ModelName, IsDeleted) VALUES (286, 4, 2, N'AHD-0412', 0);
INSERT INTO DeviceModels (DeviceModelID, DeviceTypeID, ManufacturerID, ModelName, IsDeleted) VALUES (287, 4, 2, N'AHD-0824', 0);
INSERT INTO DeviceModels (DeviceModelID, DeviceTypeID, ManufacturerID, ModelName, IsDeleted) VALUES (288, 4, 2, N'AHD-1648EA', 0);
INSERT INTO DeviceModels (DeviceModelID, DeviceTypeID, ManufacturerID, ModelName, IsDeleted) VALUES (289, 3, 18, N'CamPilot ER900', 0);
INSERT INTO DeviceModels (DeviceModelID, DeviceTypeID, ManufacturerID, ModelName, IsDeleted) VALUES (290, 4, 2, N'AD-04', 0);
INSERT INTO DeviceModels (DeviceModelID, DeviceTypeID, ManufacturerID, ModelName, IsDeleted) VALUES (291, 4, 2, N'AD-04E', 0);
INSERT INTO DeviceModels (DeviceModelID, DeviceTypeID, ManufacturerID, ModelName, IsDeleted) VALUES (292, 4, 2, N'AD-08', 0);
INSERT INTO DeviceModels (DeviceModelID, DeviceTypeID, ManufacturerID, ModelName, IsDeleted) VALUES (293, 4, 2, N'AD-08P', 0);
INSERT INTO DeviceModels (DeviceModelID, DeviceTypeID, ManufacturerID, ModelName, IsDeleted) VALUES (294, 4, 2, N'AD-16P', 0);
INSERT INTO DeviceModels (DeviceModelID, DeviceTypeID, ManufacturerID, ModelName, IsDeleted) VALUES (295, 4, 32, N'SG-4100Plus', 0);
INSERT INTO DeviceModels (DeviceModelID, DeviceTypeID, ManufacturerID, ModelName, IsDeleted) VALUES (296, 4, 32, N'SG-4000Plus', 0);
INSERT INTO DeviceModels (DeviceModelID, DeviceTypeID, ManufacturerID, ModelName, IsDeleted) VALUES (297, 4, 57, N'DW-VA04', 0);
INSERT INTO DeviceModels (DeviceModelID, DeviceTypeID, ManufacturerID, ModelName, IsDeleted) VALUES (298, 4, 57, N'DW-VA08', 0);
INSERT INTO DeviceModels (DeviceModelID, DeviceTypeID, ManufacturerID, ModelName, IsDeleted) VALUES (299, 4, 57, N'DW-VA16', 0);
INSERT INTO DeviceModels (DeviceModelID, DeviceTypeID, ManufacturerID, ModelName, IsDeleted) VALUES (300, 4, 57, N'DW-VAC04', 0);
INSERT INTO DeviceModels (DeviceModelID, DeviceTypeID, ManufacturerID, ModelName, IsDeleted) VALUES (301, 4, 57, N'DW-VAC08', 0);
INSERT INTO DeviceModels (DeviceModelID, DeviceTypeID, ManufacturerID, ModelName, IsDeleted) VALUES (302, 4, 57, N'DW-VAC16', 0);
INSERT INTO DeviceModels (DeviceModelID, DeviceTypeID, ManufacturerID, ModelName, IsDeleted) VALUES (303, 4, 32, N'SG4100Plus', 0);
INSERT INTO DeviceModels (DeviceModelID, DeviceTypeID, ManufacturerID, ModelName, IsDeleted) VALUES (304, 13, 58, N'Bogotek DigitalBoard', 0);
INSERT INTO DeviceModels (DeviceModelID, DeviceTypeID, ManufacturerID, ModelName, IsDeleted) VALUES (305, 1, 31, N'YSD-PN130MH', 0);
INSERT INTO DeviceModels (DeviceModelID, DeviceTypeID, ManufacturerID, ModelName, IsDeleted) VALUES (306, 1, 13, N'AXIS RTSP V3(1080Fix)', 0);
INSERT INTO DeviceModels (DeviceModelID, DeviceTypeID, ManufacturerID, ModelName, IsDeleted) VALUES (307, 1, 13, N'AXIS RTSP V3(720Fix)', 0);
INSERT INTO DeviceModels (DeviceModelID, DeviceTypeID, ManufacturerID, ModelName, IsDeleted) VALUES (308, 1, 13, N'AXIS RTSP V3(450Fix)', 0);
INSERT INTO DeviceModels (DeviceModelID, DeviceTypeID, ManufacturerID, ModelName, IsDeleted) VALUES (309, 1, 13, N'AXIS RTSP V3(360-480VCA)', 0);
INSERT INTO DeviceModels (DeviceModelID, DeviceTypeID, ManufacturerID, ModelName, IsDeleted) VALUES (310, 1, 59, N'STH775', 0);
INSERT INTO DeviceModels (DeviceModelID, DeviceTypeID, ManufacturerID, ModelName, IsDeleted) VALUES (311, 4, 2, N'NDX09', 0);
INSERT INTO DeviceModels (DeviceModelID, DeviceTypeID, ManufacturerID, ModelName, IsDeleted) VALUES (312, 4, 2, N'NDX16', 0);
INSERT INTO DeviceModels (DeviceModelID, DeviceTypeID, ManufacturerID, ModelName, IsDeleted) VALUES (313, 1, 35, N'IDIS RTSP', 0);
INSERT INTO DeviceModels (DeviceModelID, DeviceTypeID, ManufacturerID, ModelName, IsDeleted) VALUES (314, 1, 2, N'STH775', 0);
INSERT INTO DeviceModels (DeviceModelID, DeviceTypeID, ManufacturerID, ModelName, IsDeleted) VALUES (315, 1, 60, N'STH775', 0);
INSERT INTO DeviceModels (DeviceModelID, DeviceTypeID, ManufacturerID, ModelName, IsDeleted) VALUES (316, 1, 10, N'Samsung RTSP V3', 0);
INSERT INTO DeviceModels (DeviceModelID, DeviceTypeID, ManufacturerID, ModelName, IsDeleted) VALUES (317, 1, 13, N'AXIS RTSP V3(UDP)', 0);
INSERT INTO DeviceModels (DeviceModelID, DeviceTypeID, ManufacturerID, ModelName, IsDeleted) VALUES (318, 1, 13, N'AXIS RTSP V3(8MP)', 0);
INSERT INTO DeviceModels (DeviceModelID, DeviceTypeID, ManufacturerID, ModelName, IsDeleted) VALUES (319, 1, 61, N'NS-MB ONVIF', 0);
INSERT INTO DeviceModels (DeviceModelID, DeviceTypeID, ManufacturerID, ModelName, IsDeleted) VALUES (320, 1, 13, N'AXIS Multicast V3', 0);
INSERT INTO DeviceModels (DeviceModelID, DeviceTypeID, ManufacturerID, ModelName, IsDeleted) VALUES (321, 1, 61, N'DAHUA RTSP V2', 0);
INSERT INTO DeviceModels (DeviceModelID, DeviceTypeID, ManufacturerID, ModelName, IsDeleted) VALUES (322, 1, 62, N'Sunell RTSP V1(Bullet)', 0);
INSERT INTO DeviceModels (DeviceModelID, DeviceTypeID, ManufacturerID, ModelName, IsDeleted) VALUES (323, 4, 63, N'Avigilon NVR', 0);
GO

/****** Table: DeviceTypes   ******/
INSERT INTO DeviceTypes (DeviceTypeID, DescriptionResID, SortOrder, IsDeleted) VALUES (1, 2001, 1, 0);
INSERT INTO DeviceTypes (DeviceTypeID, DescriptionResID, SortOrder, IsDeleted) VALUES (2, 2002, 2, 0);
INSERT INTO DeviceTypes (DeviceTypeID, DescriptionResID, SortOrder, IsDeleted) VALUES (3, 2003, 5, 0);
INSERT INTO DeviceTypes (DeviceTypeID, DescriptionResID, SortOrder, IsDeleted) VALUES (4, 2004, 6, 0);
INSERT INTO DeviceTypes (DeviceTypeID, DescriptionResID, SortOrder, IsDeleted) VALUES (5, 2005, 8, 0);
INSERT INTO DeviceTypes (DeviceTypeID, DescriptionResID, SortOrder, IsDeleted) VALUES (6, 2006, 7, 0);
INSERT INTO DeviceTypes (DeviceTypeID, DescriptionResID, SortOrder, IsDeleted) VALUES (7, 2007, 3, 0);
INSERT INTO DeviceTypes (DeviceTypeID, DescriptionResID, SortOrder, IsDeleted) VALUES (8, 2008, 4, 0);
INSERT INTO DeviceTypes (DeviceTypeID, DescriptionResID, SortOrder, IsDeleted) VALUES (9, 2009, 9, 0);
INSERT INTO DeviceTypes (DeviceTypeID, DescriptionResID, SortOrder, IsDeleted) VALUES (10, 2010, 10, 0);
INSERT INTO DeviceTypes (DeviceTypeID, DescriptionResID, SortOrder, IsDeleted) VALUES (11, 2011, 11, 0);
INSERT INTO DeviceTypes (DeviceTypeID, DescriptionResID, SortOrder, IsDeleted) VALUES (12, 2012, 12, 0);
INSERT INTO DeviceTypes (DeviceTypeID, DescriptionResID, SortOrder, IsDeleted) VALUES (13, 2013, 13, 0);
INSERT INTO DeviceTypes (DeviceTypeID, DescriptionResID, SortOrder, IsDeleted) VALUES (14, 2014, 14, 0);
GO

/****** Table: EventActionRelations   ******/
SET IDENTITY_INSERT [EventActionRelations] ON;
SET IDENTITY_INSERT [EventActionRelations] OFF;
GO

/****** Table: EventGroups   ******/
INSERT INTO EventGroups (EventGroupID, EventGroupNameResID, IsDeleted) VALUES (1, 1101, 0);
INSERT INTO EventGroups (EventGroupID, EventGroupNameResID, IsDeleted) VALUES (2, 1102, 0);
INSERT INTO EventGroups (EventGroupID, EventGroupNameResID, IsDeleted) VALUES (3, 1103, 0);
INSERT INTO EventGroups (EventGroupID, EventGroupNameResID, IsDeleted) VALUES (4, 1104, 0);
INSERT INTO EventGroups (EventGroupID, EventGroupNameResID, IsDeleted) VALUES (5, 1105, 0);
INSERT INTO EventGroups (EventGroupID, EventGroupNameResID, IsDeleted) VALUES (6, 1106, 0);
INSERT INTO EventGroups (EventGroupID, EventGroupNameResID, IsDeleted) VALUES (7, 1107, 0);
INSERT INTO EventGroups (EventGroupID, EventGroupNameResID, IsDeleted) VALUES (8, 1108, 0);
INSERT INTO EventGroups (EventGroupID, EventGroupNameResID, IsDeleted) VALUES (9, 1109, 0);
INSERT INTO EventGroups (EventGroupID, EventGroupNameResID, IsDeleted) VALUES (10, 1110, 0);
INSERT INTO EventGroups (EventGroupID, EventGroupNameResID, IsDeleted) VALUES (11, 1111, 0);
INSERT INTO EventGroups (EventGroupID, EventGroupNameResID, IsDeleted) VALUES (12, 1112, 0);
INSERT INTO EventGroups (EventGroupID, EventGroupNameResID, IsDeleted) VALUES (13, 1113, 0);
INSERT INTO EventGroups (EventGroupID, EventGroupNameResID, IsDeleted) VALUES (14, 1114, 0);
INSERT INTO EventGroups (EventGroupID, EventGroupNameResID, IsDeleted) VALUES (15, 1115, 0);
GO

/****** Table: EventTypes   ******/
INSERT INTO EventTypes (EventTypeID, EventGroupID, EventTypeNameResID, LogByDefault, AllowCustomLogSetting, FirstSupportingDBVersion, IsDeleted, InSystemLog, InAlarmLog) VALUES (101, 1, 20101, 0, 1, N'2009-12-24', 0, 0, 1);
INSERT INTO EventTypes (EventTypeID, EventGroupID, EventTypeNameResID, LogByDefault, AllowCustomLogSetting, FirstSupportingDBVersion, IsDeleted, InSystemLog, InAlarmLog) VALUES (102, 1, 20102, 0, 1, N'2009-12-24', 0, 1, 0);
INSERT INTO EventTypes (EventTypeID, EventGroupID, EventTypeNameResID, LogByDefault, AllowCustomLogSetting, FirstSupportingDBVersion, IsDeleted, InSystemLog, InAlarmLog) VALUES (103, 1, 20103, 0, 1, N'2009-12-24', 0, 1, 0);
INSERT INTO EventTypes (EventTypeID, EventGroupID, EventTypeNameResID, LogByDefault, AllowCustomLogSetting, FirstSupportingDBVersion, IsDeleted, InSystemLog, InAlarmLog) VALUES (104, 1, 20104, 0, 1, N'2009-12-24', 0, 1, 0);
INSERT INTO EventTypes (EventTypeID, EventGroupID, EventTypeNameResID, LogByDefault, AllowCustomLogSetting, FirstSupportingDBVersion, IsDeleted, InSystemLog, InAlarmLog) VALUES (105, 1, 20105, 0, 1, N'2009-12-24', 0, 1, 0);
INSERT INTO EventTypes (EventTypeID, EventGroupID, EventTypeNameResID, LogByDefault, AllowCustomLogSetting, FirstSupportingDBVersion, IsDeleted, InSystemLog, InAlarmLog) VALUES (106, 1, 20106, 0, 1, N'2009-12-24', 0, 1, 0);
INSERT INTO EventTypes (EventTypeID, EventGroupID, EventTypeNameResID, LogByDefault, AllowCustomLogSetting, FirstSupportingDBVersion, IsDeleted, InSystemLog, InAlarmLog) VALUES (107, 1, 20107, 0, 1, N'2009-12-24', 0, 1, 0);
INSERT INTO EventTypes (EventTypeID, EventGroupID, EventTypeNameResID, LogByDefault, AllowCustomLogSetting, FirstSupportingDBVersion, IsDeleted, InSystemLog, InAlarmLog) VALUES (108, 1, 20108, 0, 1, N'2009-12-24', 0, 1, 0);
INSERT INTO EventTypes (EventTypeID, EventGroupID, EventTypeNameResID, LogByDefault, AllowCustomLogSetting, FirstSupportingDBVersion, IsDeleted, InSystemLog, InAlarmLog) VALUES (109, 1, 20109, 0, 1, N'2009-12-24', 0, 1, 0);
INSERT INTO EventTypes (EventTypeID, EventGroupID, EventTypeNameResID, LogByDefault, AllowCustomLogSetting, FirstSupportingDBVersion, IsDeleted, InSystemLog, InAlarmLog) VALUES (110, 1, 20110, 0, 1, N'2009-12-24', 0, 1, 0);
INSERT INTO EventTypes (EventTypeID, EventGroupID, EventTypeNameResID, LogByDefault, AllowCustomLogSetting, FirstSupportingDBVersion, IsDeleted, InSystemLog, InAlarmLog) VALUES (111, 1, 20111, 0, 1, N'2014-07-21', 0, 1, 0);
INSERT INTO EventTypes (EventTypeID, EventGroupID, EventTypeNameResID, LogByDefault, AllowCustomLogSetting, FirstSupportingDBVersion, IsDeleted, InSystemLog, InAlarmLog) VALUES (120, 12, 20120, 1, 1, N'2011-10-26', 0, 0, 1);
INSERT INTO EventTypes (EventTypeID, EventGroupID, EventTypeNameResID, LogByDefault, AllowCustomLogSetting, FirstSupportingDBVersion, IsDeleted, InSystemLog, InAlarmLog) VALUES (121, 12, 20121, 1, 1, N'2011-10-26', 0, 0, 1);
INSERT INTO EventTypes (EventTypeID, EventGroupID, EventTypeNameResID, LogByDefault, AllowCustomLogSetting, FirstSupportingDBVersion, IsDeleted, InSystemLog, InAlarmLog) VALUES (122, 12, 20122, 1, 1, N'2011-10-26', 0, 0, 1);
INSERT INTO EventTypes (EventTypeID, EventGroupID, EventTypeNameResID, LogByDefault, AllowCustomLogSetting, FirstSupportingDBVersion, IsDeleted, InSystemLog, InAlarmLog) VALUES (123, 12, 20123, 1, 1, N'2011-10-26', 0, 0, 1);
INSERT INTO EventTypes (EventTypeID, EventGroupID, EventTypeNameResID, LogByDefault, AllowCustomLogSetting, FirstSupportingDBVersion, IsDeleted, InSystemLog, InAlarmLog) VALUES (124, 12, 20124, 1, 1, N'2011-10-26', 0, 0, 1);
INSERT INTO EventTypes (EventTypeID, EventGroupID, EventTypeNameResID, LogByDefault, AllowCustomLogSetting, FirstSupportingDBVersion, IsDeleted, InSystemLog, InAlarmLog) VALUES (125, 12, 20125, 1, 1, N'2011-10-26', 0, 0, 1);
INSERT INTO EventTypes (EventTypeID, EventGroupID, EventTypeNameResID, LogByDefault, AllowCustomLogSetting, FirstSupportingDBVersion, IsDeleted, InSystemLog, InAlarmLog) VALUES (126, 12, 20126, 1, 1, N'2011-10-26', 0, 0, 1);
INSERT INTO EventTypes (EventTypeID, EventGroupID, EventTypeNameResID, LogByDefault, AllowCustomLogSetting, FirstSupportingDBVersion, IsDeleted, InSystemLog, InAlarmLog) VALUES (127, 12, 20127, 1, 1, N'2011-10-26', 0, 0, 1);
INSERT INTO EventTypes (EventTypeID, EventGroupID, EventTypeNameResID, LogByDefault, AllowCustomLogSetting, FirstSupportingDBVersion, IsDeleted, InSystemLog, InAlarmLog) VALUES (128, 12, 20128, 1, 1, N'2011-10-26', 0, 0, 1);
INSERT INTO EventTypes (EventTypeID, EventGroupID, EventTypeNameResID, LogByDefault, AllowCustomLogSetting, FirstSupportingDBVersion, IsDeleted, InSystemLog, InAlarmLog) VALUES (129, 12, 20129, 1, 1, N'2011-10-26', 0, 0, 1);
INSERT INTO EventTypes (EventTypeID, EventGroupID, EventTypeNameResID, LogByDefault, AllowCustomLogSetting, FirstSupportingDBVersion, IsDeleted, InSystemLog, InAlarmLog) VALUES (130, 12, 20130, 1, 1, N'2011-10-26', 0, 0, 1);
INSERT INTO EventTypes (EventTypeID, EventGroupID, EventTypeNameResID, LogByDefault, AllowCustomLogSetting, FirstSupportingDBVersion, IsDeleted, InSystemLog, InAlarmLog) VALUES (131, 12, 20131, 1, 1, N'2011-10-26', 0, 0, 1);
INSERT INTO EventTypes (EventTypeID, EventGroupID, EventTypeNameResID, LogByDefault, AllowCustomLogSetting, FirstSupportingDBVersion, IsDeleted, InSystemLog, InAlarmLog) VALUES (132, 12, 20132, 1, 1, N'2011-10-26', 0, 0, 1);
INSERT INTO EventTypes (EventTypeID, EventGroupID, EventTypeNameResID, LogByDefault, AllowCustomLogSetting, FirstSupportingDBVersion, IsDeleted, InSystemLog, InAlarmLog) VALUES (133, 12, 20133, 1, 1, N'2014-01-09', 0, 0, 1);
INSERT INTO EventTypes (EventTypeID, EventGroupID, EventTypeNameResID, LogByDefault, AllowCustomLogSetting, FirstSupportingDBVersion, IsDeleted, InSystemLog, InAlarmLog) VALUES (134, 12, 20134, 1, 1, N'2014-01-09', 0, 0, 1);
INSERT INTO EventTypes (EventTypeID, EventGroupID, EventTypeNameResID, LogByDefault, AllowCustomLogSetting, FirstSupportingDBVersion, IsDeleted, InSystemLog, InAlarmLog) VALUES (135, 12, 20135, 0, 0, N'2014-01-09', 0, 0, 1);
INSERT INTO EventTypes (EventTypeID, EventGroupID, EventTypeNameResID, LogByDefault, AllowCustomLogSetting, FirstSupportingDBVersion, IsDeleted, InSystemLog, InAlarmLog) VALUES (136, 12, 20136, 0, 0, N'2014-01-09', 0, 0, 1);
INSERT INTO EventTypes (EventTypeID, EventGroupID, EventTypeNameResID, LogByDefault, AllowCustomLogSetting, FirstSupportingDBVersion, IsDeleted, InSystemLog, InAlarmLog) VALUES (137, 12, 20137, 0, 0, N'2014-01-09', 0, 0, 1);
INSERT INTO EventTypes (EventTypeID, EventGroupID, EventTypeNameResID, LogByDefault, AllowCustomLogSetting, FirstSupportingDBVersion, IsDeleted, InSystemLog, InAlarmLog) VALUES (138, 12, 20138, 1,1, N'2014-01-09', 0, 0, 1);
INSERT INTO EventTypes (EventTypeID, EventGroupID, EventTypeNameResID, LogByDefault, AllowCustomLogSetting, FirstSupportingDBVersion, IsDeleted, InSystemLog, InAlarmLog) VALUES (139, 12, 20139, 0, 1, N'2014-02-10', 0, 0, 1);
INSERT INTO EventTypes (EventTypeID, EventGroupID, EventTypeNameResID, LogByDefault, AllowCustomLogSetting, FirstSupportingDBVersion, IsDeleted, InSystemLog, InAlarmLog) VALUES (140, 1, 20140, 0, 0, N'2012-01-20', 0, 0, 1);
INSERT INTO EventTypes (EventTypeID, EventGroupID, EventTypeNameResID, LogByDefault, AllowCustomLogSetting, FirstSupportingDBVersion, IsDeleted, InSystemLog, InAlarmLog) VALUES (141, 1, 20141, 0, 0, N'2012-01-20', 0, 0, 1);
INSERT INTO EventTypes (EventTypeID, EventGroupID, EventTypeNameResID, LogByDefault, AllowCustomLogSetting, FirstSupportingDBVersion, IsDeleted, InSystemLog, InAlarmLog) VALUES (142, 1, 20142, 0, 0, N'2012-01-20', 0, 0, 1);
INSERT INTO EventTypes (EventTypeID, EventGroupID, EventTypeNameResID, LogByDefault, AllowCustomLogSetting, FirstSupportingDBVersion, IsDeleted, InSystemLog, InAlarmLog) VALUES (143, 1, 20143, 0, 0, N'2012-01-20', 0, 0, 1);
INSERT INTO EventTypes (EventTypeID, EventGroupID, EventTypeNameResID, LogByDefault, AllowCustomLogSetting, FirstSupportingDBVersion, IsDeleted, InSystemLog, InAlarmLog) VALUES (144, 1, 20144, 0, 0, N'2012-01-20', 0, 0, 1);
INSERT INTO EventTypes (EventTypeID, EventGroupID, EventTypeNameResID, LogByDefault, AllowCustomLogSetting, FirstSupportingDBVersion, IsDeleted, InSystemLog, InAlarmLog) VALUES (145, 1, 20145, 0, 0, N'2012-01-20', 0, 0, 1);
INSERT INTO EventTypes (EventTypeID, EventGroupID, EventTypeNameResID, LogByDefault, AllowCustomLogSetting, FirstSupportingDBVersion, IsDeleted, InSystemLog, InAlarmLog) VALUES (146, 1, 20146, 1, 1, N'2013-04-23', 0, 0, 1);
INSERT INTO EventTypes (EventTypeID, EventGroupID, EventTypeNameResID, LogByDefault, AllowCustomLogSetting, FirstSupportingDBVersion, IsDeleted, InSystemLog, InAlarmLog) VALUES (147, 1, 20147, 0, 1, N'2014-07-23', 0, 0, 1);
INSERT INTO EventTypes (EventTypeID, EventGroupID, EventTypeNameResID, LogByDefault, AllowCustomLogSetting, FirstSupportingDBVersion, IsDeleted, InSystemLog, InAlarmLog) VALUES (148, 1, 20148, 1, 0, N'2015-01-28', 0, 1, 0);
INSERT INTO EventTypes (EventTypeID, EventGroupID, EventTypeNameResID, LogByDefault, AllowCustomLogSetting, FirstSupportingDBVersion, IsDeleted, InSystemLog, InAlarmLog) VALUES (149, 1, 20149, 0, 1, N'2015-03-10', 0, 0, 1);
INSERT INTO EventTypes (EventTypeID, EventGroupID, EventTypeNameResID, LogByDefault, AllowCustomLogSetting, FirstSupportingDBVersion, IsDeleted, InSystemLog, InAlarmLog) VALUES (150, 1, 20150, 0, 1, N'2015-07-16', 0, 0, 1);
INSERT INTO EventTypes (EventTypeID, EventGroupID, EventTypeNameResID, LogByDefault, AllowCustomLogSetting, FirstSupportingDBVersion, IsDeleted, InSystemLog, InAlarmLog) VALUES (151, 1, 20151, 0, 1, N'2015-07-16', 0, 0, 1);
INSERT INTO EventTypes (EventTypeID, EventGroupID, EventTypeNameResID, LogByDefault, AllowCustomLogSetting, FirstSupportingDBVersion, IsDeleted, InSystemLog, InAlarmLog) VALUES (152, 1, 20152, 0, 1, N'2015-07-16', 0, 0, 1);
INSERT INTO EventTypes (EventTypeID, EventGroupID, EventTypeNameResID, LogByDefault, AllowCustomLogSetting, FirstSupportingDBVersion, IsDeleted, InSystemLog, InAlarmLog) VALUES (171, 12, 20171, 1, 1, N'2014-03-06', 0, 0, 1);
INSERT INTO EventTypes (EventTypeID, EventGroupID, EventTypeNameResID, LogByDefault, AllowCustomLogSetting, FirstSupportingDBVersion, IsDeleted, InSystemLog, InAlarmLog) VALUES (172, 12, 20172, 1, 1, N'2014-03-06', 0, 0, 1);
INSERT INTO EventTypes (EventTypeID, EventGroupID, EventTypeNameResID, LogByDefault, AllowCustomLogSetting, FirstSupportingDBVersion, IsDeleted, InSystemLog, InAlarmLog) VALUES (201, 2, 20201, 0, 1, N'2009-12-24', 0, 1, 1);
INSERT INTO EventTypes (EventTypeID, EventGroupID, EventTypeNameResID, LogByDefault, AllowCustomLogSetting, FirstSupportingDBVersion, IsDeleted, InSystemLog, InAlarmLog) VALUES (202, 2, 20202, 0, 1, N'2009-12-24', 0, 1, 1);
INSERT INTO EventTypes (EventTypeID, EventGroupID, EventTypeNameResID, LogByDefault, AllowCustomLogSetting, FirstSupportingDBVersion, IsDeleted, InSystemLog, InAlarmLog) VALUES (203, 2, 20203, 0, 1, N'2009-12-24', 0, 1, 1);
INSERT INTO EventTypes (EventTypeID, EventGroupID, EventTypeNameResID, LogByDefault, AllowCustomLogSetting, FirstSupportingDBVersion, IsDeleted, InSystemLog, InAlarmLog) VALUES (204, 2, 20204, 0, 1, N'2009-12-24', 0, 1, 1);
INSERT INTO EventTypes (EventTypeID, EventGroupID, EventTypeNameResID, LogByDefault, AllowCustomLogSetting, FirstSupportingDBVersion, IsDeleted, InSystemLog, InAlarmLog) VALUES (205, 2, 20205, 0, 1, N'2009-12-24', 0, 1, 1);
INSERT INTO EventTypes (EventTypeID, EventGroupID, EventTypeNameResID, LogByDefault, AllowCustomLogSetting, FirstSupportingDBVersion, IsDeleted, InSystemLog, InAlarmLog) VALUES (206, 2, 20206, 0, 1, N'2009-12-24', 0, 1, 1);
INSERT INTO EventTypes (EventTypeID, EventGroupID, EventTypeNameResID, LogByDefault, AllowCustomLogSetting, FirstSupportingDBVersion, IsDeleted, InSystemLog, InAlarmLog) VALUES (301, 3, 20301, 0, 0, N'2009-12-24', 0, 1, 1);
INSERT INTO EventTypes (EventTypeID, EventGroupID, EventTypeNameResID, LogByDefault, AllowCustomLogSetting, FirstSupportingDBVersion, IsDeleted, InSystemLog, InAlarmLog) VALUES (302, 3, 20302, 1, 1, N'2009-12-24', 0, 1, 1);
INSERT INTO EventTypes (EventTypeID, EventGroupID, EventTypeNameResID, LogByDefault, AllowCustomLogSetting, FirstSupportingDBVersion, IsDeleted, InSystemLog, InAlarmLog) VALUES (303, 3, 20303, 1, 1, N'2009-12-24', 0, 1, 1);
INSERT INTO EventTypes (EventTypeID, EventGroupID, EventTypeNameResID, LogByDefault, AllowCustomLogSetting, FirstSupportingDBVersion, IsDeleted, InSystemLog, InAlarmLog) VALUES (304, 3, 20304, 0, 1, N'2009-12-24', 0, 1, 0);
INSERT INTO EventTypes (EventTypeID, EventGroupID, EventTypeNameResID, LogByDefault, AllowCustomLogSetting, FirstSupportingDBVersion, IsDeleted, InSystemLog, InAlarmLog) VALUES (305, 3, 20305, 0, 1, N'2009-12-24', 0, 1, 0);
INSERT INTO EventTypes (EventTypeID, EventGroupID, EventTypeNameResID, LogByDefault, AllowCustomLogSetting, FirstSupportingDBVersion, IsDeleted, InSystemLog, InAlarmLog) VALUES (306, 3, 20306, 1, 1, N'2009-12-24', 0, 1, 0);
INSERT INTO EventTypes (EventTypeID, EventGroupID, EventTypeNameResID, LogByDefault, AllowCustomLogSetting, FirstSupportingDBVersion, IsDeleted, InSystemLog, InAlarmLog) VALUES (307, 3, 20307, 1, 1, N'2009-12-24', 0, 1, 0);
INSERT INTO EventTypes (EventTypeID, EventGroupID, EventTypeNameResID, LogByDefault, AllowCustomLogSetting, FirstSupportingDBVersion, IsDeleted, InSystemLog, InAlarmLog) VALUES (308, 3, 20308, 0, 1, N'2009-12-24', 0, 1, 0);
INSERT INTO EventTypes (EventTypeID, EventGroupID, EventTypeNameResID, LogByDefault, AllowCustomLogSetting, FirstSupportingDBVersion, IsDeleted, InSystemLog, InAlarmLog) VALUES (309, 3, 20309, 0, 1, N'2009-12-24', 0, 1, 0);
INSERT INTO EventTypes (EventTypeID, EventGroupID, EventTypeNameResID, LogByDefault, AllowCustomLogSetting, FirstSupportingDBVersion, IsDeleted, InSystemLog, InAlarmLog) VALUES (310, 3, 20310, 0, 1, N'2009-12-24', 0, 1, 0);
INSERT INTO EventTypes (EventTypeID, EventGroupID, EventTypeNameResID, LogByDefault, AllowCustomLogSetting, FirstSupportingDBVersion, IsDeleted, InSystemLog, InAlarmLog) VALUES (311, 3, 20311, 0, 1, N'2009-12-24', 0, 1, 0);
INSERT INTO EventTypes (EventTypeID, EventGroupID, EventTypeNameResID, LogByDefault, AllowCustomLogSetting, FirstSupportingDBVersion, IsDeleted, InSystemLog, InAlarmLog) VALUES (312, 3, 20312, 0, 0, N'2009-12-24', 0, 1, 0);
INSERT INTO EventTypes (EventTypeID, EventGroupID, EventTypeNameResID, LogByDefault, AllowCustomLogSetting, FirstSupportingDBVersion, IsDeleted, InSystemLog, InAlarmLog) VALUES (313, 3, 20313, 0, 1, N'2011-11-19', 0, 1, 1);
INSERT INTO EventTypes (EventTypeID, EventGroupID, EventTypeNameResID, LogByDefault, AllowCustomLogSetting, FirstSupportingDBVersion, IsDeleted, InSystemLog, InAlarmLog) VALUES (314, 3, 20314, 0, 1, N'2011-11-19', 0, 1, 1);
INSERT INTO EventTypes (EventTypeID, EventGroupID, EventTypeNameResID, LogByDefault, AllowCustomLogSetting, FirstSupportingDBVersion, IsDeleted, InSystemLog, InAlarmLog) VALUES (401, 4, 20401, 0, 1, N'2009-12-24', 0, 0, 1);
INSERT INTO EventTypes (EventTypeID, EventGroupID, EventTypeNameResID, LogByDefault, AllowCustomLogSetting, FirstSupportingDBVersion, IsDeleted, InSystemLog, InAlarmLog) VALUES (402, 4, 20402, 0, 1, N'2009-12-24', 0, 0, 1);
INSERT INTO EventTypes (EventTypeID, EventGroupID, EventTypeNameResID, LogByDefault, AllowCustomLogSetting, FirstSupportingDBVersion, IsDeleted, InSystemLog, InAlarmLog) VALUES (501, 5, 20501, 1, 1, N'2009-12-24', 0, 0, 1);
INSERT INTO EventTypes (EventTypeID, EventGroupID, EventTypeNameResID, LogByDefault, AllowCustomLogSetting, FirstSupportingDBVersion, IsDeleted, InSystemLog, InAlarmLog) VALUES (601, 6, 20601, 0, 1, N'2009-12-24', 0, 1, 0);
INSERT INTO EventTypes (EventTypeID, EventGroupID, EventTypeNameResID, LogByDefault, AllowCustomLogSetting, FirstSupportingDBVersion, IsDeleted, InSystemLog, InAlarmLog) VALUES (602, 6, 20602, 0, 0, N'2009-12-24', 0, 1, 0);
INSERT INTO EventTypes (EventTypeID, EventGroupID, EventTypeNameResID, LogByDefault, AllowCustomLogSetting, FirstSupportingDBVersion, IsDeleted, InSystemLog, InAlarmLog) VALUES (603, 6, 20603, 0, 0, N'2009-12-24', 0, 1, 0);
INSERT INTO EventTypes (EventTypeID, EventGroupID, EventTypeNameResID, LogByDefault, AllowCustomLogSetting, FirstSupportingDBVersion, IsDeleted, InSystemLog, InAlarmLog) VALUES (604, 6, 20604, 0, 0, N'2009-12-24', 0, 1, 0);
INSERT INTO EventTypes (EventTypeID, EventGroupID, EventTypeNameResID, LogByDefault, AllowCustomLogSetting, FirstSupportingDBVersion, IsDeleted, InSystemLog, InAlarmLog) VALUES (605, 6, 20605, 0, 0, N'2009-12-24', 0, 1, 0);
INSERT INTO EventTypes (EventTypeID, EventGroupID, EventTypeNameResID, LogByDefault, AllowCustomLogSetting, FirstSupportingDBVersion, IsDeleted, InSystemLog, InAlarmLog) VALUES (606, 6, 20606, 0, 0, N'2009-12-24', 0, 1, 0);
INSERT INTO EventTypes (EventTypeID, EventGroupID, EventTypeNameResID, LogByDefault, AllowCustomLogSetting, FirstSupportingDBVersion, IsDeleted, InSystemLog, InAlarmLog) VALUES (607, 6, 20607, 0, 0, N'2009-12-24', 0, 1, 0);
INSERT INTO EventTypes (EventTypeID, EventGroupID, EventTypeNameResID, LogByDefault, AllowCustomLogSetting, FirstSupportingDBVersion, IsDeleted, InSystemLog, InAlarmLog) VALUES (608, 6, 20608, 0, 0, N'2009-12-24', 0, 1, 0);
INSERT INTO EventTypes (EventTypeID, EventGroupID, EventTypeNameResID, LogByDefault, AllowCustomLogSetting, FirstSupportingDBVersion, IsDeleted, InSystemLog, InAlarmLog) VALUES (609, 6, 20609, 0, 0, N'2009-12-24', 0, 1, 1);
INSERT INTO EventTypes (EventTypeID, EventGroupID, EventTypeNameResID, LogByDefault, AllowCustomLogSetting, FirstSupportingDBVersion, IsDeleted, InSystemLog, InAlarmLog) VALUES (610, 6, 20610, 0, 0, N'2009-12-24', 0, 1, 1);
INSERT INTO EventTypes (EventTypeID, EventGroupID, EventTypeNameResID, LogByDefault, AllowCustomLogSetting, FirstSupportingDBVersion, IsDeleted, InSystemLog, InAlarmLog) VALUES (611, 6, 20611, 0, 0, N'2009-12-24', 0, 1, 0);
INSERT INTO EventTypes (EventTypeID, EventGroupID, EventTypeNameResID, LogByDefault, AllowCustomLogSetting, FirstSupportingDBVersion, IsDeleted, InSystemLog, InAlarmLog) VALUES (612, 6, 20612, 1, 1, N'2009-12-24', 0, 1, 1);
INSERT INTO EventTypes (EventTypeID, EventGroupID, EventTypeNameResID, LogByDefault, AllowCustomLogSetting, FirstSupportingDBVersion, IsDeleted, InSystemLog, InAlarmLog) VALUES (613, 6, 20613, 1, 1, N'2009-12-24', 0, 1, 1);
INSERT INTO EventTypes (EventTypeID, EventGroupID, EventTypeNameResID, LogByDefault, AllowCustomLogSetting, FirstSupportingDBVersion, IsDeleted, InSystemLog, InAlarmLog) VALUES (614, 6, 20614, 1, 0, N'2009-12-24', 0, 1, 0);
INSERT INTO EventTypes (EventTypeID, EventGroupID, EventTypeNameResID, LogByDefault, AllowCustomLogSetting, FirstSupportingDBVersion, IsDeleted, InSystemLog, InAlarmLog) VALUES (615, 6, 20615, 0, 1, N'2009-12-24', 0, 0, 0);
INSERT INTO EventTypes (EventTypeID, EventGroupID, EventTypeNameResID, LogByDefault, AllowCustomLogSetting, FirstSupportingDBVersion, IsDeleted, InSystemLog, InAlarmLog) VALUES (616, 6, 20616, 0, 0, N'2009-12-24', 0, 1, 0);
INSERT INTO EventTypes (EventTypeID, EventGroupID, EventTypeNameResID, LogByDefault, AllowCustomLogSetting, FirstSupportingDBVersion, IsDeleted, InSystemLog, InAlarmLog) VALUES (617, 6, 20617, 1, 1, N'2014-07-23', 0, 1, 0);
INSERT INTO EventTypes (EventTypeID, EventGroupID, EventTypeNameResID, LogByDefault, AllowCustomLogSetting, FirstSupportingDBVersion, IsDeleted, InSystemLog, InAlarmLog) VALUES (618, 6, 20618, 1, 0, N'2016-05-18', 0, 1, 0);
INSERT INTO EventTypes (EventTypeID, EventGroupID, EventTypeNameResID, LogByDefault, AllowCustomLogSetting, FirstSupportingDBVersion, IsDeleted, InSystemLog, InAlarmLog) VALUES (701, 7, 20701, 1, 1, N'2009-12-24', 0, 1, 0);
INSERT INTO EventTypes (EventTypeID, EventGroupID, EventTypeNameResID, LogByDefault, AllowCustomLogSetting, FirstSupportingDBVersion, IsDeleted, InSystemLog, InAlarmLog) VALUES (702, 7, 20702, 1, 1, N'2009-12-24', 0, 1, 0);
INSERT INTO EventTypes (EventTypeID, EventGroupID, EventTypeNameResID, LogByDefault, AllowCustomLogSetting, FirstSupportingDBVersion, IsDeleted, InSystemLog, InAlarmLog) VALUES (703, 7, 20703, 0, 0, N'2009-12-24', 0, 1, 0);
INSERT INTO EventTypes (EventTypeID, EventGroupID, EventTypeNameResID, LogByDefault, AllowCustomLogSetting, FirstSupportingDBVersion, IsDeleted, InSystemLog, InAlarmLog) VALUES (704, 7, 20704, 0, 1, N'2009-12-24', 0, 1, 0);
INSERT INTO EventTypes (EventTypeID, EventGroupID, EventTypeNameResID, LogByDefault, AllowCustomLogSetting, FirstSupportingDBVersion, IsDeleted, InSystemLog, InAlarmLog) VALUES (705, 7, 20705, 0, 1, N'2009-12-24', 0, 1, 0);
INSERT INTO EventTypes (EventTypeID, EventGroupID, EventTypeNameResID, LogByDefault, AllowCustomLogSetting, FirstSupportingDBVersion, IsDeleted, InSystemLog, InAlarmLog) VALUES (706, 7, 20706, 0, 0, N'2009-12-24', 0, 1, 0);
INSERT INTO EventTypes (EventTypeID, EventGroupID, EventTypeNameResID, LogByDefault, AllowCustomLogSetting, FirstSupportingDBVersion, IsDeleted, InSystemLog, InAlarmLog) VALUES (707, 7, 20707, 0, 0, N'2013-01-28', 0, 1, 0);
INSERT INTO EventTypes (EventTypeID, EventGroupID, EventTypeNameResID, LogByDefault, AllowCustomLogSetting, FirstSupportingDBVersion, IsDeleted, InSystemLog, InAlarmLog) VALUES (708, 7, 20708, 0, 0, N'2013-01-28', 0, 1, 0);
INSERT INTO EventTypes (EventTypeID, EventGroupID, EventTypeNameResID, LogByDefault, AllowCustomLogSetting, FirstSupportingDBVersion, IsDeleted, InSystemLog, InAlarmLog) VALUES (709, 7, 20709, 0, 0, N'2013-01-28', 0, 1, 0);
INSERT INTO EventTypes (EventTypeID, EventGroupID, EventTypeNameResID, LogByDefault, AllowCustomLogSetting, FirstSupportingDBVersion, IsDeleted, InSystemLog, InAlarmLog) VALUES (710, 7, 20710, 0, 0, N'2013-01-28', 0, 1, 0);
INSERT INTO EventTypes (EventTypeID, EventGroupID, EventTypeNameResID, LogByDefault, AllowCustomLogSetting, FirstSupportingDBVersion, IsDeleted, InSystemLog, InAlarmLog) VALUES (711, 7, 20711, 0, 0, N'2013-01-28', 0, 1, 0);
INSERT INTO EventTypes (EventTypeID, EventGroupID, EventTypeNameResID, LogByDefault, AllowCustomLogSetting, FirstSupportingDBVersion, IsDeleted, InSystemLog, InAlarmLog) VALUES (712, 7, 20712, 1, 1, N'2013-01-28', 0, 1, 0);
INSERT INTO EventTypes (EventTypeID, EventGroupID, EventTypeNameResID, LogByDefault, AllowCustomLogSetting, FirstSupportingDBVersion, IsDeleted, InSystemLog, InAlarmLog) VALUES (713, 7, 20713, 1, 1, N'2013-01-28', 0, 1, 0);
INSERT INTO EventTypes (EventTypeID, EventGroupID, EventTypeNameResID, LogByDefault, AllowCustomLogSetting, FirstSupportingDBVersion, IsDeleted, InSystemLog, InAlarmLog) VALUES (714, 7, 20714, 0, 0, N'2013-01-28', 0, 1, 0);
INSERT INTO EventTypes (EventTypeID, EventGroupID, EventTypeNameResID, LogByDefault, AllowCustomLogSetting, FirstSupportingDBVersion, IsDeleted, InSystemLog, InAlarmLog) VALUES (715, 7, 20715, 0, 0, N'2013-01-28', 0, 1, 0);
INSERT INTO EventTypes (EventTypeID, EventGroupID, EventTypeNameResID, LogByDefault, AllowCustomLogSetting, FirstSupportingDBVersion, IsDeleted, InSystemLog, InAlarmLog) VALUES (716, 7, 20716, 0, 0, N'2013-01-28', 0, 1, 0);
INSERT INTO EventTypes (EventTypeID, EventGroupID, EventTypeNameResID, LogByDefault, AllowCustomLogSetting, FirstSupportingDBVersion, IsDeleted, InSystemLog, InAlarmLog) VALUES (717, 7, 20717, 1, 0, N'2014-05-16', 0, 1, 0);
INSERT INTO EventTypes (EventTypeID, EventGroupID, EventTypeNameResID, LogByDefault, AllowCustomLogSetting, FirstSupportingDBVersion, IsDeleted, InSystemLog, InAlarmLog) VALUES (801, 8, 20801, 0, 0, N'2009-12-24', 0, 1, 0);
INSERT INTO EventTypes (EventTypeID, EventGroupID, EventTypeNameResID, LogByDefault, AllowCustomLogSetting, FirstSupportingDBVersion, IsDeleted, InSystemLog, InAlarmLog) VALUES (802, 8, 20802, 0, 0, N'2009-12-24', 0, 1, 0);
INSERT INTO EventTypes (EventTypeID, EventGroupID, EventTypeNameResID, LogByDefault, AllowCustomLogSetting, FirstSupportingDBVersion, IsDeleted, InSystemLog, InAlarmLog) VALUES (803, 8, 20803, 0, 0, N'2009-12-24', 0, 1, 0);
INSERT INTO EventTypes (EventTypeID, EventGroupID, EventTypeNameResID, LogByDefault, AllowCustomLogSetting, FirstSupportingDBVersion, IsDeleted, InSystemLog, InAlarmLog) VALUES (804, 8, 20804, 0, 0, N'2009-12-24', 0, 1, 0);
INSERT INTO EventTypes (EventTypeID, EventGroupID, EventTypeNameResID, LogByDefault, AllowCustomLogSetting, FirstSupportingDBVersion, IsDeleted, InSystemLog, InAlarmLog) VALUES (901, 9, 20901, 0, 1, N'2009-12-24', 0, 1, 0);
INSERT INTO EventTypes (EventTypeID, EventGroupID, EventTypeNameResID, LogByDefault, AllowCustomLogSetting, FirstSupportingDBVersion, IsDeleted, InSystemLog, InAlarmLog) VALUES (902, 9, 20902, 0, 1, N'2009-12-24', 0, 1, 0);
INSERT INTO EventTypes (EventTypeID, EventGroupID, EventTypeNameResID, LogByDefault, AllowCustomLogSetting, FirstSupportingDBVersion, IsDeleted, InSystemLog, InAlarmLog) VALUES (1001, 10, 21001, 0, 0, N'2010-07-27', 0, 0, 1);
INSERT INTO EventTypes (EventTypeID, EventGroupID, EventTypeNameResID, LogByDefault, AllowCustomLogSetting, FirstSupportingDBVersion, IsDeleted, InSystemLog, InAlarmLog) VALUES (1101, 11, 21101, 0, 0, N'2013-02-19', 0, 0, 1);
INSERT INTO EventTypes (EventTypeID, EventGroupID, EventTypeNameResID, LogByDefault, AllowCustomLogSetting, FirstSupportingDBVersion, IsDeleted, InSystemLog, InAlarmLog) VALUES (1102, 11, 21102, 0, 0, N'2013-02-19', 0, 0, 1);
INSERT INTO EventTypes (EventTypeID, EventGroupID, EventTypeNameResID, LogByDefault, AllowCustomLogSetting, FirstSupportingDBVersion, IsDeleted, InSystemLog, InAlarmLog) VALUES (1103, 11, 21103, 0, 0, N'2013-02-19', 0, 0, 1);
INSERT INTO EventTypes (EventTypeID, EventGroupID, EventTypeNameResID, LogByDefault, AllowCustomLogSetting, FirstSupportingDBVersion, IsDeleted, InSystemLog, InAlarmLog) VALUES (1104, 11, 21104, 0, 0, N'2013-02-19', 0, 0, 1);
INSERT INTO EventTypes (EventTypeID, EventGroupID, EventTypeNameResID, LogByDefault, AllowCustomLogSetting, FirstSupportingDBVersion, IsDeleted, InSystemLog, InAlarmLog) VALUES (1301, 13, 21301, 1, 0, N'2013-10-14', 0, 1, 0);
INSERT INTO EventTypes (EventTypeID, EventGroupID, EventTypeNameResID, LogByDefault, AllowCustomLogSetting, FirstSupportingDBVersion, IsDeleted, InSystemLog, InAlarmLog) VALUES (1302, 13, 21302, 1, 0, N'2013-10-14', 0, 1, 0);
INSERT INTO EventTypes (EventTypeID, EventGroupID, EventTypeNameResID, LogByDefault, AllowCustomLogSetting, FirstSupportingDBVersion, IsDeleted, InSystemLog, InAlarmLog) VALUES (1303, 13, 21303, 1, 0, N'2013-10-14', 0, 1, 0);
INSERT INTO EventTypes (EventTypeID, EventGroupID, EventTypeNameResID, LogByDefault, AllowCustomLogSetting, FirstSupportingDBVersion, IsDeleted, InSystemLog, InAlarmLog) VALUES (1304, 13, 21304, 1, 0, N'2013-12-05', 0, 1, 0);
INSERT INTO EventTypes (EventTypeID, EventGroupID, EventTypeNameResID, LogByDefault, AllowCustomLogSetting, FirstSupportingDBVersion, IsDeleted, InSystemLog, InAlarmLog) VALUES (1305, 13, 21305, 1, 0, N'2013-12-05', 0, 1, 0);
INSERT INTO EventTypes (EventTypeID, EventGroupID, EventTypeNameResID, LogByDefault, AllowCustomLogSetting, FirstSupportingDBVersion, IsDeleted, InSystemLog, InAlarmLog) VALUES (1401, 14, 21401, 0, 1, N'2013-12-23', 0, 0, 1);
INSERT INTO EventTypes (EventTypeID, EventGroupID, EventTypeNameResID, LogByDefault, AllowCustomLogSetting, FirstSupportingDBVersion, IsDeleted, InSystemLog, InAlarmLog) VALUES (1402, 14, 21402, 0, 1, N'2013-12-23', 0, 0, 1);
INSERT INTO EventTypes (EventTypeID, EventGroupID, EventTypeNameResID, LogByDefault, AllowCustomLogSetting, FirstSupportingDBVersion, IsDeleted, InSystemLog, InAlarmLog) VALUES (1501, 15, 21501, 1, 1, N'2014-01-28', 0, 0, 1);
INSERT INTO EventTypes (EventTypeID, EventGroupID, EventTypeNameResID, LogByDefault, AllowCustomLogSetting, FirstSupportingDBVersion, IsDeleted, InSystemLog, InAlarmLog) VALUES (1502, 15, 21502, 1, 1, N'2014-01-28', 0, 0, 1);
INSERT INTO EventTypes (EventTypeID, EventGroupID, EventTypeNameResID, LogByDefault, AllowCustomLogSetting, FirstSupportingDBVersion, IsDeleted, InSystemLog, InAlarmLog) VALUES (1503, 15, 21503, 1, 1, N'2014-07-23', 0, 0, 1);
INSERT INTO EventTypes (EventTypeID, EventGroupID, EventTypeNameResID, LogByDefault, AllowCustomLogSetting, FirstSupportingDBVersion, IsDeleted, InSystemLog, InAlarmLog) VALUES (1504, 15, 21504, 1, 1, N'2014-08-19', 0, 0, 1);
GO

/****** Table: FacilityTypes   ******/
SET IDENTITY_INSERT [FacilityTypes] ON;
INSERT INTO FacilityTypes (FacilityTypeID, FacilityTypeName, FacilityIconUrl) VALUES (1, N'Building', N'http://map.win4net.com/images/gis_F_Build.png');
INSERT INTO FacilityTypes (FacilityTypeID, FacilityTypeName, FacilityIconUrl) VALUES (2, N'School', N'http://map.win4net.com/images/gis_F_School.png');
INSERT INTO FacilityTypes (FacilityTypeID, FacilityTypeName, FacilityIconUrl) VALUES (3, N'Government Office', N'http://map.win4net.com/images/gis_F_Government_Office.png');
INSERT INTO FacilityTypes (FacilityTypeID, FacilityTypeName, FacilityIconUrl) VALUES (4, N'Fire Station', N'http://map.win4net.com/images/gis_F_Fire_Station.png');
INSERT INTO FacilityTypes (FacilityTypeID, FacilityTypeName, FacilityIconUrl) VALUES (5, N'Hospital', N'http://map.win4net.com/images/gis_F_Hospital.png');
INSERT INTO FacilityTypes (FacilityTypeID, FacilityTypeName, FacilityIconUrl) VALUES (6, N'Police', N'http://map.win4net.com/images/gis_F_Polic_Station.png');
INSERT INTO FacilityTypes (FacilityTypeID, FacilityTypeName, FacilityIconUrl) VALUES (7, N'Military', N'http://map.win4net.com/images/gis_F_Military.png');
SET IDENTITY_INSERT [FacilityTypes] OFF;
GO

/****** Table: GISSafetyStates   ******/
SET IDENTITY_INSERT [GISSafetyStates] ON;
INSERT INTO GISSafetyStates (GISSafetyStateID, GISSafetyStateNameResID, IsDeleted) VALUES (1, 102001, 0);
INSERT INTO GISSafetyStates (GISSafetyStateID, GISSafetyStateNameResID, IsDeleted) VALUES (2, 102002, 0);
INSERT INTO GISSafetyStates (GISSafetyStateID, GISSafetyStateNameResID, IsDeleted) VALUES (3, 102003, 0);
INSERT INTO GISSafetyStates (GISSafetyStateID, GISSafetyStateNameResID, IsDeleted) VALUES (4, 102004, 0);
SET IDENTITY_INSERT [GISSafetyStates] OFF;
GO

/****** Table: HostTypes   ******/
INSERT INTO HostTypes (HostTypeID, Name) VALUES (1, N'ConfigManager');
INSERT INTO HostTypes (HostTypeID, Name) VALUES (2, N'RemoteClient');
INSERT INTO HostTypes (HostTypeID, Name) VALUES (3, N'ExportMonitor');
INSERT INTO HostTypes (HostTypeID, Name) VALUES (4, N'AdminTool');
INSERT INTO HostTypes (HostTypeID, Name) VALUES (5, N'GISMap');
INSERT INTO HostTypes (HostTypeID, Name) VALUES (6, N'RecognitionAdminTool');
INSERT INTO HostTypes (HostTypeID, Name) VALUES (7, N'CMS');
INSERT INTO HostTypes (HostTypeID, Name) VALUES (8, N'GISMapClient');
INSERT INTO HostTypes (HostTypeID, Name) VALUES (9, N'SystemEventMonitor');
INSERT INTO HostTypes (HostTypeID, Name) VALUES (10, N'NEMON');
INSERT INTO HostTypes (HostTypeID, Name) VALUES (11, N'BASE');
INSERT INTO HostTypes (HostTypeID, Name) VALUES (12, N'ExternalClient');
GO

/****** Table: Languages   ******/
INSERT INTO Languages (LanguageID, CultureName, LanguageNameResID) VALUES (1, N'en-US', 50001);
INSERT INTO Languages (LanguageID, CultureName, LanguageNameResID) VALUES (2, N'ko-KR', 50002);
INSERT INTO Languages (LanguageID, CultureName, LanguageNameResID) VALUES (3, N'ru-RU', 50003);
INSERT INTO Languages (LanguageID, CultureName, LanguageNameResID) VALUES (4, N'tk-TM', 50004);
INSERT INTO Languages (LanguageID, CultureName, LanguageNameResID) VALUES (5, N'ja-JP', 50005);
GO

/****** Table: Layouts   ******/
SET IDENTITY_INSERT [Layouts] ON;
INSERT INTO Layouts (LayoutID, Description, BaseSize, IsUserDefined) VALUES (1, N'1x1', 1, 0);
INSERT INTO Layouts (LayoutID, Description, BaseSize, IsUserDefined) VALUES (2, N'2x2', 2, 0);
INSERT INTO Layouts (LayoutID, Description, BaseSize, IsUserDefined) VALUES (3, N'3x3', 3, 0);
INSERT INTO Layouts (LayoutID, Description, BaseSize, IsUserDefined) VALUES (4, N'4x4', 4, 0);
INSERT INTO Layouts (LayoutID, Description, BaseSize, IsUserDefined) VALUES (5, N'5x5', 5, 0);
INSERT INTO Layouts (LayoutID, Description, BaseSize, IsUserDefined) VALUES (6, N'6x6', 6, 0);
INSERT INTO Layouts (LayoutID, Description, BaseSize, IsUserDefined) VALUES (7, N'7x7', 7, 0);
INSERT INTO Layouts (LayoutID, Description, BaseSize, IsUserDefined) VALUES (8, N'8x8', 8, 0);
INSERT INTO Layouts (LayoutID, Description, BaseSize, IsUserDefined) VALUES (9, N'3x3(1Large)', 3, 0);
INSERT INTO Layouts (LayoutID, Description, BaseSize, IsUserDefined) VALUES (10, N'4x4(1Large)', 4, 0);
INSERT INTO Layouts (LayoutID, Description, BaseSize, IsUserDefined) VALUES (11, N'4x4(3Large)', 4, 0);
INSERT INTO Layouts (LayoutID, Description, BaseSize, IsUserDefined) VALUES (12, N'4x4(1Large3x3)', 4, 0);
INSERT INTO Layouts (LayoutID, Description, BaseSize, IsUserDefined) VALUES (13, N'4x4(2Large)', 4, 0);
INSERT INTO Layouts (LayoutID, Description, BaseSize, IsUserDefined) VALUES (14, N'4x3', 4, 0);
INSERT INTO Layouts (LayoutID, Description, BaseSize, IsUserDefined) VALUES (15, N'3x2', 3, 0);
INSERT INTO Layouts (LayoutID, Description, BaseSize, IsUserDefined) VALUES (16, N'5x4', 5, 0);
INSERT INTO Layouts (LayoutID, Description, BaseSize, IsUserDefined) VALUES (17, N'6x5', 6, 0);
INSERT INTO Layouts (LayoutID, Description, BaseSize, IsUserDefined) VALUES (18, N'7x6', 7, 0);
INSERT INTO Layouts (LayoutID, Description, BaseSize, IsUserDefined) VALUES (19, N'8x7', 8, 0);
SET IDENTITY_INSERT [Layouts] OFF;
GO

/****** Table: LayoutTiles   ******/
SET IDENTITY_INSERT [LayoutTiles] ON;
INSERT INTO LayoutTiles (LayoutTileID, LayoutID, RelativeSize, PositionX, PositionY) VALUES (1, 9, 2, 1, 1);
INSERT INTO LayoutTiles (LayoutTileID, LayoutID, RelativeSize, PositionX, PositionY) VALUES (2, 10, 2, 2, 2);
INSERT INTO LayoutTiles (LayoutTileID, LayoutID, RelativeSize, PositionX, PositionY) VALUES (6, 12, 3, 1, 1);
INSERT INTO LayoutTiles (LayoutTileID, LayoutID, RelativeSize, PositionX, PositionY) VALUES (7, 13, 2, 1, 1);
INSERT INTO LayoutTiles (LayoutTileID, LayoutID, RelativeSize, PositionX, PositionY) VALUES (8, 13, 2, 3, 1);
INSERT INTO LayoutTiles (LayoutTileID, LayoutID, RelativeSize, PositionX, PositionY) VALUES (9, 11, 2, 1, 1);
INSERT INTO LayoutTiles (LayoutTileID, LayoutID, RelativeSize, PositionX, PositionY) VALUES (10, 11, 2, 3, 1);
INSERT INTO LayoutTiles (LayoutTileID, LayoutID, RelativeSize, PositionX, PositionY) VALUES (11, 11, 2, 1, 3);
INSERT INTO LayoutTiles (LayoutTileID, LayoutID, RelativeSize, PositionX, PositionY) VALUES (12, 14, 1, 1, 1);
INSERT INTO LayoutTiles (LayoutTileID, LayoutID, RelativeSize, PositionX, PositionY) VALUES (13, 14, 1, 1, 2);
INSERT INTO LayoutTiles (LayoutTileID, LayoutID, RelativeSize, PositionX, PositionY) VALUES (14, 14, 1, 1, 3);
INSERT INTO LayoutTiles (LayoutTileID, LayoutID, RelativeSize, PositionX, PositionY) VALUES (15, 14, 1, 2, 1);
INSERT INTO LayoutTiles (LayoutTileID, LayoutID, RelativeSize, PositionX, PositionY) VALUES (16, 14, 1, 2, 2);
INSERT INTO LayoutTiles (LayoutTileID, LayoutID, RelativeSize, PositionX, PositionY) VALUES (17, 14, 1, 2, 3);
INSERT INTO LayoutTiles (LayoutTileID, LayoutID, RelativeSize, PositionX, PositionY) VALUES (18, 14, 1, 3, 1);
INSERT INTO LayoutTiles (LayoutTileID, LayoutID, RelativeSize, PositionX, PositionY) VALUES (19, 14, 1, 3, 2);
INSERT INTO LayoutTiles (LayoutTileID, LayoutID, RelativeSize, PositionX, PositionY) VALUES (20, 14, 1, 3, 3);
INSERT INTO LayoutTiles (LayoutTileID, LayoutID, RelativeSize, PositionX, PositionY) VALUES (21, 14, 1, 4, 1);
INSERT INTO LayoutTiles (LayoutTileID, LayoutID, RelativeSize, PositionX, PositionY) VALUES (22, 14, 1, 4, 2);
INSERT INTO LayoutTiles (LayoutTileID, LayoutID, RelativeSize, PositionX, PositionY) VALUES (23, 14, 1, 4, 3);
INSERT INTO LayoutTiles (LayoutTileID, LayoutID, RelativeSize, PositionX, PositionY) VALUES (24, 15, 1, 1, 1);
INSERT INTO LayoutTiles (LayoutTileID, LayoutID, RelativeSize, PositionX, PositionY) VALUES (25, 15, 1, 1, 2);
INSERT INTO LayoutTiles (LayoutTileID, LayoutID, RelativeSize, PositionX, PositionY) VALUES (26, 15, 1, 2, 1);
INSERT INTO LayoutTiles (LayoutTileID, LayoutID, RelativeSize, PositionX, PositionY) VALUES (27, 15, 1, 2, 2);
INSERT INTO LayoutTiles (LayoutTileID, LayoutID, RelativeSize, PositionX, PositionY) VALUES (28, 15, 1, 3, 1);
INSERT INTO LayoutTiles (LayoutTileID, LayoutID, RelativeSize, PositionX, PositionY) VALUES (29, 15, 1, 3, 2);
INSERT INTO LayoutTiles (LayoutTileID, LayoutID, RelativeSize, PositionX, PositionY) VALUES (30, 16, 1, 1, 1);
INSERT INTO LayoutTiles (LayoutTileID, LayoutID, RelativeSize, PositionX, PositionY) VALUES (31, 16, 1, 1, 2);
INSERT INTO LayoutTiles (LayoutTileID, LayoutID, RelativeSize, PositionX, PositionY) VALUES (32, 16, 1, 1, 3);
INSERT INTO LayoutTiles (LayoutTileID, LayoutID, RelativeSize, PositionX, PositionY) VALUES (33, 16, 1, 1, 4);
INSERT INTO LayoutTiles (LayoutTileID, LayoutID, RelativeSize, PositionX, PositionY) VALUES (34, 16, 1, 2, 1);
INSERT INTO LayoutTiles (LayoutTileID, LayoutID, RelativeSize, PositionX, PositionY) VALUES (35, 16, 1, 2, 2);
INSERT INTO LayoutTiles (LayoutTileID, LayoutID, RelativeSize, PositionX, PositionY) VALUES (36, 16, 1, 2, 3);
INSERT INTO LayoutTiles (LayoutTileID, LayoutID, RelativeSize, PositionX, PositionY) VALUES (37, 16, 1, 2, 4);
INSERT INTO LayoutTiles (LayoutTileID, LayoutID, RelativeSize, PositionX, PositionY) VALUES (38, 16, 1, 3, 1);
INSERT INTO LayoutTiles (LayoutTileID, LayoutID, RelativeSize, PositionX, PositionY) VALUES (39, 16, 1, 3, 2);
INSERT INTO LayoutTiles (LayoutTileID, LayoutID, RelativeSize, PositionX, PositionY) VALUES (40, 16, 1, 3, 3);
INSERT INTO LayoutTiles (LayoutTileID, LayoutID, RelativeSize, PositionX, PositionY) VALUES (41, 16, 1, 3, 4);
INSERT INTO LayoutTiles (LayoutTileID, LayoutID, RelativeSize, PositionX, PositionY) VALUES (42, 16, 1, 4, 1);
INSERT INTO LayoutTiles (LayoutTileID, LayoutID, RelativeSize, PositionX, PositionY) VALUES (43, 16, 1, 4, 2);
INSERT INTO LayoutTiles (LayoutTileID, LayoutID, RelativeSize, PositionX, PositionY) VALUES (44, 16, 1, 4, 3);
INSERT INTO LayoutTiles (LayoutTileID, LayoutID, RelativeSize, PositionX, PositionY) VALUES (45, 16, 1, 4, 4);
INSERT INTO LayoutTiles (LayoutTileID, LayoutID, RelativeSize, PositionX, PositionY) VALUES (46, 16, 1, 5, 1);
INSERT INTO LayoutTiles (LayoutTileID, LayoutID, RelativeSize, PositionX, PositionY) VALUES (47, 16, 1, 5, 2);
INSERT INTO LayoutTiles (LayoutTileID, LayoutID, RelativeSize, PositionX, PositionY) VALUES (48, 16, 1, 5, 3);
INSERT INTO LayoutTiles (LayoutTileID, LayoutID, RelativeSize, PositionX, PositionY) VALUES (49, 16, 1, 5, 4);
INSERT INTO LayoutTiles (LayoutTileID, LayoutID, RelativeSize, PositionX, PositionY) VALUES (50, 17, 1, 1, 1);
INSERT INTO LayoutTiles (LayoutTileID, LayoutID, RelativeSize, PositionX, PositionY) VALUES (51, 17, 1, 1, 2);
INSERT INTO LayoutTiles (LayoutTileID, LayoutID, RelativeSize, PositionX, PositionY) VALUES (52, 17, 1, 1, 3);
INSERT INTO LayoutTiles (LayoutTileID, LayoutID, RelativeSize, PositionX, PositionY) VALUES (53, 17, 1, 1, 4);
INSERT INTO LayoutTiles (LayoutTileID, LayoutID, RelativeSize, PositionX, PositionY) VALUES (54, 17, 1, 1, 5);
INSERT INTO LayoutTiles (LayoutTileID, LayoutID, RelativeSize, PositionX, PositionY) VALUES (55, 17, 1, 2, 1);
INSERT INTO LayoutTiles (LayoutTileID, LayoutID, RelativeSize, PositionX, PositionY) VALUES (56, 17, 1, 2, 2);
INSERT INTO LayoutTiles (LayoutTileID, LayoutID, RelativeSize, PositionX, PositionY) VALUES (57, 17, 1, 2, 3);
INSERT INTO LayoutTiles (LayoutTileID, LayoutID, RelativeSize, PositionX, PositionY) VALUES (58, 17, 1, 2, 4);
INSERT INTO LayoutTiles (LayoutTileID, LayoutID, RelativeSize, PositionX, PositionY) VALUES (59, 17, 1, 2, 5);
INSERT INTO LayoutTiles (LayoutTileID, LayoutID, RelativeSize, PositionX, PositionY) VALUES (60, 17, 1, 3, 1);
INSERT INTO LayoutTiles (LayoutTileID, LayoutID, RelativeSize, PositionX, PositionY) VALUES (61, 17, 1, 3, 2);
INSERT INTO LayoutTiles (LayoutTileID, LayoutID, RelativeSize, PositionX, PositionY) VALUES (62, 17, 1, 3, 3);
INSERT INTO LayoutTiles (LayoutTileID, LayoutID, RelativeSize, PositionX, PositionY) VALUES (63, 17, 1, 3, 4);
INSERT INTO LayoutTiles (LayoutTileID, LayoutID, RelativeSize, PositionX, PositionY) VALUES (64, 17, 1, 3, 5);
INSERT INTO LayoutTiles (LayoutTileID, LayoutID, RelativeSize, PositionX, PositionY) VALUES (65, 17, 1, 4, 1);
INSERT INTO LayoutTiles (LayoutTileID, LayoutID, RelativeSize, PositionX, PositionY) VALUES (66, 17, 1, 4, 2);
INSERT INTO LayoutTiles (LayoutTileID, LayoutID, RelativeSize, PositionX, PositionY) VALUES (67, 17, 1, 4, 3);
INSERT INTO LayoutTiles (LayoutTileID, LayoutID, RelativeSize, PositionX, PositionY) VALUES (68, 17, 1, 4, 4);
INSERT INTO LayoutTiles (LayoutTileID, LayoutID, RelativeSize, PositionX, PositionY) VALUES (69, 17, 1, 4, 5);
INSERT INTO LayoutTiles (LayoutTileID, LayoutID, RelativeSize, PositionX, PositionY) VALUES (70, 17, 1, 5, 1);
INSERT INTO LayoutTiles (LayoutTileID, LayoutID, RelativeSize, PositionX, PositionY) VALUES (71, 17, 1, 5, 2);
INSERT INTO LayoutTiles (LayoutTileID, LayoutID, RelativeSize, PositionX, PositionY) VALUES (72, 17, 1, 5, 3);
INSERT INTO LayoutTiles (LayoutTileID, LayoutID, RelativeSize, PositionX, PositionY) VALUES (73, 17, 1, 5, 4);
INSERT INTO LayoutTiles (LayoutTileID, LayoutID, RelativeSize, PositionX, PositionY) VALUES (74, 17, 1, 5, 5);
INSERT INTO LayoutTiles (LayoutTileID, LayoutID, RelativeSize, PositionX, PositionY) VALUES (75, 17, 1, 6, 1);
INSERT INTO LayoutTiles (LayoutTileID, LayoutID, RelativeSize, PositionX, PositionY) VALUES (76, 17, 1, 6, 2);
INSERT INTO LayoutTiles (LayoutTileID, LayoutID, RelativeSize, PositionX, PositionY) VALUES (77, 17, 1, 6, 3);
INSERT INTO LayoutTiles (LayoutTileID, LayoutID, RelativeSize, PositionX, PositionY) VALUES (78, 17, 1, 6, 4);
INSERT INTO LayoutTiles (LayoutTileID, LayoutID, RelativeSize, PositionX, PositionY) VALUES (79, 17, 1, 6, 5);
INSERT INTO LayoutTiles (LayoutTileID, LayoutID, RelativeSize, PositionX, PositionY) VALUES (80, 18, 1, 1, 1);
INSERT INTO LayoutTiles (LayoutTileID, LayoutID, RelativeSize, PositionX, PositionY) VALUES (81, 18, 1, 1, 2);
INSERT INTO LayoutTiles (LayoutTileID, LayoutID, RelativeSize, PositionX, PositionY) VALUES (82, 18, 1, 1, 3);
INSERT INTO LayoutTiles (LayoutTileID, LayoutID, RelativeSize, PositionX, PositionY) VALUES (83, 18, 1, 1, 4);
INSERT INTO LayoutTiles (LayoutTileID, LayoutID, RelativeSize, PositionX, PositionY) VALUES (84, 18, 1, 1, 5);
INSERT INTO LayoutTiles (LayoutTileID, LayoutID, RelativeSize, PositionX, PositionY) VALUES (85, 18, 1, 1, 6);
INSERT INTO LayoutTiles (LayoutTileID, LayoutID, RelativeSize, PositionX, PositionY) VALUES (86, 18, 1, 2, 1);
INSERT INTO LayoutTiles (LayoutTileID, LayoutID, RelativeSize, PositionX, PositionY) VALUES (87, 18, 1, 2, 2);
INSERT INTO LayoutTiles (LayoutTileID, LayoutID, RelativeSize, PositionX, PositionY) VALUES (88, 18, 1, 2, 3);
INSERT INTO LayoutTiles (LayoutTileID, LayoutID, RelativeSize, PositionX, PositionY) VALUES (89, 18, 1, 2, 4);
INSERT INTO LayoutTiles (LayoutTileID, LayoutID, RelativeSize, PositionX, PositionY) VALUES (90, 18, 1, 2, 5);
INSERT INTO LayoutTiles (LayoutTileID, LayoutID, RelativeSize, PositionX, PositionY) VALUES (91, 18, 1, 2, 6);
INSERT INTO LayoutTiles (LayoutTileID, LayoutID, RelativeSize, PositionX, PositionY) VALUES (92, 18, 1, 3, 1);
INSERT INTO LayoutTiles (LayoutTileID, LayoutID, RelativeSize, PositionX, PositionY) VALUES (93, 18, 1, 3, 2);
INSERT INTO LayoutTiles (LayoutTileID, LayoutID, RelativeSize, PositionX, PositionY) VALUES (94, 18, 1, 3, 3);
INSERT INTO LayoutTiles (LayoutTileID, LayoutID, RelativeSize, PositionX, PositionY) VALUES (95, 18, 1, 3, 4);
INSERT INTO LayoutTiles (LayoutTileID, LayoutID, RelativeSize, PositionX, PositionY) VALUES (96, 18, 1, 3, 5);
INSERT INTO LayoutTiles (LayoutTileID, LayoutID, RelativeSize, PositionX, PositionY) VALUES (97, 18, 1, 3, 6);
INSERT INTO LayoutTiles (LayoutTileID, LayoutID, RelativeSize, PositionX, PositionY) VALUES (98, 18, 1, 4, 1);
INSERT INTO LayoutTiles (LayoutTileID, LayoutID, RelativeSize, PositionX, PositionY) VALUES (99, 18, 1, 4, 2);
INSERT INTO LayoutTiles (LayoutTileID, LayoutID, RelativeSize, PositionX, PositionY) VALUES (100, 18, 1, 4, 3);
INSERT INTO LayoutTiles (LayoutTileID, LayoutID, RelativeSize, PositionX, PositionY) VALUES (101, 18, 1, 4, 4);
INSERT INTO LayoutTiles (LayoutTileID, LayoutID, RelativeSize, PositionX, PositionY) VALUES (102, 18, 1, 4, 5);
INSERT INTO LayoutTiles (LayoutTileID, LayoutID, RelativeSize, PositionX, PositionY) VALUES (103, 18, 1, 4, 6);
INSERT INTO LayoutTiles (LayoutTileID, LayoutID, RelativeSize, PositionX, PositionY) VALUES (104, 18, 1, 5, 1);
INSERT INTO LayoutTiles (LayoutTileID, LayoutID, RelativeSize, PositionX, PositionY) VALUES (105, 18, 1, 5, 2);
INSERT INTO LayoutTiles (LayoutTileID, LayoutID, RelativeSize, PositionX, PositionY) VALUES (106, 18, 1, 5, 3);
INSERT INTO LayoutTiles (LayoutTileID, LayoutID, RelativeSize, PositionX, PositionY) VALUES (107, 18, 1, 5, 4);
INSERT INTO LayoutTiles (LayoutTileID, LayoutID, RelativeSize, PositionX, PositionY) VALUES (108, 18, 1, 5, 5);
INSERT INTO LayoutTiles (LayoutTileID, LayoutID, RelativeSize, PositionX, PositionY) VALUES (109, 18, 1, 5, 6);
INSERT INTO LayoutTiles (LayoutTileID, LayoutID, RelativeSize, PositionX, PositionY) VALUES (110, 18, 1, 6, 1);
INSERT INTO LayoutTiles (LayoutTileID, LayoutID, RelativeSize, PositionX, PositionY) VALUES (111, 18, 1, 6, 2);
INSERT INTO LayoutTiles (LayoutTileID, LayoutID, RelativeSize, PositionX, PositionY) VALUES (112, 18, 1, 6, 3);
INSERT INTO LayoutTiles (LayoutTileID, LayoutID, RelativeSize, PositionX, PositionY) VALUES (113, 18, 1, 6, 4);
INSERT INTO LayoutTiles (LayoutTileID, LayoutID, RelativeSize, PositionX, PositionY) VALUES (114, 18, 1, 6, 5);
INSERT INTO LayoutTiles (LayoutTileID, LayoutID, RelativeSize, PositionX, PositionY) VALUES (115, 18, 1, 6, 6);
INSERT INTO LayoutTiles (LayoutTileID, LayoutID, RelativeSize, PositionX, PositionY) VALUES (116, 18, 1, 7, 1);
INSERT INTO LayoutTiles (LayoutTileID, LayoutID, RelativeSize, PositionX, PositionY) VALUES (117, 18, 1, 7, 2);
INSERT INTO LayoutTiles (LayoutTileID, LayoutID, RelativeSize, PositionX, PositionY) VALUES (118, 18, 1, 7, 3);
INSERT INTO LayoutTiles (LayoutTileID, LayoutID, RelativeSize, PositionX, PositionY) VALUES (119, 18, 1, 7, 4);
INSERT INTO LayoutTiles (LayoutTileID, LayoutID, RelativeSize, PositionX, PositionY) VALUES (120, 18, 1, 7, 5);
INSERT INTO LayoutTiles (LayoutTileID, LayoutID, RelativeSize, PositionX, PositionY) VALUES (121, 18, 1, 7, 6);
INSERT INTO LayoutTiles (LayoutTileID, LayoutID, RelativeSize, PositionX, PositionY) VALUES (122, 19, 1, 1, 1);
INSERT INTO LayoutTiles (LayoutTileID, LayoutID, RelativeSize, PositionX, PositionY) VALUES (123, 19, 1, 1, 2);
INSERT INTO LayoutTiles (LayoutTileID, LayoutID, RelativeSize, PositionX, PositionY) VALUES (124, 19, 1, 1, 3);
INSERT INTO LayoutTiles (LayoutTileID, LayoutID, RelativeSize, PositionX, PositionY) VALUES (125, 19, 1, 1, 4);
INSERT INTO LayoutTiles (LayoutTileID, LayoutID, RelativeSize, PositionX, PositionY) VALUES (126, 19, 1, 1, 5);
INSERT INTO LayoutTiles (LayoutTileID, LayoutID, RelativeSize, PositionX, PositionY) VALUES (127, 19, 1, 1, 6);
INSERT INTO LayoutTiles (LayoutTileID, LayoutID, RelativeSize, PositionX, PositionY) VALUES (128, 19, 1, 1, 7);
INSERT INTO LayoutTiles (LayoutTileID, LayoutID, RelativeSize, PositionX, PositionY) VALUES (129, 19, 1, 2, 1);
INSERT INTO LayoutTiles (LayoutTileID, LayoutID, RelativeSize, PositionX, PositionY) VALUES (130, 19, 1, 2, 2);
INSERT INTO LayoutTiles (LayoutTileID, LayoutID, RelativeSize, PositionX, PositionY) VALUES (131, 19, 1, 2, 3);
INSERT INTO LayoutTiles (LayoutTileID, LayoutID, RelativeSize, PositionX, PositionY) VALUES (132, 19, 1, 2, 4);
INSERT INTO LayoutTiles (LayoutTileID, LayoutID, RelativeSize, PositionX, PositionY) VALUES (133, 19, 1, 2, 5);
INSERT INTO LayoutTiles (LayoutTileID, LayoutID, RelativeSize, PositionX, PositionY) VALUES (134, 19, 1, 2, 6);
INSERT INTO LayoutTiles (LayoutTileID, LayoutID, RelativeSize, PositionX, PositionY) VALUES (135, 19, 1, 2, 7);
INSERT INTO LayoutTiles (LayoutTileID, LayoutID, RelativeSize, PositionX, PositionY) VALUES (136, 19, 1, 3, 1);
INSERT INTO LayoutTiles (LayoutTileID, LayoutID, RelativeSize, PositionX, PositionY) VALUES (137, 19, 1, 3, 2);
INSERT INTO LayoutTiles (LayoutTileID, LayoutID, RelativeSize, PositionX, PositionY) VALUES (138, 19, 1, 3, 3);
INSERT INTO LayoutTiles (LayoutTileID, LayoutID, RelativeSize, PositionX, PositionY) VALUES (139, 19, 1, 3, 4);
INSERT INTO LayoutTiles (LayoutTileID, LayoutID, RelativeSize, PositionX, PositionY) VALUES (140, 19, 1, 3, 5);
INSERT INTO LayoutTiles (LayoutTileID, LayoutID, RelativeSize, PositionX, PositionY) VALUES (141, 19, 1, 3, 6);
INSERT INTO LayoutTiles (LayoutTileID, LayoutID, RelativeSize, PositionX, PositionY) VALUES (142, 19, 1, 3, 7);
INSERT INTO LayoutTiles (LayoutTileID, LayoutID, RelativeSize, PositionX, PositionY) VALUES (143, 19, 1, 4, 1);
INSERT INTO LayoutTiles (LayoutTileID, LayoutID, RelativeSize, PositionX, PositionY) VALUES (144, 19, 1, 4, 2);
INSERT INTO LayoutTiles (LayoutTileID, LayoutID, RelativeSize, PositionX, PositionY) VALUES (145, 19, 1, 4, 3);
INSERT INTO LayoutTiles (LayoutTileID, LayoutID, RelativeSize, PositionX, PositionY) VALUES (146, 19, 1, 4, 4);
INSERT INTO LayoutTiles (LayoutTileID, LayoutID, RelativeSize, PositionX, PositionY) VALUES (147, 19, 1, 4, 5);
INSERT INTO LayoutTiles (LayoutTileID, LayoutID, RelativeSize, PositionX, PositionY) VALUES (148, 19, 1, 4, 6);
INSERT INTO LayoutTiles (LayoutTileID, LayoutID, RelativeSize, PositionX, PositionY) VALUES (149, 19, 1, 4, 7);
INSERT INTO LayoutTiles (LayoutTileID, LayoutID, RelativeSize, PositionX, PositionY) VALUES (150, 19, 1, 5, 1);
INSERT INTO LayoutTiles (LayoutTileID, LayoutID, RelativeSize, PositionX, PositionY) VALUES (151, 19, 1, 5, 2);
INSERT INTO LayoutTiles (LayoutTileID, LayoutID, RelativeSize, PositionX, PositionY) VALUES (152, 19, 1, 5, 3);
INSERT INTO LayoutTiles (LayoutTileID, LayoutID, RelativeSize, PositionX, PositionY) VALUES (153, 19, 1, 5, 4);
INSERT INTO LayoutTiles (LayoutTileID, LayoutID, RelativeSize, PositionX, PositionY) VALUES (154, 19, 1, 5, 5);
INSERT INTO LayoutTiles (LayoutTileID, LayoutID, RelativeSize, PositionX, PositionY) VALUES (155, 19, 1, 5, 6);
INSERT INTO LayoutTiles (LayoutTileID, LayoutID, RelativeSize, PositionX, PositionY) VALUES (156, 19, 1, 5, 7);
INSERT INTO LayoutTiles (LayoutTileID, LayoutID, RelativeSize, PositionX, PositionY) VALUES (157, 19, 1, 6, 1);
INSERT INTO LayoutTiles (LayoutTileID, LayoutID, RelativeSize, PositionX, PositionY) VALUES (158, 19, 1, 6, 2);
INSERT INTO LayoutTiles (LayoutTileID, LayoutID, RelativeSize, PositionX, PositionY) VALUES (159, 19, 1, 6, 3);
INSERT INTO LayoutTiles (LayoutTileID, LayoutID, RelativeSize, PositionX, PositionY) VALUES (160, 19, 1, 6, 4);
INSERT INTO LayoutTiles (LayoutTileID, LayoutID, RelativeSize, PositionX, PositionY) VALUES (161, 19, 1, 6, 5);
INSERT INTO LayoutTiles (LayoutTileID, LayoutID, RelativeSize, PositionX, PositionY) VALUES (162, 19, 1, 6, 6);
INSERT INTO LayoutTiles (LayoutTileID, LayoutID, RelativeSize, PositionX, PositionY) VALUES (163, 19, 1, 6, 7);
INSERT INTO LayoutTiles (LayoutTileID, LayoutID, RelativeSize, PositionX, PositionY) VALUES (164, 19, 1, 7, 1);
INSERT INTO LayoutTiles (LayoutTileID, LayoutID, RelativeSize, PositionX, PositionY) VALUES (165, 19, 1, 7, 2);
INSERT INTO LayoutTiles (LayoutTileID, LayoutID, RelativeSize, PositionX, PositionY) VALUES (166, 19, 1, 7, 3);
INSERT INTO LayoutTiles (LayoutTileID, LayoutID, RelativeSize, PositionX, PositionY) VALUES (167, 19, 1, 7, 4);
INSERT INTO LayoutTiles (LayoutTileID, LayoutID, RelativeSize, PositionX, PositionY) VALUES (168, 19, 1, 7, 5);
INSERT INTO LayoutTiles (LayoutTileID, LayoutID, RelativeSize, PositionX, PositionY) VALUES (169, 19, 1, 7, 6);
INSERT INTO LayoutTiles (LayoutTileID, LayoutID, RelativeSize, PositionX, PositionY) VALUES (170, 19, 1, 7, 7);
INSERT INTO LayoutTiles (LayoutTileID, LayoutID, RelativeSize, PositionX, PositionY) VALUES (171, 19, 1, 8, 1);
INSERT INTO LayoutTiles (LayoutTileID, LayoutID, RelativeSize, PositionX, PositionY) VALUES (172, 19, 1, 8, 2);
INSERT INTO LayoutTiles (LayoutTileID, LayoutID, RelativeSize, PositionX, PositionY) VALUES (173, 19, 1, 8, 3);
INSERT INTO LayoutTiles (LayoutTileID, LayoutID, RelativeSize, PositionX, PositionY) VALUES (174, 19, 1, 8, 4);
INSERT INTO LayoutTiles (LayoutTileID, LayoutID, RelativeSize, PositionX, PositionY) VALUES (175, 19, 1, 8, 5);
INSERT INTO LayoutTiles (LayoutTileID, LayoutID, RelativeSize, PositionX, PositionY) VALUES (176, 19, 1, 8, 6);
INSERT INTO LayoutTiles (LayoutTileID, LayoutID, RelativeSize, PositionX, PositionY) VALUES (177, 19, 1, 8, 7);
SET IDENTITY_INSERT [LayoutTiles] OFF;
GO

/****** Table: Manufacturers   ******/
INSERT INTO Manufacturers (ManufacturerID, Name, IsDeleted) VALUES (1, N'Generic', 0);
INSERT INTO Manufacturers (ManufacturerID, Name, IsDeleted) VALUES (2, N'INCON', 0);
INSERT INTO Manufacturers (ManufacturerID, Name, IsDeleted) VALUES (3, N'Toshiba', 0);
INSERT INTO Manufacturers (ManufacturerID, Name, IsDeleted) VALUES (6, N'Sony', 0);
INSERT INTO Manufacturers (ManufacturerID, Name, IsDeleted) VALUES (7, N'XENOLink', 0);
INSERT INTO Manufacturers (ManufacturerID, Name, IsDeleted) VALUES (8, N'TRUEN', 0);
INSERT INTO Manufacturers (ManufacturerID, Name, IsDeleted) VALUES (9, N'Pixord', 0);
INSERT INTO Manufacturers (ManufacturerID, Name, IsDeleted) VALUES (10, N'Samsung', 0);
INSERT INTO Manufacturers (ManufacturerID, Name, IsDeleted) VALUES (11, N'Panasonic', 0);
INSERT INTO Manufacturers (ManufacturerID, Name, IsDeleted) VALUES (12, N'ArecontVision', 0);
INSERT INTO Manufacturers (ManufacturerID, Name, IsDeleted) VALUES (13, N'AXIS', 0);
INSERT INTO Manufacturers (ManufacturerID, Name, IsDeleted) VALUES (14, N'DLINK', 0);
INSERT INTO Manufacturers (ManufacturerID, Name, IsDeleted) VALUES (15, N'Lumenera', 0);
INSERT INTO Manufacturers (ManufacturerID, Name, IsDeleted) VALUES (16, N'Vivotek', 0);
INSERT INTO Manufacturers (ManufacturerID, Name, IsDeleted) VALUES (17, N'BRANS', 0);
INSERT INTO Manufacturers (ManufacturerID, Name, IsDeleted) VALUES (18, N'Cellinx', 0);
INSERT INTO Manufacturers (ManufacturerID, Name, IsDeleted) VALUES (19, N'Honeywell', 0);
INSERT INTO Manufacturers (ManufacturerID, Name, IsDeleted) VALUES (20, N'Ganz', 0);
INSERT INTO Manufacturers (ManufacturerID, Name, IsDeleted) VALUES (21, N'Dynacolor', 0);
INSERT INTO Manufacturers (ManufacturerID, Name, IsDeleted) VALUES (22, N'YujinSystem', 0);
INSERT INTO Manufacturers (ManufacturerID, Name, IsDeleted) VALUES (23, N'NineInfo', 0);
INSERT INTO Manufacturers (ManufacturerID, Name, IsDeleted) VALUES (24, N'Adtronic', 0);
INSERT INTO Manufacturers (ManufacturerID, Name, IsDeleted) VALUES (25, N'KSI', 0);
INSERT INTO Manufacturers (ManufacturerID, Name, IsDeleted) VALUES (26, N'Pana LED', 0);
INSERT INTO Manufacturers (ManufacturerID, Name, IsDeleted) VALUES (27, N'Hanildisplay', 0);
INSERT INTO Manufacturers (ManufacturerID, Name, IsDeleted) VALUES (28, N'HikVision', 0);
INSERT INTO Manufacturers (ManufacturerID, Name, IsDeleted) VALUES (29, N'Sanyo', 0);
INSERT INTO Manufacturers (ManufacturerID, Name, IsDeleted) VALUES (30, N'ONVIF', 0);
INSERT INTO Manufacturers (ManufacturerID, Name, IsDeleted) VALUES (31, N'YOUNGKOOK ELECTRONICS', 0);
INSERT INTO Manufacturers (ManufacturerID, Name, IsDeleted) VALUES (32, N'Comtec', 0);
INSERT INTO Manufacturers (ManufacturerID, Name, IsDeleted) VALUES (33, N'UDP', 0);
INSERT INTO Manufacturers (ManufacturerID, Name, IsDeleted) VALUES (34, N'LG', 0);
INSERT INTO Manufacturers (ManufacturerID, Name, IsDeleted) VALUES (35, N'IDIS', 0);
INSERT INTO Manufacturers (ManufacturerID, Name, IsDeleted) VALUES (36, N'Vision Hitech', 0);
INSERT INTO Manufacturers (ManufacturerID, Name, IsDeleted) VALUES (37, N'Nice', 0);
INSERT INTO Manufacturers (ManufacturerID, Name, IsDeleted) VALUES (38, N'SI Project', 0);
INSERT INTO Manufacturers (ManufacturerID, Name, IsDeleted) VALUES (39, N'BOSCH', 0);
INSERT INTO Manufacturers (ManufacturerID, Name, IsDeleted) VALUES (40, N'MMPC', 0);
INSERT INTO Manufacturers (ManufacturerID, Name, IsDeleted) VALUES (41, N'IST', 0);
INSERT INTO Manufacturers (ManufacturerID, Name, IsDeleted) VALUES (42, N'TBT', 0);
INSERT INTO Manufacturers (ManufacturerID, Name, IsDeleted) VALUES (43, N'ArecontVision', 1);
INSERT INTO Manufacturers (ManufacturerID, Name, IsDeleted) VALUES (44, N'DAHUA', 0);
INSERT INTO Manufacturers (ManufacturerID, Name, IsDeleted) VALUES (45, N'CNBTec',0);
INSERT INTO Manufacturers (ManufacturerID, Name, IsDeleted) VALUES (46, N'SAMSUNG TECHWIN',0);
INSERT INTO Manufacturers (ManufacturerID, Name, IsDeleted) VALUES (47, N'IONode',0);
INSERT INTO Manufacturers (ManufacturerID, Name, IsDeleted) VALUES (48, N'INEX',0);
INSERT INTO Manufacturers (ManufacturerID, Name, IsDeleted) VALUES (49, N'PROBE DIGITAL',0);
INSERT INTO Manufacturers (ManufacturerID, Name, IsDeleted) VALUES (50, N'Huviron',0);
INSERT INTO Manufacturers (ManufacturerID, Name, IsDeleted) VALUES (51, N'COBHAM',0);
INSERT INTO Manufacturers (ManufacturerID, Name, IsDeleted) VALUES (52, N'RTSP',0);
INSERT INTO Manufacturers (ManufacturerID, Name, IsDeleted) VALUES (53, N'DOOWON',0);
INSERT INTO Manufacturers (ManufacturerID, Name, IsDeleted) VALUES (54, N'NinePlus',0);
INSERT INTO Manufacturers (ManufacturerID, Name, IsDeleted) VALUES (55, N'Movable Device',0);
INSERT INTO Manufacturers (ManufacturerID, Name, IsDeleted) VALUES (56, N'HiTRON',0);
INSERT INTO Manufacturers (ManufacturerID, Name, IsDeleted) VALUES (57, N'Digital Watchdog',0);
INSERT INTO Manufacturers (ManufacturerID, Name, IsDeleted) VALUES (58, N'Bogotek',0);
INSERT INTO Manufacturers (ManufacturerID, Name, IsDeleted) VALUES (59, N'FSNetworks',0);
INSERT INTO Manufacturers (ManufacturerID, Name, IsDeleted) VALUES (60, N'DONGYANG ELECTRONICS',0);
INSERT INTO Manufacturers (ManufacturerID, Name, IsDeleted) VALUES (61, N'NainSys',0);
INSERT INTO Manufacturers (ManufacturerID, Name, IsDeleted) VALUES (62, N'Sunell',0);
INSERT INTO Manufacturers (ManufacturerID, Name, IsDeleted) VALUES (63, N'Avigilon', 0);
GO

/****** Table: MetadataDeviceModels   ******/
SET IDENTITY_INSERT [MetadataDeviceModels] ON;
INSERT INTO MetadataDeviceModels (MetadataDeviceModelID, DeviceModelID, DSIDeviceTypeID, DSIDeviceModelID, DefaultLoginName, DefaultPassword, DefaultPort, SupportProtocols) VALUES (1, 141, NULL, NULL, N'administrator', N'', 2000, 2);
SET IDENTITY_INSERT [MetadataDeviceModels] OFF;
GO

/****** Table: MetadataDeviceModelSettings   ******/
SET IDENTITY_INSERT [MetadataDeviceModelSettings] ON;
INSERT INTO MetadataDeviceModelSettings (MetadataDeviceModelSettingID, MetadataDeviceModelID, Attribute, Value) VALUES (1, 1, N'Tracking_MaxTrackingGroupCount', N'3');
INSERT INTO MetadataDeviceModelSettings (MetadataDeviceModelSettingID, MetadataDeviceModelID, Attribute, Value) VALUES (2, 1, N'Tracking_MaxTrackingGroupMemberCount', N'5');
INSERT INTO MetadataDeviceModelSettings (MetadataDeviceModelSettingID, MetadataDeviceModelID, Attribute, Value) VALUES (3, 1, N'Tracking_MaxScenarioCount', N'3');
INSERT INTO MetadataDeviceModelSettings (MetadataDeviceModelSettingID, MetadataDeviceModelID, Attribute, Value) VALUES (4, 1, N'Tracking_MaxZoomStep', N'4');
INSERT INTO MetadataDeviceModelSettings (MetadataDeviceModelSettingID, MetadataDeviceModelID, Attribute, Value) VALUES (5, 1, N'Tracking_MinZoomStep', N'1');
INSERT INTO MetadataDeviceModelSettings (MetadataDeviceModelSettingID, MetadataDeviceModelID, Attribute, Value) VALUES (6, 1, N'Tracking_MaxDelay', N'5000');
INSERT INTO MetadataDeviceModelSettings (MetadataDeviceModelSettingID, MetadataDeviceModelID, Attribute, Value) VALUES (7, 1, N'Tracking_MinDelay', N'100');
SET IDENTITY_INSERT [MetadataDeviceModelSettings] OFF;
GO

/****** Table: NetworkDeviceModels   ******/
INSERT INTO NetworkDeviceModels (NetworkDeviceModelID, DeviceModelID, DSIDeviceTypeID, DSIDeviceModelID, DefaultLoginName, DefaultPassword, DefaultPort, DefaultSearchPort, DefaultConfigURL, MaxCameraCount, MaxAudioInCount, MaxAudioOutCount, MaxSensorCount, MaxRelayCount, SupportsAbsolutePosition, SupportsMotionDetection, SupportsControlFrameRate, SupportsControlResolution, MaxPresetCount, SupportsMenu, SupportsPTZ, MaxAuxiliaryCount, SupportsLight, SupportsWiper, MaxPresetTourCount, MaxPatternTourCount, MaxSwingCount, MaxOtherTourCount, MaxStreamCount, SupportDualLiveStream, SingleLiveStreamNo, DivisionLiveStreamNo, SupportVideoAnalysis, SupportPTZSpeed, IsVariableUnitCount, SupportSearchPort, DefaultSetupPort, SupportSetupPort) VALUES (167, 165, 7, 4108, N'Administrator', N'', 7000, 0, N'', 1, 1, 1, 3, 1, 0, 0, 0, 0, 255, 0, 1, 0, 0, 0, 0, 0, 0, 0, 2, 0, 0, 0, 0, 1, 0, 0, 0, 0);
INSERT INTO NetworkDeviceModels (NetworkDeviceModelID, DeviceModelID, DSIDeviceTypeID, DSIDeviceModelID, DefaultLoginName, DefaultPassword, DefaultPort, DefaultSearchPort, DefaultConfigURL, MaxCameraCount, MaxAudioInCount, MaxAudioOutCount, MaxSensorCount, MaxRelayCount, SupportsAbsolutePosition, SupportsMotionDetection, SupportsControlFrameRate, SupportsControlResolution, MaxPresetCount, SupportsMenu, SupportsPTZ, MaxAuxiliaryCount, SupportsLight, SupportsWiper, MaxPresetTourCount, MaxPatternTourCount, MaxSwingCount, MaxOtherTourCount, MaxStreamCount, SupportDualLiveStream, SingleLiveStreamNo, DivisionLiveStreamNo, SupportVideoAnalysis, SupportPTZSpeed, IsVariableUnitCount, SupportSearchPort, DefaultSetupPort, SupportSetupPort) VALUES (168, 166, 7, 8195, N'Administrator', N'', 7000, 0, N'', 1, 1, 1, 3, 1, 0, 0, 0, 0, 255, 1, 1, 0, 0, 0, 100, 0, 0, 0, 2, 0, 0, 0, 0, 1, 0, 0, 0, 0);
INSERT INTO NetworkDeviceModels (NetworkDeviceModelID, DeviceModelID, DSIDeviceTypeID, DSIDeviceModelID, DefaultLoginName, DefaultPassword, DefaultPort, DefaultSearchPort, DefaultConfigURL, MaxCameraCount, MaxAudioInCount, MaxAudioOutCount, MaxSensorCount, MaxRelayCount, SupportsAbsolutePosition, SupportsMotionDetection, SupportsControlFrameRate, SupportsControlResolution, MaxPresetCount, SupportsMenu, SupportsPTZ, MaxAuxiliaryCount, SupportsLight, SupportsWiper, MaxPresetTourCount, MaxPatternTourCount, MaxSwingCount, MaxOtherTourCount, MaxStreamCount, SupportDualLiveStream, SingleLiveStreamNo, DivisionLiveStreamNo, SupportVideoAnalysis, SupportPTZSpeed, IsVariableUnitCount, SupportSearchPort, DefaultSetupPort, SupportSetupPort) VALUES (90, 92, 7, 4101, N'Administrator', N'', 7000, 0, N'', 1, 1, 1, 3, 1, 1, 1, 0, 0, 0, 0, 1, 0, 0, 0, 0, 0, 0, 0, 2, 0, 0, 0, 0, 1, 0, 0, 0, 0);
INSERT INTO NetworkDeviceModels (NetworkDeviceModelID, DeviceModelID, DSIDeviceTypeID, DSIDeviceModelID, DefaultLoginName, DefaultPassword, DefaultPort, DefaultSearchPort, DefaultConfigURL, MaxCameraCount, MaxAudioInCount, MaxAudioOutCount, MaxSensorCount, MaxRelayCount, SupportsAbsolutePosition, SupportsMotionDetection, SupportsControlFrameRate, SupportsControlResolution, MaxPresetCount, SupportsMenu, SupportsPTZ, MaxAuxiliaryCount, SupportsLight, SupportsWiper, MaxPresetTourCount, MaxPatternTourCount, MaxSwingCount, MaxOtherTourCount, MaxStreamCount, SupportDualLiveStream, SingleLiveStreamNo, DivisionLiveStreamNo, SupportVideoAnalysis, SupportPTZSpeed, IsVariableUnitCount, SupportSearchPort, DefaultSetupPort, SupportSetupPort) VALUES (91, 93, 7, 4102, N'Administrator', N'', 7000, 0, N'', 1, 1, 1, 3, 1, 0, 0, 0, 0, 0, 0, 0, 0, 0, 0, 0, 0, 0, 0, 2, 0, 0, 0, 0, 0, 0, 0, 0, 0);
INSERT INTO NetworkDeviceModels (NetworkDeviceModelID, DeviceModelID, DSIDeviceTypeID, DSIDeviceModelID, DefaultLoginName, DefaultPassword, DefaultPort, DefaultSearchPort, DefaultConfigURL, MaxCameraCount, MaxAudioInCount, MaxAudioOutCount, MaxSensorCount, MaxRelayCount, SupportsAbsolutePosition, SupportsMotionDetection, SupportsControlFrameRate, SupportsControlResolution, MaxPresetCount, SupportsMenu, SupportsPTZ, MaxAuxiliaryCount, SupportsLight, SupportsWiper, MaxPresetTourCount, MaxPatternTourCount, MaxSwingCount, MaxOtherTourCount, MaxStreamCount, SupportDualLiveStream, SingleLiveStreamNo, DivisionLiveStreamNo, SupportVideoAnalysis, SupportPTZSpeed, IsVariableUnitCount, SupportSearchPort, DefaultSetupPort, SupportSetupPort) VALUES (92, 94, 7, 4103, N'Administrator', N'', 7000, 0, N'', 1, 1, 1, 0, 0, 0, 1, 0, 0, 0, 0, 0, 0, 0, 0, 0, 0, 0, 0, 2, 0, 0, 0, 0, 0, 0, 0, 0, 0);
INSERT INTO NetworkDeviceModels (NetworkDeviceModelID, DeviceModelID, DSIDeviceTypeID, DSIDeviceModelID, DefaultLoginName, DefaultPassword, DefaultPort, DefaultSearchPort, DefaultConfigURL, MaxCameraCount, MaxAudioInCount, MaxAudioOutCount, MaxSensorCount, MaxRelayCount, SupportsAbsolutePosition, SupportsMotionDetection, SupportsControlFrameRate, SupportsControlResolution, MaxPresetCount, SupportsMenu, SupportsPTZ, MaxAuxiliaryCount, SupportsLight, SupportsWiper, MaxPresetTourCount, MaxPatternTourCount, MaxSwingCount, MaxOtherTourCount, MaxStreamCount, SupportDualLiveStream, SingleLiveStreamNo, DivisionLiveStreamNo, SupportVideoAnalysis, SupportPTZSpeed, IsVariableUnitCount, SupportSearchPort, DefaultSetupPort, SupportSetupPort) VALUES (93, 95, 7, 4104, N'Administrator', N'', 7000, 0, N'', 1, 1, 1, 1, 1, 0, 1, 0, 0, 0, 0, 0, 0, 0, 0, 0, 0, 0, 0, 2, 0, 0, 0, 0, 0, 0, 0, 0, 0);
INSERT INTO NetworkDeviceModels (NetworkDeviceModelID, DeviceModelID, DSIDeviceTypeID, DSIDeviceModelID, DefaultLoginName, DefaultPassword, DefaultPort, DefaultSearchPort, DefaultConfigURL, MaxCameraCount, MaxAudioInCount, MaxAudioOutCount, MaxSensorCount, MaxRelayCount, SupportsAbsolutePosition, SupportsMotionDetection, SupportsControlFrameRate, SupportsControlResolution, MaxPresetCount, SupportsMenu, SupportsPTZ, MaxAuxiliaryCount, SupportsLight, SupportsWiper, MaxPresetTourCount, MaxPatternTourCount, MaxSwingCount, MaxOtherTourCount, MaxStreamCount, SupportDualLiveStream, SingleLiveStreamNo, DivisionLiveStreamNo, SupportVideoAnalysis, SupportPTZSpeed, IsVariableUnitCount, SupportSearchPort, DefaultSetupPort, SupportSetupPort) VALUES (94, 96, 7, 4105, N'Administrator', N'', 7000, 0, N'', 2, 1, 1, 4, 4, 0, 1, 0, 0, 255, 1, 1, 0, 0, 0, 100, 100, 100, 0, 1, 0, 0, 0, 0, 1, 0, 0, 0, 0);
INSERT INTO NetworkDeviceModels (NetworkDeviceModelID, DeviceModelID, DSIDeviceTypeID, DSIDeviceModelID, DefaultLoginName, DefaultPassword, DefaultPort, DefaultSearchPort, DefaultConfigURL, MaxCameraCount, MaxAudioInCount, MaxAudioOutCount, MaxSensorCount, MaxRelayCount, SupportsAbsolutePosition, SupportsMotionDetection, SupportsControlFrameRate, SupportsControlResolution, MaxPresetCount, SupportsMenu, SupportsPTZ, MaxAuxiliaryCount, SupportsLight, SupportsWiper, MaxPresetTourCount, MaxPatternTourCount, MaxSwingCount, MaxOtherTourCount, MaxStreamCount, SupportDualLiveStream, SingleLiveStreamNo, DivisionLiveStreamNo, SupportVideoAnalysis, SupportPTZSpeed, IsVariableUnitCount, SupportSearchPort, DefaultSetupPort, SupportSetupPort) VALUES (1, 1, 7, 1, N'administrator', N'', 7000, 0, N'', 4, 1, 1, 4, 4, 0, 1, 0, 0, 255, 1, 1, 0, 1, 1, 100, 100, 100, 0, 1, 0, 0, 0, 0, 0, 0, 0, 0, 0);
INSERT INTO NetworkDeviceModels (NetworkDeviceModelID, DeviceModelID, DSIDeviceTypeID, DSIDeviceModelID, DefaultLoginName, DefaultPassword, DefaultPort, DefaultSearchPort, DefaultConfigURL, MaxCameraCount, MaxAudioInCount, MaxAudioOutCount, MaxSensorCount, MaxRelayCount, SupportsAbsolutePosition, SupportsMotionDetection, SupportsControlFrameRate, SupportsControlResolution, MaxPresetCount, SupportsMenu, SupportsPTZ, MaxAuxiliaryCount, SupportsLight, SupportsWiper, MaxPresetTourCount, MaxPatternTourCount, MaxSwingCount, MaxOtherTourCount, MaxStreamCount, SupportDualLiveStream, SingleLiveStreamNo, DivisionLiveStreamNo, SupportVideoAnalysis, SupportPTZSpeed, IsVariableUnitCount, SupportSearchPort, DefaultSetupPort, SupportSetupPort) VALUES (2, 2, 4, 1, N'root', N'ikwb', 80, 0, N'', 1, 0, 0, 1, 1, 0, 1, 0, 0, 255, 1, 1, 0, 1, 1, 0, 0, 0, 0, 1, 0, 0, 0, 0, 0, 0, 0, 0, 0);
INSERT INTO NetworkDeviceModels (NetworkDeviceModelID, DeviceModelID, DSIDeviceTypeID, DSIDeviceModelID, DefaultLoginName, DefaultPassword, DefaultPort, DefaultSearchPort, DefaultConfigURL, MaxCameraCount, MaxAudioInCount, MaxAudioOutCount, MaxSensorCount, MaxRelayCount, SupportsAbsolutePosition, SupportsMotionDetection, SupportsControlFrameRate, SupportsControlResolution, MaxPresetCount, SupportsMenu, SupportsPTZ, MaxAuxiliaryCount, SupportsLight, SupportsWiper, MaxPresetTourCount, MaxPatternTourCount, MaxSwingCount, MaxOtherTourCount, MaxStreamCount, SupportDualLiveStream, SingleLiveStreamNo, DivisionLiveStreamNo, SupportVideoAnalysis, SupportPTZSpeed, IsVariableUnitCount, SupportSearchPort, DefaultSetupPort, SupportSetupPort) VALUES (3, 3, 11, 1, N'', N'', 4000, 0, N'', 1, 0, 0, 1, 1, 0, 1, 0, 0, 255, 1, 1, 0, 1, 1, 0, 0, 0, 0, 1, 0, 0, 0, 0, 0, 0, 0, 0, 0);
INSERT INTO NetworkDeviceModels (NetworkDeviceModelID, DeviceModelID, DSIDeviceTypeID, DSIDeviceModelID, DefaultLoginName, DefaultPassword, DefaultPort, DefaultSearchPort, DefaultConfigURL, MaxCameraCount, MaxAudioInCount, MaxAudioOutCount, MaxSensorCount, MaxRelayCount, SupportsAbsolutePosition, SupportsMotionDetection, SupportsControlFrameRate, SupportsControlResolution, MaxPresetCount, SupportsMenu, SupportsPTZ, MaxAuxiliaryCount, SupportsLight, SupportsWiper, MaxPresetTourCount, MaxPatternTourCount, MaxSwingCount, MaxOtherTourCount, MaxStreamCount, SupportDualLiveStream, SingleLiveStreamNo, DivisionLiveStreamNo, SupportVideoAnalysis, SupportPTZSpeed, IsVariableUnitCount, SupportSearchPort, DefaultSetupPort, SupportSetupPort) VALUES (4, 6, 7, 5, N'administrator', N'', 7000, 0, N'', 4, 1, 1, 4, 4, 0, 1, 0, 0, 255, 1, 1, 0, 1, 1, 100, 100, 100, 0, 1, 0, 0, 0, 0, 1, 0, 0, 0, 0);
INSERT INTO NetworkDeviceModels (NetworkDeviceModelID, DeviceModelID, DSIDeviceTypeID, DSIDeviceModelID, DefaultLoginName, DefaultPassword, DefaultPort, DefaultSearchPort, DefaultConfigURL, MaxCameraCount, MaxAudioInCount, MaxAudioOutCount, MaxSensorCount, MaxRelayCount, SupportsAbsolutePosition, SupportsMotionDetection, SupportsControlFrameRate, SupportsControlResolution, MaxPresetCount, SupportsMenu, SupportsPTZ, MaxAuxiliaryCount, SupportsLight, SupportsWiper, MaxPresetTourCount, MaxPatternTourCount, MaxSwingCount, MaxOtherTourCount, MaxStreamCount, SupportDualLiveStream, SingleLiveStreamNo, DivisionLiveStreamNo, SupportVideoAnalysis, SupportPTZSpeed, IsVariableUnitCount, SupportSearchPort, DefaultSetupPort, SupportSetupPort) VALUES (5, 7, 7, 2, N'administrator', N'', 7000, 0, N'', 1, 1, 1, 1, 1, 0, 1, 0, 0, 255, 1, 1, 0, 1, 1, 100, 100, 100, 0, 1, 0, 0, 0, 0, 1, 0, 0, 0, 0);
INSERT INTO NetworkDeviceModels (NetworkDeviceModelID, DeviceModelID, DSIDeviceTypeID, DSIDeviceModelID, DefaultLoginName, DefaultPassword, DefaultPort, DefaultSearchPort, DefaultConfigURL, MaxCameraCount, MaxAudioInCount, MaxAudioOutCount, MaxSensorCount, MaxRelayCount, SupportsAbsolutePosition, SupportsMotionDetection, SupportsControlFrameRate, SupportsControlResolution, MaxPresetCount, SupportsMenu, SupportsPTZ, MaxAuxiliaryCount, SupportsLight, SupportsWiper, MaxPresetTourCount, MaxPatternTourCount, MaxSwingCount, MaxOtherTourCount, MaxStreamCount, SupportDualLiveStream, SingleLiveStreamNo, DivisionLiveStreamNo, SupportVideoAnalysis, SupportPTZSpeed, IsVariableUnitCount, SupportSearchPort, DefaultSetupPort, SupportSetupPort) VALUES (6, 8, 28, 1, N'root', N'', 2222, 0, N'', 4, 0, 0, 4, 4, 1, 1, 0, 0, 255, 1, 1, 0, 1, 1, 100, 100, 100, 0, 1, 0, 0, 0, 0, 0, 0, 0, 0, 0);
INSERT INTO NetworkDeviceModels (NetworkDeviceModelID, DeviceModelID, DSIDeviceTypeID, DSIDeviceModelID, DefaultLoginName, DefaultPassword, DefaultPort, DefaultSearchPort, DefaultConfigURL, MaxCameraCount, MaxAudioInCount, MaxAudioOutCount, MaxSensorCount, MaxRelayCount, SupportsAbsolutePosition, SupportsMotionDetection, SupportsControlFrameRate, SupportsControlResolution, MaxPresetCount, SupportsMenu, SupportsPTZ, MaxAuxiliaryCount, SupportsLight, SupportsWiper, MaxPresetTourCount, MaxPatternTourCount, MaxSwingCount, MaxOtherTourCount, MaxStreamCount, SupportDualLiveStream, SingleLiveStreamNo, DivisionLiveStreamNo, SupportVideoAnalysis, SupportPTZSpeed, IsVariableUnitCount, SupportSearchPort, DefaultSetupPort, SupportSetupPort) VALUES (7, 11, 29, 1, N'', N'', 0, 0, N'', 0, 0, 0, 0, 0, 0, 1, 0, 0, 255, 1, 1, 0, 1, 1, 0, 0, 0, 0, 1, 0, 0, 0, 0, 0, 0, 0, 0, 0);
INSERT INTO NetworkDeviceModels (NetworkDeviceModelID, DeviceModelID, DSIDeviceTypeID, DSIDeviceModelID, DefaultLoginName, DefaultPassword, DefaultPort, DefaultSearchPort, DefaultConfigURL, MaxCameraCount, MaxAudioInCount, MaxAudioOutCount, MaxSensorCount, MaxRelayCount, SupportsAbsolutePosition, SupportsMotionDetection, SupportsControlFrameRate, SupportsControlResolution, MaxPresetCount, SupportsMenu, SupportsPTZ, MaxAuxiliaryCount, SupportsLight, SupportsWiper, MaxPresetTourCount, MaxPatternTourCount, MaxSwingCount, MaxOtherTourCount, MaxStreamCount, SupportDualLiveStream, SingleLiveStreamNo, DivisionLiveStreamNo, SupportVideoAnalysis, SupportPTZSpeed, IsVariableUnitCount, SupportSearchPort, DefaultSetupPort, SupportSetupPort) VALUES (8, 13, 14, 2, N'', N'', 4000, 0, N'', 0, 0, 0, 0, 0, 0, 1, 0, 0, 255, 1, 1, 0, 1, 1, 0, 0, 0, 0, 1, 0, 0, 0, 0, 0, 0, 0, 0, 0);
INSERT INTO NetworkDeviceModels (NetworkDeviceModelID, DeviceModelID, DSIDeviceTypeID, DSIDeviceModelID, DefaultLoginName, DefaultPassword, DefaultPort, DefaultSearchPort, DefaultConfigURL, MaxCameraCount, MaxAudioInCount, MaxAudioOutCount, MaxSensorCount, MaxRelayCount, SupportsAbsolutePosition, SupportsMotionDetection, SupportsControlFrameRate, SupportsControlResolution, MaxPresetCount, SupportsMenu, SupportsPTZ, MaxAuxiliaryCount, SupportsLight, SupportsWiper, MaxPresetTourCount, MaxPatternTourCount, MaxSwingCount, MaxOtherTourCount, MaxStreamCount, SupportDualLiveStream, SingleLiveStreamNo, DivisionLiveStreamNo, SupportVideoAnalysis, SupportPTZSpeed, IsVariableUnitCount, SupportSearchPort, DefaultSetupPort, SupportSetupPort) VALUES (9, 12, 17, 2, N'', N'', 80, 0, N'', 0, 0, 0, 0, 0, 0, 1, 0, 0, 255, 1, 1, 0, 1, 1, 0, 0, 0, 0, 1, 0, 0, 0, 0, 0, 0, 0, 0, 0);
INSERT INTO NetworkDeviceModels (NetworkDeviceModelID, DeviceModelID, DSIDeviceTypeID, DSIDeviceModelID, DefaultLoginName, DefaultPassword, DefaultPort, DefaultSearchPort, DefaultConfigURL, MaxCameraCount, MaxAudioInCount, MaxAudioOutCount, MaxSensorCount, MaxRelayCount, SupportsAbsolutePosition, SupportsMotionDetection, SupportsControlFrameRate, SupportsControlResolution, MaxPresetCount, SupportsMenu, SupportsPTZ, MaxAuxiliaryCount, SupportsLight, SupportsWiper, MaxPresetTourCount, MaxPatternTourCount, MaxSwingCount, MaxOtherTourCount, MaxStreamCount, SupportDualLiveStream, SingleLiveStreamNo, DivisionLiveStreamNo, SupportVideoAnalysis, SupportPTZSpeed, IsVariableUnitCount, SupportSearchPort, DefaultSetupPort, SupportSetupPort) VALUES (10, 17, 4, 2, N'root', N'ikwb', 80, 0, N'', 1, 0, 0, 1, 1, 0, 1, 0, 0, 255, 1, 1, 0, 1, 1, 0, 0, 0, 0, 1, 0, 0, 0, 0, 0, 0, 0, 0, 0);
INSERT INTO NetworkDeviceModels (NetworkDeviceModelID, DeviceModelID, DSIDeviceTypeID, DSIDeviceModelID, DefaultLoginName, DefaultPassword, DefaultPort, DefaultSearchPort, DefaultConfigURL, MaxCameraCount, MaxAudioInCount, MaxAudioOutCount, MaxSensorCount, MaxRelayCount, SupportsAbsolutePosition, SupportsMotionDetection, SupportsControlFrameRate, SupportsControlResolution, MaxPresetCount, SupportsMenu, SupportsPTZ, MaxAuxiliaryCount, SupportsLight, SupportsWiper, MaxPresetTourCount, MaxPatternTourCount, MaxSwingCount, MaxOtherTourCount, MaxStreamCount, SupportDualLiveStream, SingleLiveStreamNo, DivisionLiveStreamNo, SupportVideoAnalysis, SupportPTZSpeed, IsVariableUnitCount, SupportSearchPort, DefaultSetupPort, SupportSetupPort) VALUES (11, 18, 4, 3, N'root', N'ikwb', 80, 0, N'', 1, 0, 0, 1, 1, 0, 1, 0, 0, 255, 1, 1, 0, 1, 1, 0, 0, 0, 0, 1, 0, 0, 0, 0, 0, 0, 0, 0, 0);
INSERT INTO NetworkDeviceModels (NetworkDeviceModelID, DeviceModelID, DSIDeviceTypeID, DSIDeviceModelID, DefaultLoginName, DefaultPassword, DefaultPort, DefaultSearchPort, DefaultConfigURL, MaxCameraCount, MaxAudioInCount, MaxAudioOutCount, MaxSensorCount, MaxRelayCount, SupportsAbsolutePosition, SupportsMotionDetection, SupportsControlFrameRate, SupportsControlResolution, MaxPresetCount, SupportsMenu, SupportsPTZ, MaxAuxiliaryCount, SupportsLight, SupportsWiper, MaxPresetTourCount, MaxPatternTourCount, MaxSwingCount, MaxOtherTourCount, MaxStreamCount, SupportDualLiveStream, SingleLiveStreamNo, DivisionLiveStreamNo, SupportVideoAnalysis, SupportPTZSpeed, IsVariableUnitCount, SupportSearchPort, DefaultSetupPort, SupportSetupPort) VALUES (12, 19, 4, 4, N'root', N'ikwb', 80, 0, N'', 1, 0, 0, 1, 1, 0, 1, 0, 0, 255, 1, 1, 0, 1, 1, 0, 0, 0, 0, 1, 0, 0, 0, 0, 0, 0, 0, 0, 0);
INSERT INTO NetworkDeviceModels (NetworkDeviceModelID, DeviceModelID, DSIDeviceTypeID, DSIDeviceModelID, DefaultLoginName, DefaultPassword, DefaultPort, DefaultSearchPort, DefaultConfigURL, MaxCameraCount, MaxAudioInCount, MaxAudioOutCount, MaxSensorCount, MaxRelayCount, SupportsAbsolutePosition, SupportsMotionDetection, SupportsControlFrameRate, SupportsControlResolution, MaxPresetCount, SupportsMenu, SupportsPTZ, MaxAuxiliaryCount, SupportsLight, SupportsWiper, MaxPresetTourCount, MaxPatternTourCount, MaxSwingCount, MaxOtherTourCount, MaxStreamCount, SupportDualLiveStream, SingleLiveStreamNo, DivisionLiveStreamNo, SupportVideoAnalysis, SupportPTZSpeed, IsVariableUnitCount, SupportSearchPort, DefaultSetupPort, SupportSetupPort) VALUES (13, 20, 4, 5, N'root', N'ikwb', 80, 0, N'', 1, 0, 0, 1, 1, 0, 1, 0, 0, 255, 1, 1, 0, 1, 1, 0, 0, 0, 0, 1, 0, 0, 0, 0, 0, 0, 0, 0, 0);
INSERT INTO NetworkDeviceModels (NetworkDeviceModelID, DeviceModelID, DSIDeviceTypeID, DSIDeviceModelID, DefaultLoginName, DefaultPassword, DefaultPort, DefaultSearchPort, DefaultConfigURL, MaxCameraCount, MaxAudioInCount, MaxAudioOutCount, MaxSensorCount, MaxRelayCount, SupportsAbsolutePosition, SupportsMotionDetection, SupportsControlFrameRate, SupportsControlResolution, MaxPresetCount, SupportsMenu, SupportsPTZ, MaxAuxiliaryCount, SupportsLight, SupportsWiper, MaxPresetTourCount, MaxPatternTourCount, MaxSwingCount, MaxOtherTourCount, MaxStreamCount, SupportDualLiveStream, SingleLiveStreamNo, DivisionLiveStreamNo, SupportVideoAnalysis, SupportPTZSpeed, IsVariableUnitCount, SupportSearchPort, DefaultSetupPort, SupportSetupPort) VALUES (14, 21, 4, 6, N'root', N'ikwb', 80, 0, N'', 1, 0, 0, 1, 1, 0, 1, 0, 0, 255, 1, 1, 0, 1, 1, 0, 0, 0, 0, 1, 0, 0, 0, 0, 0, 0, 0, 0, 0);
INSERT INTO NetworkDeviceModels (NetworkDeviceModelID, DeviceModelID, DSIDeviceTypeID, DSIDeviceModelID, DefaultLoginName, DefaultPassword, DefaultPort, DefaultSearchPort, DefaultConfigURL, MaxCameraCount, MaxAudioInCount, MaxAudioOutCount, MaxSensorCount, MaxRelayCount, SupportsAbsolutePosition, SupportsMotionDetection, SupportsControlFrameRate, SupportsControlResolution, MaxPresetCount, SupportsMenu, SupportsPTZ, MaxAuxiliaryCount, SupportsLight, SupportsWiper, MaxPresetTourCount, MaxPatternTourCount, MaxSwingCount, MaxOtherTourCount, MaxStreamCount, SupportDualLiveStream, SingleLiveStreamNo, DivisionLiveStreamNo, SupportVideoAnalysis, SupportPTZSpeed, IsVariableUnitCount, SupportSearchPort, DefaultSetupPort, SupportSetupPort) VALUES (107, 115, 22, 2, N'root', N'', 1852, 0, N'', 1, 1, 1, 1, 1, 0, 0, 0, 0, 0, 0, 0, 0, 0, 0, 0, 0, 0, 0, 1, 0, 0, 0, 0, 0, 0, 0, 0, 0);
INSERT INTO NetworkDeviceModels (NetworkDeviceModelID, DeviceModelID, DSIDeviceTypeID, DSIDeviceModelID, DefaultLoginName, DefaultPassword, DefaultPort, DefaultSearchPort, DefaultConfigURL, MaxCameraCount, MaxAudioInCount, MaxAudioOutCount, MaxSensorCount, MaxRelayCount, SupportsAbsolutePosition, SupportsMotionDetection, SupportsControlFrameRate, SupportsControlResolution, MaxPresetCount, SupportsMenu, SupportsPTZ, MaxAuxiliaryCount, SupportsLight, SupportsWiper, MaxPresetTourCount, MaxPatternTourCount, MaxSwingCount, MaxOtherTourCount, MaxStreamCount, SupportDualLiveStream, SingleLiveStreamNo, DivisionLiveStreamNo, SupportVideoAnalysis, SupportPTZSpeed, IsVariableUnitCount, SupportSearchPort, DefaultSetupPort, SupportSetupPort) VALUES (16, 25, 24, 2, N'guest', N'1', 7000, 0, N'', 1, 0, 0, 1, 1, 0, 1, 0, 0, 0, 0, 0, 0, 1, 1, 0, 0, 0, 0, 1, 0, 0, 0, 0, 0, 0, 0, 0, 0);
INSERT INTO NetworkDeviceModels (NetworkDeviceModelID, DeviceModelID, DSIDeviceTypeID, DSIDeviceModelID, DefaultLoginName, DefaultPassword, DefaultPort, DefaultSearchPort, DefaultConfigURL, MaxCameraCount, MaxAudioInCount, MaxAudioOutCount, MaxSensorCount, MaxRelayCount, SupportsAbsolutePosition, SupportsMotionDetection, SupportsControlFrameRate, SupportsControlResolution, MaxPresetCount, SupportsMenu, SupportsPTZ, MaxAuxiliaryCount, SupportsLight, SupportsWiper, MaxPresetTourCount, MaxPatternTourCount, MaxSwingCount, MaxOtherTourCount, MaxStreamCount, SupportDualLiveStream, SingleLiveStreamNo, DivisionLiveStreamNo, SupportVideoAnalysis, SupportPTZSpeed, IsVariableUnitCount, SupportSearchPort, DefaultSetupPort, SupportSetupPort) VALUES (17, 26, 12, 1, N'adminuser', N'adminpass', 80, 0, N'', 1, 0, 0, 1, 1, 0, 1, 0, 0, 255, 1, 1, 0, 1, 1, 0, 0, 0, 0, 1, 0, 0, 0, 0, 0, 0, 0, 0, 0);
INSERT INTO NetworkDeviceModels (NetworkDeviceModelID, DeviceModelID, DSIDeviceTypeID, DSIDeviceModelID, DefaultLoginName, DefaultPassword, DefaultPort, DefaultSearchPort, DefaultConfigURL, MaxCameraCount, MaxAudioInCount, MaxAudioOutCount, MaxSensorCount, MaxRelayCount, SupportsAbsolutePosition, SupportsMotionDetection, SupportsControlFrameRate, SupportsControlResolution, MaxPresetCount, SupportsMenu, SupportsPTZ, MaxAuxiliaryCount, SupportsLight, SupportsWiper, MaxPresetTourCount, MaxPatternTourCount, MaxSwingCount, MaxOtherTourCount, MaxStreamCount, SupportDualLiveStream, SingleLiveStreamNo, DivisionLiveStreamNo, SupportVideoAnalysis, SupportPTZSpeed, IsVariableUnitCount, SupportSearchPort, DefaultSetupPort, SupportSetupPort) VALUES (18, 27, 12, 1, N'adminuser', N'adminpass', 80, 0, N'', 1, 0, 0, 1, 1, 0, 1, 0, 0, 255, 1, 1, 0, 1, 1, 0, 0, 0, 0, 1, 0, 0, 0, 0, 0, 0, 0, 0, 0);
INSERT INTO NetworkDeviceModels (NetworkDeviceModelID, DeviceModelID, DSIDeviceTypeID, DSIDeviceModelID, DefaultLoginName, DefaultPassword, DefaultPort, DefaultSearchPort, DefaultConfigURL, MaxCameraCount, MaxAudioInCount, MaxAudioOutCount, MaxSensorCount, MaxRelayCount, SupportsAbsolutePosition, SupportsMotionDetection, SupportsControlFrameRate, SupportsControlResolution, MaxPresetCount, SupportsMenu, SupportsPTZ, MaxAuxiliaryCount, SupportsLight, SupportsWiper, MaxPresetTourCount, MaxPatternTourCount, MaxSwingCount, MaxOtherTourCount, MaxStreamCount, SupportDualLiveStream, SingleLiveStreamNo, DivisionLiveStreamNo, SupportVideoAnalysis, SupportPTZSpeed, IsVariableUnitCount, SupportSearchPort, DefaultSetupPort, SupportSetupPort) VALUES (80, 89, 15, 16, N'admin', N'', 69, 0, N'', 1, 0, 0, 0, 0, 0, 1, 0, 0, 255, 1, 1, 0, 1, 1, 0, 0, 0, 0, 1, 0, 0, 0, 0, 0, 0, 0, 0, 0);
INSERT INTO NetworkDeviceModels (NetworkDeviceModelID, DeviceModelID, DSIDeviceTypeID, DSIDeviceModelID, DefaultLoginName, DefaultPassword, DefaultPort, DefaultSearchPort, DefaultConfigURL, MaxCameraCount, MaxAudioInCount, MaxAudioOutCount, MaxSensorCount, MaxRelayCount, SupportsAbsolutePosition, SupportsMotionDetection, SupportsControlFrameRate, SupportsControlResolution, MaxPresetCount, SupportsMenu, SupportsPTZ, MaxAuxiliaryCount, SupportsLight, SupportsWiper, MaxPresetTourCount, MaxPatternTourCount, MaxSwingCount, MaxOtherTourCount, MaxStreamCount, SupportDualLiveStream, SingleLiveStreamNo, DivisionLiveStreamNo, SupportVideoAnalysis, SupportPTZSpeed, IsVariableUnitCount, SupportSearchPort, DefaultSetupPort, SupportSetupPort) VALUES (25, 42, 5, 1, N'root', N'', 80, 0, N'', 1, 0, 0, 0, 0, 0, 1, 0, 0, 255, 1, 1, 0, 1, 1, 0, 0, 0, 0, 1, 0, 0, 0, 0, 0, 0, 0, 0, 0);
INSERT INTO NetworkDeviceModels (NetworkDeviceModelID, DeviceModelID, DSIDeviceTypeID, DSIDeviceModelID, DefaultLoginName, DefaultPassword, DefaultPort, DefaultSearchPort, DefaultConfigURL, MaxCameraCount, MaxAudioInCount, MaxAudioOutCount, MaxSensorCount, MaxRelayCount, SupportsAbsolutePosition, SupportsMotionDetection, SupportsControlFrameRate, SupportsControlResolution, MaxPresetCount, SupportsMenu, SupportsPTZ, MaxAuxiliaryCount, SupportsLight, SupportsWiper, MaxPresetTourCount, MaxPatternTourCount, MaxSwingCount, MaxOtherTourCount, MaxStreamCount, SupportDualLiveStream, SingleLiveStreamNo, DivisionLiveStreamNo, SupportVideoAnalysis, SupportPTZSpeed, IsVariableUnitCount, SupportSearchPort, DefaultSetupPort, SupportSetupPort) VALUES (26, 43, 5, 2, N'root', N'', 80, 0, N'', 1, 0, 0, 0, 0, 0, 1, 0, 0, 255, 1, 1, 0, 1, 1, 0, 0, 0, 0, 1, 0, 0, 0, 0, 0, 0, 0, 0, 0);
INSERT INTO NetworkDeviceModels (NetworkDeviceModelID, DeviceModelID, DSIDeviceTypeID, DSIDeviceModelID, DefaultLoginName, DefaultPassword, DefaultPort, DefaultSearchPort, DefaultConfigURL, MaxCameraCount, MaxAudioInCount, MaxAudioOutCount, MaxSensorCount, MaxRelayCount, SupportsAbsolutePosition, SupportsMotionDetection, SupportsControlFrameRate, SupportsControlResolution, MaxPresetCount, SupportsMenu, SupportsPTZ, MaxAuxiliaryCount, SupportsLight, SupportsWiper, MaxPresetTourCount, MaxPatternTourCount, MaxSwingCount, MaxOtherTourCount, MaxStreamCount, SupportDualLiveStream, SingleLiveStreamNo, DivisionLiveStreamNo, SupportVideoAnalysis, SupportPTZSpeed, IsVariableUnitCount, SupportSearchPort, DefaultSetupPort, SupportSetupPort) VALUES (28, 44, 5, 3, N'root', N'', 80, 0, N'', 4, 0, 0, 0, 0, 0, 1, 0, 0, 255, 1, 1, 0, 1, 1, 0, 0, 0, 0, 1, 0, 0, 0, 0, 0, 0, 0, 0, 0);
INSERT INTO NetworkDeviceModels (NetworkDeviceModelID, DeviceModelID, DSIDeviceTypeID, DSIDeviceModelID, DefaultLoginName, DefaultPassword, DefaultPort, DefaultSearchPort, DefaultConfigURL, MaxCameraCount, MaxAudioInCount, MaxAudioOutCount, MaxSensorCount, MaxRelayCount, SupportsAbsolutePosition, SupportsMotionDetection, SupportsControlFrameRate, SupportsControlResolution, MaxPresetCount, SupportsMenu, SupportsPTZ, MaxAuxiliaryCount, SupportsLight, SupportsWiper, MaxPresetTourCount, MaxPatternTourCount, MaxSwingCount, MaxOtherTourCount, MaxStreamCount, SupportDualLiveStream, SingleLiveStreamNo, DivisionLiveStreamNo, SupportVideoAnalysis, SupportPTZSpeed, IsVariableUnitCount, SupportSearchPort, DefaultSetupPort, SupportSetupPort) VALUES (30, 46, 19, 1, N'admin', N'', 0, 0, N'', 1, 0, 0, 0, 0, 0, 1, 0, 0, 255, 1, 1, 0, 1, 1, 0, 0, 0, 0, 1, 0, 0, 0, 0, 0, 0, 0, 0, 0);
INSERT INTO NetworkDeviceModels (NetworkDeviceModelID, DeviceModelID, DSIDeviceTypeID, DSIDeviceModelID, DefaultLoginName, DefaultPassword, DefaultPort, DefaultSearchPort, DefaultConfigURL, MaxCameraCount, MaxAudioInCount, MaxAudioOutCount, MaxSensorCount, MaxRelayCount, SupportsAbsolutePosition, SupportsMotionDetection, SupportsControlFrameRate, SupportsControlResolution, MaxPresetCount, SupportsMenu, SupportsPTZ, MaxAuxiliaryCount, SupportsLight, SupportsWiper, MaxPresetTourCount, MaxPatternTourCount, MaxSwingCount, MaxOtherTourCount, MaxStreamCount, SupportDualLiveStream, SingleLiveStreamNo, DivisionLiveStreamNo, SupportVideoAnalysis, SupportPTZSpeed, IsVariableUnitCount, SupportSearchPort, DefaultSetupPort, SupportSetupPort) VALUES (31, 47, 19, 2, N'admin', N'', 0, 0, N'', 1, 0, 0, 0, 0, 0, 1, 0, 0, 255, 1, 1, 0, 1, 1, 0, 0, 0, 0, 1, 0, 0, 0, 0, 0, 0, 0, 0, 0);
INSERT INTO NetworkDeviceModels (NetworkDeviceModelID, DeviceModelID, DSIDeviceTypeID, DSIDeviceModelID, DefaultLoginName, DefaultPassword, DefaultPort, DefaultSearchPort, DefaultConfigURL, MaxCameraCount, MaxAudioInCount, MaxAudioOutCount, MaxSensorCount, MaxRelayCount, SupportsAbsolutePosition, SupportsMotionDetection, SupportsControlFrameRate, SupportsControlResolution, MaxPresetCount, SupportsMenu, SupportsPTZ, MaxAuxiliaryCount, SupportsLight, SupportsWiper, MaxPresetTourCount, MaxPatternTourCount, MaxSwingCount, MaxOtherTourCount, MaxStreamCount, SupportDualLiveStream, SingleLiveStreamNo, DivisionLiveStreamNo, SupportVideoAnalysis, SupportPTZSpeed, IsVariableUnitCount, SupportSearchPort, DefaultSetupPort, SupportSetupPort) VALUES (32, 48, 19, 3, N'admin', N'', 0, 0, N'', 1, 0, 0, 0, 0, 0, 1, 0, 0, 255, 1, 1, 0, 1, 1, 0, 0, 0, 0, 1, 0, 0, 0, 0, 0, 0, 0, 0, 0);
INSERT INTO NetworkDeviceModels (NetworkDeviceModelID, DeviceModelID, DSIDeviceTypeID, DSIDeviceModelID, DefaultLoginName, DefaultPassword, DefaultPort, DefaultSearchPort, DefaultConfigURL, MaxCameraCount, MaxAudioInCount, MaxAudioOutCount, MaxSensorCount, MaxRelayCount, SupportsAbsolutePosition, SupportsMotionDetection, SupportsControlFrameRate, SupportsControlResolution, MaxPresetCount, SupportsMenu, SupportsPTZ, MaxAuxiliaryCount, SupportsLight, SupportsWiper, MaxPresetTourCount, MaxPatternTourCount, MaxSwingCount, MaxOtherTourCount, MaxStreamCount, SupportDualLiveStream, SingleLiveStreamNo, DivisionLiveStreamNo, SupportVideoAnalysis, SupportPTZSpeed, IsVariableUnitCount, SupportSearchPort, DefaultSetupPort, SupportSetupPort) VALUES (53, 50, 19, 4, N'admin', N'', 0, 0, N'', 1, 0, 0, 0, 0, 0, 1, 0, 0, 255, 1, 1, 0, 1, 1, 0, 0, 0, 0, 1, 0, 0, 0, 0, 0, 0, 0, 0, 0);
INSERT INTO NetworkDeviceModels (NetworkDeviceModelID, DeviceModelID, DSIDeviceTypeID, DSIDeviceModelID, DefaultLoginName, DefaultPassword, DefaultPort, DefaultSearchPort, DefaultConfigURL, MaxCameraCount, MaxAudioInCount, MaxAudioOutCount, MaxSensorCount, MaxRelayCount, SupportsAbsolutePosition, SupportsMotionDetection, SupportsControlFrameRate, SupportsControlResolution, MaxPresetCount, SupportsMenu, SupportsPTZ, MaxAuxiliaryCount, SupportsLight, SupportsWiper, MaxPresetTourCount, MaxPatternTourCount, MaxSwingCount, MaxOtherTourCount, MaxStreamCount, SupportDualLiveStream, SingleLiveStreamNo, DivisionLiveStreamNo, SupportVideoAnalysis, SupportPTZSpeed, IsVariableUnitCount, SupportSearchPort, DefaultSetupPort, SupportSetupPort) VALUES (58, 51, 19, 5, N'admin', N'', 0, 0, N'', 1, 0, 0, 0, 0, 0, 1, 0, 0, 255, 1, 1, 0, 1, 1, 0, 0, 0, 0, 1, 0, 0, 0, 0, 0, 0, 0, 0, 0);
INSERT INTO NetworkDeviceModels (NetworkDeviceModelID, DeviceModelID, DSIDeviceTypeID, DSIDeviceModelID, DefaultLoginName, DefaultPassword, DefaultPort, DefaultSearchPort, DefaultConfigURL, MaxCameraCount, MaxAudioInCount, MaxAudioOutCount, MaxSensorCount, MaxRelayCount, SupportsAbsolutePosition, SupportsMotionDetection, SupportsControlFrameRate, SupportsControlResolution, MaxPresetCount, SupportsMenu, SupportsPTZ, MaxAuxiliaryCount, SupportsLight, SupportsWiper, MaxPresetTourCount, MaxPatternTourCount, MaxSwingCount, MaxOtherTourCount, MaxStreamCount, SupportDualLiveStream, SingleLiveStreamNo, DivisionLiveStreamNo, SupportVideoAnalysis, SupportPTZSpeed, IsVariableUnitCount, SupportSearchPort, DefaultSetupPort, SupportSetupPort) VALUES (60, 56, 15, 1, N'', N'', 8080, 0, N'', 1, 0, 0, 1, 1, 0, 1, 0, 0, 255, 1, 1, 0, 1, 1, 0, 0, 0, 0, 1, 0, 0, 0, 0, 0, 0, 0, 0, 0);
INSERT INTO NetworkDeviceModels (NetworkDeviceModelID, DeviceModelID, DSIDeviceTypeID, DSIDeviceModelID, DefaultLoginName, DefaultPassword, DefaultPort, DefaultSearchPort, DefaultConfigURL, MaxCameraCount, MaxAudioInCount, MaxAudioOutCount, MaxSensorCount, MaxRelayCount, SupportsAbsolutePosition, SupportsMotionDetection, SupportsControlFrameRate, SupportsControlResolution, MaxPresetCount, SupportsMenu, SupportsPTZ, MaxAuxiliaryCount, SupportsLight, SupportsWiper, MaxPresetTourCount, MaxPatternTourCount, MaxSwingCount, MaxOtherTourCount, MaxStreamCount, SupportDualLiveStream, SingleLiveStreamNo, DivisionLiveStreamNo, SupportVideoAnalysis, SupportPTZSpeed, IsVariableUnitCount, SupportSearchPort, DefaultSetupPort, SupportSetupPort) VALUES (61, 57, 17, 1, N'', N'', 0, 0, N'', 0, 0, 0, 0, 0, 0, 1, 0, 0, 255, 1, 1, 0, 1, 1, 0, 0, 0, 0, 1, 0, 0, 0, 0, 0, 0, 0, 0, 0);
INSERT INTO NetworkDeviceModels (NetworkDeviceModelID, DeviceModelID, DSIDeviceTypeID, DSIDeviceModelID, DefaultLoginName, DefaultPassword, DefaultPort, DefaultSearchPort, DefaultConfigURL, MaxCameraCount, MaxAudioInCount, MaxAudioOutCount, MaxSensorCount, MaxRelayCount, SupportsAbsolutePosition, SupportsMotionDetection, SupportsControlFrameRate, SupportsControlResolution, MaxPresetCount, SupportsMenu, SupportsPTZ, MaxAuxiliaryCount, SupportsLight, SupportsWiper, MaxPresetTourCount, MaxPatternTourCount, MaxSwingCount, MaxOtherTourCount, MaxStreamCount, SupportDualLiveStream, SingleLiveStreamNo, DivisionLiveStreamNo, SupportVideoAnalysis, SupportPTZSpeed, IsVariableUnitCount, SupportSearchPort, DefaultSetupPort, SupportSetupPort) VALUES (62, 58, 14, 1, N'root', N'4321', 80, 0, N'', 1, 0, 0, 4, 4, 0, 1, 0, 0, 255, 1, 1, 0, 1, 1, 0, 0, 0, 0, 1, 0, 0, 0, 0, 0, 0, 0, 0, 0);
INSERT INTO NetworkDeviceModels (NetworkDeviceModelID, DeviceModelID, DSIDeviceTypeID, DSIDeviceModelID, DefaultLoginName, DefaultPassword, DefaultPort, DefaultSearchPort, DefaultConfigURL, MaxCameraCount, MaxAudioInCount, MaxAudioOutCount, MaxSensorCount, MaxRelayCount, SupportsAbsolutePosition, SupportsMotionDetection, SupportsControlFrameRate, SupportsControlResolution, MaxPresetCount, SupportsMenu, SupportsPTZ, MaxAuxiliaryCount, SupportsLight, SupportsWiper, MaxPresetTourCount, MaxPatternTourCount, MaxSwingCount, MaxOtherTourCount, MaxStreamCount, SupportDualLiveStream, SingleLiveStreamNo, DivisionLiveStreamNo, SupportVideoAnalysis, SupportPTZSpeed, IsVariableUnitCount, SupportSearchPort, DefaultSetupPort, SupportSetupPort) VALUES (63, 59, 11, 2, N'admin', N'admin', 4000, 0, N'', 1, 0, 0, 1, 1, 0, 1, 0, 0, 255, 1, 1, 0, 1, 1, 0, 0, 0, 0, 1, 0, 0, 0, 0, 0, 0, 0, 0, 0);
INSERT INTO NetworkDeviceModels (NetworkDeviceModelID, DeviceModelID, DSIDeviceTypeID, DSIDeviceModelID, DefaultLoginName, DefaultPassword, DefaultPort, DefaultSearchPort, DefaultConfigURL, MaxCameraCount, MaxAudioInCount, MaxAudioOutCount, MaxSensorCount, MaxRelayCount, SupportsAbsolutePosition, SupportsMotionDetection, SupportsControlFrameRate, SupportsControlResolution, MaxPresetCount, SupportsMenu, SupportsPTZ, MaxAuxiliaryCount, SupportsLight, SupportsWiper, MaxPresetTourCount, MaxPatternTourCount, MaxSwingCount, MaxOtherTourCount, MaxStreamCount, SupportDualLiveStream, SingleLiveStreamNo, DivisionLiveStreamNo, SupportVideoAnalysis, SupportPTZSpeed, IsVariableUnitCount, SupportSearchPort, DefaultSetupPort, SupportSetupPort) VALUES (64, 60, 11, 3, N'admin', N'admin', 4000, 0, N'', 1, 0, 0, 1, 1, 0, 1, 0, 0, 255, 1, 1, 0, 1, 1, 0, 0, 0, 0, 1, 0, 0, 0, 0, 0, 0, 0, 0, 0);
INSERT INTO NetworkDeviceModels (NetworkDeviceModelID, DeviceModelID, DSIDeviceTypeID, DSIDeviceModelID, DefaultLoginName, DefaultPassword, DefaultPort, DefaultSearchPort, DefaultConfigURL, MaxCameraCount, MaxAudioInCount, MaxAudioOutCount, MaxSensorCount, MaxRelayCount, SupportsAbsolutePosition, SupportsMotionDetection, SupportsControlFrameRate, SupportsControlResolution, MaxPresetCount, SupportsMenu, SupportsPTZ, MaxAuxiliaryCount, SupportsLight, SupportsWiper, MaxPresetTourCount, MaxPatternTourCount, MaxSwingCount, MaxOtherTourCount, MaxStreamCount, SupportDualLiveStream, SingleLiveStreamNo, DivisionLiveStreamNo, SupportVideoAnalysis, SupportPTZSpeed, IsVariableUnitCount, SupportSearchPort, DefaultSetupPort, SupportSetupPort) VALUES (65, 61, 11, 4, N'admin', N'admin', 4000, 0, N'', 1, 0, 0, 1, 1, 0, 1, 0, 0, 255, 1, 1, 0, 1, 1, 0, 0, 0, 0, 1, 0, 0, 0, 0, 0, 0, 0, 0, 0);
INSERT INTO NetworkDeviceModels (NetworkDeviceModelID, DeviceModelID, DSIDeviceTypeID, DSIDeviceModelID, DefaultLoginName, DefaultPassword, DefaultPort, DefaultSearchPort, DefaultConfigURL, MaxCameraCount, MaxAudioInCount, MaxAudioOutCount, MaxSensorCount, MaxRelayCount, SupportsAbsolutePosition, SupportsMotionDetection, SupportsControlFrameRate, SupportsControlResolution, MaxPresetCount, SupportsMenu, SupportsPTZ, MaxAuxiliaryCount, SupportsLight, SupportsWiper, MaxPresetTourCount, MaxPatternTourCount, MaxSwingCount, MaxOtherTourCount, MaxStreamCount, SupportDualLiveStream, SingleLiveStreamNo, DivisionLiveStreamNo, SupportVideoAnalysis, SupportPTZSpeed, IsVariableUnitCount, SupportSearchPort, DefaultSetupPort, SupportSetupPort) VALUES (66, 62, 11, 5, N'admin', N'admin', 4000, 0, N'', 1, 0, 0, 1, 0, 0, 1, 0, 0, 255, 1, 1, 0, 1, 1, 0, 0, 0, 0, 1, 0, 0, 0, 0, 0, 0, 0, 0, 0);
INSERT INTO NetworkDeviceModels (NetworkDeviceModelID, DeviceModelID, DSIDeviceTypeID, DSIDeviceModelID, DefaultLoginName, DefaultPassword, DefaultPort, DefaultSearchPort, DefaultConfigURL, MaxCameraCount, MaxAudioInCount, MaxAudioOutCount, MaxSensorCount, MaxRelayCount, SupportsAbsolutePosition, SupportsMotionDetection, SupportsControlFrameRate, SupportsControlResolution, MaxPresetCount, SupportsMenu, SupportsPTZ, MaxAuxiliaryCount, SupportsLight, SupportsWiper, MaxPresetTourCount, MaxPatternTourCount, MaxSwingCount, MaxOtherTourCount, MaxStreamCount, SupportDualLiveStream, SingleLiveStreamNo, DivisionLiveStreamNo, SupportVideoAnalysis, SupportPTZSpeed, IsVariableUnitCount, SupportSearchPort, DefaultSetupPort, SupportSetupPort) VALUES (67, 63, 11, 6, N'admin', N'admin', 4000, 0, N'', 1, 0, 0, 1, 2, 0, 1, 0, 0, 255, 1, 1, 0, 1, 1, 0, 0, 0, 0, 1, 0, 0, 0, 0, 0, 0, 0, 0, 0);
INSERT INTO NetworkDeviceModels (NetworkDeviceModelID, DeviceModelID, DSIDeviceTypeID, DSIDeviceModelID, DefaultLoginName, DefaultPassword, DefaultPort, DefaultSearchPort, DefaultConfigURL, MaxCameraCount, MaxAudioInCount, MaxAudioOutCount, MaxSensorCount, MaxRelayCount, SupportsAbsolutePosition, SupportsMotionDetection, SupportsControlFrameRate, SupportsControlResolution, MaxPresetCount, SupportsMenu, SupportsPTZ, MaxAuxiliaryCount, SupportsLight, SupportsWiper, MaxPresetTourCount, MaxPatternTourCount, MaxSwingCount, MaxOtherTourCount, MaxStreamCount, SupportDualLiveStream, SingleLiveStreamNo, DivisionLiveStreamNo, SupportVideoAnalysis, SupportPTZSpeed, IsVariableUnitCount, SupportSearchPort, DefaultSetupPort, SupportSetupPort) VALUES (68, 64, 18, 1, N'root', N'', 5003, 0, N'', 1, 0, 0, 1, 1, 0, 1, 0, 0, 255, 1, 1, 0, 1, 1, 0, 0, 0, 0, 1, 0, 0, 0, 0, 0, 0, 0, 0, 0);
INSERT INTO NetworkDeviceModels (NetworkDeviceModelID, DeviceModelID, DSIDeviceTypeID, DSIDeviceModelID, DefaultLoginName, DefaultPassword, DefaultPort, DefaultSearchPort, DefaultConfigURL, MaxCameraCount, MaxAudioInCount, MaxAudioOutCount, MaxSensorCount, MaxRelayCount, SupportsAbsolutePosition, SupportsMotionDetection, SupportsControlFrameRate, SupportsControlResolution, MaxPresetCount, SupportsMenu, SupportsPTZ, MaxAuxiliaryCount, SupportsLight, SupportsWiper, MaxPresetTourCount, MaxPatternTourCount, MaxSwingCount, MaxOtherTourCount, MaxStreamCount, SupportDualLiveStream, SingleLiveStreamNo, DivisionLiveStreamNo, SupportVideoAnalysis, SupportPTZSpeed, IsVariableUnitCount, SupportSearchPort, DefaultSetupPort, SupportSetupPort) VALUES (69, 65, 18, 2, N'root', N'', 5003, 0, N'', 1, 0, 0, 8, 1, 0, 1, 0, 0, 255, 1, 1, 0, 1, 1, 0, 0, 0, 0, 1, 0, 0, 0, 0, 0, 0, 0, 0, 0);
INSERT INTO NetworkDeviceModels (NetworkDeviceModelID, DeviceModelID, DSIDeviceTypeID, DSIDeviceModelID, DefaultLoginName, DefaultPassword, DefaultPort, DefaultSearchPort, DefaultConfigURL, MaxCameraCount, MaxAudioInCount, MaxAudioOutCount, MaxSensorCount, MaxRelayCount, SupportsAbsolutePosition, SupportsMotionDetection, SupportsControlFrameRate, SupportsControlResolution, MaxPresetCount, SupportsMenu, SupportsPTZ, MaxAuxiliaryCount, SupportsLight, SupportsWiper, MaxPresetTourCount, MaxPatternTourCount, MaxSwingCount, MaxOtherTourCount, MaxStreamCount, SupportDualLiveStream, SingleLiveStreamNo, DivisionLiveStreamNo, SupportVideoAnalysis, SupportPTZSpeed, IsVariableUnitCount, SupportSearchPort, DefaultSetupPort, SupportSetupPort) VALUES (70, 66, 18, 3, N'root', N'', 5003, 0, N'', 1, 0, 0, 0, 0, 0, 1, 0, 0, 255, 1, 1, 0, 1, 1, 0, 0, 0, 0, 1, 0, 0, 0, 0, 0, 0, 0, 0, 0);
INSERT INTO NetworkDeviceModels (NetworkDeviceModelID, DeviceModelID, DSIDeviceTypeID, DSIDeviceModelID, DefaultLoginName, DefaultPassword, DefaultPort, DefaultSearchPort, DefaultConfigURL, MaxCameraCount, MaxAudioInCount, MaxAudioOutCount, MaxSensorCount, MaxRelayCount, SupportsAbsolutePosition, SupportsMotionDetection, SupportsControlFrameRate, SupportsControlResolution, MaxPresetCount, SupportsMenu, SupportsPTZ, MaxAuxiliaryCount, SupportsLight, SupportsWiper, MaxPresetTourCount, MaxPatternTourCount, MaxSwingCount, MaxOtherTourCount, MaxStreamCount, SupportDualLiveStream, SingleLiveStreamNo, DivisionLiveStreamNo, SupportVideoAnalysis, SupportPTZSpeed, IsVariableUnitCount, SupportSearchPort, DefaultSetupPort, SupportSetupPort) VALUES (71, 67, 18, 4, N'root', N'', 5004, 0, N'', 1, 0, 0, 1, 1, 0, 1, 0, 0, 255, 1, 1, 0, 1, 1, 100, 0, 0, 0, 1, 0, 0, 0, 0, 0, 0, 0, 0, 0);
INSERT INTO NetworkDeviceModels (NetworkDeviceModelID, DeviceModelID, DSIDeviceTypeID, DSIDeviceModelID, DefaultLoginName, DefaultPassword, DefaultPort, DefaultSearchPort, DefaultConfigURL, MaxCameraCount, MaxAudioInCount, MaxAudioOutCount, MaxSensorCount, MaxRelayCount, SupportsAbsolutePosition, SupportsMotionDetection, SupportsControlFrameRate, SupportsControlResolution, MaxPresetCount, SupportsMenu, SupportsPTZ, MaxAuxiliaryCount, SupportsLight, SupportsWiper, MaxPresetTourCount, MaxPatternTourCount, MaxSwingCount, MaxOtherTourCount, MaxStreamCount, SupportDualLiveStream, SingleLiveStreamNo, DivisionLiveStreamNo, SupportVideoAnalysis, SupportPTZSpeed, IsVariableUnitCount, SupportSearchPort, DefaultSetupPort, SupportSetupPort) VALUES (72, 68, 13, 1, N'', N'', 0, 0, N'', 0, 0, 0, 0, 0, 0, 1, 0, 0, 255, 1, 1, 0, 1, 1, 0, 0, 0, 0, 1, 0, 0, 0, 0, 0, 0, 0, 0, 0);
INSERT INTO NetworkDeviceModels (NetworkDeviceModelID, DeviceModelID, DSIDeviceTypeID, DSIDeviceModelID, DefaultLoginName, DefaultPassword, DefaultPort, DefaultSearchPort, DefaultConfigURL, MaxCameraCount, MaxAudioInCount, MaxAudioOutCount, MaxSensorCount, MaxRelayCount, SupportsAbsolutePosition, SupportsMotionDetection, SupportsControlFrameRate, SupportsControlResolution, MaxPresetCount, SupportsMenu, SupportsPTZ, MaxAuxiliaryCount, SupportsLight, SupportsWiper, MaxPresetTourCount, MaxPatternTourCount, MaxSwingCount, MaxOtherTourCount, MaxStreamCount, SupportDualLiveStream, SingleLiveStreamNo, DivisionLiveStreamNo, SupportVideoAnalysis, SupportPTZSpeed, IsVariableUnitCount, SupportSearchPort, DefaultSetupPort, SupportSetupPort) VALUES (73, 69, 13, 2, N'', N'', 0, 0, N'', 0, 0, 0, 0, 0, 0, 1, 0, 0, 255, 1, 1, 0, 1, 1, 0, 0, 0, 0, 1, 0, 0, 0, 0, 0, 0, 0, 0, 0);
INSERT INTO NetworkDeviceModels (NetworkDeviceModelID, DeviceModelID, DSIDeviceTypeID, DSIDeviceModelID, DefaultLoginName, DefaultPassword, DefaultPort, DefaultSearchPort, DefaultConfigURL, MaxCameraCount, MaxAudioInCount, MaxAudioOutCount, MaxSensorCount, MaxRelayCount, SupportsAbsolutePosition, SupportsMotionDetection, SupportsControlFrameRate, SupportsControlResolution, MaxPresetCount, SupportsMenu, SupportsPTZ, MaxAuxiliaryCount, SupportsLight, SupportsWiper, MaxPresetTourCount, MaxPatternTourCount, MaxSwingCount, MaxOtherTourCount, MaxStreamCount, SupportDualLiveStream, SingleLiveStreamNo, DivisionLiveStreamNo, SupportVideoAnalysis, SupportPTZSpeed, IsVariableUnitCount, SupportSearchPort, DefaultSetupPort, SupportSetupPort) VALUES (164, 164, 2, 5, N'Administrator', N'', 6000, 0, N'', 128, 0, 0, 128, 0, 0, 1, 0, 0, 255, 0, 1, 0, 0, 0, 0, 0, 0, 0, 1, 0, 0, 0, 0, 1, 0, 0, 0, 0);
INSERT INTO NetworkDeviceModels (NetworkDeviceModelID, DeviceModelID, DSIDeviceTypeID, DSIDeviceModelID, DefaultLoginName, DefaultPassword, DefaultPort, DefaultSearchPort, DefaultConfigURL, MaxCameraCount, MaxAudioInCount, MaxAudioOutCount, MaxSensorCount, MaxRelayCount, SupportsAbsolutePosition, SupportsMotionDetection, SupportsControlFrameRate, SupportsControlResolution, MaxPresetCount, SupportsMenu, SupportsPTZ, MaxAuxiliaryCount, SupportsLight, SupportsWiper, MaxPresetTourCount, MaxPatternTourCount, MaxSwingCount, MaxOtherTourCount, MaxStreamCount, SupportDualLiveStream, SingleLiveStreamNo, DivisionLiveStreamNo, SupportVideoAnalysis, SupportPTZSpeed, IsVariableUnitCount, SupportSearchPort, DefaultSetupPort, SupportSetupPort) VALUES (108, 129, 11, 15, N'', N'', 80, 0, N'en/l4/advance.html', 1, 0, 0, 1, 0, 0, 0, 0, 0, 0, 0, 0, 0, 0, 0, 0, 0, 0, 0, 1, 0, 0, 0, 0, 0, 0, 0, 0, 0);
INSERT INTO NetworkDeviceModels (NetworkDeviceModelID, DeviceModelID, DSIDeviceTypeID, DSIDeviceModelID, DefaultLoginName, DefaultPassword, DefaultPort, DefaultSearchPort, DefaultConfigURL, MaxCameraCount, MaxAudioInCount, MaxAudioOutCount, MaxSensorCount, MaxRelayCount, SupportsAbsolutePosition, SupportsMotionDetection, SupportsControlFrameRate, SupportsControlResolution, MaxPresetCount, SupportsMenu, SupportsPTZ, MaxAuxiliaryCount, SupportsLight, SupportsWiper, MaxPresetTourCount, MaxPatternTourCount, MaxSwingCount, MaxOtherTourCount, MaxStreamCount, SupportDualLiveStream, SingleLiveStreamNo, DivisionLiveStreamNo, SupportVideoAnalysis, SupportPTZSpeed, IsVariableUnitCount, SupportSearchPort, DefaultSetupPort, SupportSetupPort) VALUES (109, 130, 11, 16, N'', N'', 80, 0, N'en/l4/index.html', 1, 0, 0, 1, 2, 0, 0, 0, 0, 0, 0, 0, 0, 0, 0, 0, 0, 0, 0, 1, 0, 0, 0, 0, 0, 0, 0, 0, 0);
INSERT INTO NetworkDeviceModels (NetworkDeviceModelID, DeviceModelID, DSIDeviceTypeID, DSIDeviceModelID, DefaultLoginName, DefaultPassword, DefaultPort, DefaultSearchPort, DefaultConfigURL, MaxCameraCount, MaxAudioInCount, MaxAudioOutCount, MaxSensorCount, MaxRelayCount, SupportsAbsolutePosition, SupportsMotionDetection, SupportsControlFrameRate, SupportsControlResolution, MaxPresetCount, SupportsMenu, SupportsPTZ, MaxAuxiliaryCount, SupportsLight, SupportsWiper, MaxPresetTourCount, MaxPatternTourCount, MaxSwingCount, MaxOtherTourCount, MaxStreamCount, SupportDualLiveStream, SingleLiveStreamNo, DivisionLiveStreamNo, SupportVideoAnalysis, SupportPTZSpeed, IsVariableUnitCount, SupportSearchPort, DefaultSetupPort, SupportSetupPort) VALUES (110, 139, 11, 25, N'', N'', 80, 0, N'en/l4/advance.html', 1, 0, 0, 2, 0, 0, 0, 0, 0, 0, 0, 0, 0, 0, 0, 0, 0, 0, 0, 1, 0, 0, 0, 0, 0, 0, 0, 0, 0);
INSERT INTO NetworkDeviceModels (NetworkDeviceModelID, DeviceModelID, DSIDeviceTypeID, DSIDeviceModelID, DefaultLoginName, DefaultPassword, DefaultPort, DefaultSearchPort, DefaultConfigURL, MaxCameraCount, MaxAudioInCount, MaxAudioOutCount, MaxSensorCount, MaxRelayCount, SupportsAbsolutePosition, SupportsMotionDetection, SupportsControlFrameRate, SupportsControlResolution, MaxPresetCount, SupportsMenu, SupportsPTZ, MaxAuxiliaryCount, SupportsLight, SupportsWiper, MaxPresetTourCount, MaxPatternTourCount, MaxSwingCount, MaxOtherTourCount, MaxStreamCount, SupportDualLiveStream, SingleLiveStreamNo, DivisionLiveStreamNo, SupportVideoAnalysis, SupportPTZSpeed, IsVariableUnitCount, SupportSearchPort, DefaultSetupPort, SupportSetupPort) VALUES (111, 140, 11, 26, N'', N'', 80, 0, N'en/l4/advance.html', 1, 0, 0, 1, 1, 0, 0, 0, 0, 0, 0, 0, 0, 0, 0, 0, 0, 0, 0, 1, 0, 0, 0, 0, 0, 0, 0, 0, 0);
INSERT INTO NetworkDeviceModels (NetworkDeviceModelID, DeviceModelID, DSIDeviceTypeID, DSIDeviceModelID, DefaultLoginName, DefaultPassword, DefaultPort, DefaultSearchPort, DefaultConfigURL, MaxCameraCount, MaxAudioInCount, MaxAudioOutCount, MaxSensorCount, MaxRelayCount, SupportsAbsolutePosition, SupportsMotionDetection, SupportsControlFrameRate, SupportsControlResolution, MaxPresetCount, SupportsMenu, SupportsPTZ, MaxAuxiliaryCount, SupportsLight, SupportsWiper, MaxPresetTourCount, MaxPatternTourCount, MaxSwingCount, MaxOtherTourCount, MaxStreamCount, SupportDualLiveStream, SingleLiveStreamNo, DivisionLiveStreamNo, SupportVideoAnalysis, SupportPTZSpeed, IsVariableUnitCount, SupportSearchPort, DefaultSetupPort, SupportSetupPort) VALUES (112, 111, 15, 17, N'admin', N'', 69, 0, N'', 4, 0, 0, 0, 0, 0, 0, 0, 0, 0, 0, 0, 0, 0, 0, 0, 0, 0, 0, 1, 0, 0, 0, 0, 0, 0, 0, 0, 0);
INSERT INTO NetworkDeviceModels (NetworkDeviceModelID, DeviceModelID, DSIDeviceTypeID, DSIDeviceModelID, DefaultLoginName, DefaultPassword, DefaultPort, DefaultSearchPort, DefaultConfigURL, MaxCameraCount, MaxAudioInCount, MaxAudioOutCount, MaxSensorCount, MaxRelayCount, SupportsAbsolutePosition, SupportsMotionDetection, SupportsControlFrameRate, SupportsControlResolution, MaxPresetCount, SupportsMenu, SupportsPTZ, MaxAuxiliaryCount, SupportsLight, SupportsWiper, MaxPresetTourCount, MaxPatternTourCount, MaxSwingCount, MaxOtherTourCount, MaxStreamCount, SupportDualLiveStream, SingleLiveStreamNo, DivisionLiveStreamNo, SupportVideoAnalysis, SupportPTZSpeed, IsVariableUnitCount, SupportSearchPort, DefaultSetupPort, SupportSetupPort) VALUES (113, 112, 5, 4, N'', N'', 80, 0, N'admin/admin.shtml', 4, 0, 0, 0, 0, 0, 0, 0, 0, 0, 0, 0, 0, 0, 0, 0, 0, 0, 0, 1, 0, 0, 0, 0, 0, 0, 0, 0, 0);
INSERT INTO NetworkDeviceModels (NetworkDeviceModelID, DeviceModelID, DSIDeviceTypeID, DSIDeviceModelID, DefaultLoginName, DefaultPassword, DefaultPort, DefaultSearchPort, DefaultConfigURL, MaxCameraCount, MaxAudioInCount, MaxAudioOutCount, MaxSensorCount, MaxRelayCount, SupportsAbsolutePosition, SupportsMotionDetection, SupportsControlFrameRate, SupportsControlResolution, MaxPresetCount, SupportsMenu, SupportsPTZ, MaxAuxiliaryCount, SupportsLight, SupportsWiper, MaxPresetTourCount, MaxPatternTourCount, MaxSwingCount, MaxOtherTourCount, MaxStreamCount, SupportDualLiveStream, SingleLiveStreamNo, DivisionLiveStreamNo, SupportVideoAnalysis, SupportPTZSpeed, IsVariableUnitCount, SupportSearchPort, DefaultSetupPort, SupportSetupPort) VALUES (114, 113, 7, 8193, N'root', N'', 7000, 0, N'', 1, 1, 1, 4, 4, 1, 1, 0, 0, 255, 1, 1, 0, 1, 1, 100, 100, 100, 0, 1, 0, 0, 0, 0, 1, 0, 0, 0, 0);
INSERT INTO NetworkDeviceModels (NetworkDeviceModelID, DeviceModelID, DSIDeviceTypeID, DSIDeviceModelID, DefaultLoginName, DefaultPassword, DefaultPort, DefaultSearchPort, DefaultConfigURL, MaxCameraCount, MaxAudioInCount, MaxAudioOutCount, MaxSensorCount, MaxRelayCount, SupportsAbsolutePosition, SupportsMotionDetection, SupportsControlFrameRate, SupportsControlResolution, MaxPresetCount, SupportsMenu, SupportsPTZ, MaxAuxiliaryCount, SupportsLight, SupportsWiper, MaxPresetTourCount, MaxPatternTourCount, MaxSwingCount, MaxOtherTourCount, MaxStreamCount, SupportDualLiveStream, SingleLiveStreamNo, DivisionLiveStreamNo, SupportVideoAnalysis, SupportPTZSpeed, IsVariableUnitCount, SupportSearchPort, DefaultSetupPort, SupportSetupPort) VALUES (115, 114, 7, 8194, N'root', N'', 7000, 0, N'', 4, 4, 1, 4, 4, 1, 1, 0, 0, 255, 1, 1, 0, 1, 1, 100, 100, 100, 0, 1, 0, 0, 0, 0, 1, 0, 0, 0, 0);
INSERT INTO NetworkDeviceModels (NetworkDeviceModelID, DeviceModelID, DSIDeviceTypeID, DSIDeviceModelID, DefaultLoginName, DefaultPassword, DefaultPort, DefaultSearchPort, DefaultConfigURL, MaxCameraCount, MaxAudioInCount, MaxAudioOutCount, MaxSensorCount, MaxRelayCount, SupportsAbsolutePosition, SupportsMotionDetection, SupportsControlFrameRate, SupportsControlResolution, MaxPresetCount, SupportsMenu, SupportsPTZ, MaxAuxiliaryCount, SupportsLight, SupportsWiper, MaxPresetTourCount, MaxPatternTourCount, MaxSwingCount, MaxOtherTourCount, MaxStreamCount, SupportDualLiveStream, SingleLiveStreamNo, DivisionLiveStreamNo, SupportVideoAnalysis, SupportPTZSpeed, IsVariableUnitCount, SupportSearchPort, DefaultSetupPort, SupportSetupPort) VALUES (116, 116, 10, 7, N'admin', N'', 80, 0, N'', 1, 1, 1, 1, 1, 0, 0, 0, 0, 0, 0, 0, 0, 0, 0, 0, 0, 0, 0, 1, 0, 0, 0, 0, 0, 0, 0, 0, 0);
INSERT INTO NetworkDeviceModels (NetworkDeviceModelID, DeviceModelID, DSIDeviceTypeID, DSIDeviceModelID, DefaultLoginName, DefaultPassword, DefaultPort, DefaultSearchPort, DefaultConfigURL, MaxCameraCount, MaxAudioInCount, MaxAudioOutCount, MaxSensorCount, MaxRelayCount, SupportsAbsolutePosition, SupportsMotionDetection, SupportsControlFrameRate, SupportsControlResolution, MaxPresetCount, SupportsMenu, SupportsPTZ, MaxAuxiliaryCount, SupportsLight, SupportsWiper, MaxPresetTourCount, MaxPatternTourCount, MaxSwingCount, MaxOtherTourCount, MaxStreamCount, SupportDualLiveStream, SingleLiveStreamNo, DivisionLiveStreamNo, SupportVideoAnalysis, SupportPTZSpeed, IsVariableUnitCount, SupportSearchPort, DefaultSetupPort, SupportSetupPort) VALUES (117, 117, 10, 6, N'admin', N'', 80, 0, N'', 1, 1, 1, 1, 1, 0, 0, 0, 0, 0, 0, 0, 0, 0, 0, 0, 0, 0, 0, 1, 0, 0, 0, 0, 0, 0, 0, 0, 0);
INSERT INTO NetworkDeviceModels (NetworkDeviceModelID, DeviceModelID, DSIDeviceTypeID, DSIDeviceModelID, DefaultLoginName, DefaultPassword, DefaultPort, DefaultSearchPort, DefaultConfigURL, MaxCameraCount, MaxAudioInCount, MaxAudioOutCount, MaxSensorCount, MaxRelayCount, SupportsAbsolutePosition, SupportsMotionDetection, SupportsControlFrameRate, SupportsControlResolution, MaxPresetCount, SupportsMenu, SupportsPTZ, MaxAuxiliaryCount, SupportsLight, SupportsWiper, MaxPresetTourCount, MaxPatternTourCount, MaxSwingCount, MaxOtherTourCount, MaxStreamCount, SupportDualLiveStream, SingleLiveStreamNo, DivisionLiveStreamNo, SupportVideoAnalysis, SupportPTZSpeed, IsVariableUnitCount, SupportSearchPort, DefaultSetupPort, SupportSetupPort) VALUES (118, 118, 10, 5, N'admin', N'', 80, 0, N'', 1, 0, 0, 0, 0, 0, 0, 0, 0, 0, 0, 0, 0, 0, 0, 0, 0, 0, 0, 1, 0, 0, 0, 0, 0, 0, 0, 0, 0);
INSERT INTO NetworkDeviceModels (NetworkDeviceModelID, DeviceModelID, DSIDeviceTypeID, DSIDeviceModelID, DefaultLoginName, DefaultPassword, DefaultPort, DefaultSearchPort, DefaultConfigURL, MaxCameraCount, MaxAudioInCount, MaxAudioOutCount, MaxSensorCount, MaxRelayCount, SupportsAbsolutePosition, SupportsMotionDetection, SupportsControlFrameRate, SupportsControlResolution, MaxPresetCount, SupportsMenu, SupportsPTZ, MaxAuxiliaryCount, SupportsLight, SupportsWiper, MaxPresetTourCount, MaxPatternTourCount, MaxSwingCount, MaxOtherTourCount, MaxStreamCount, SupportDualLiveStream, SingleLiveStreamNo, DivisionLiveStreamNo, SupportVideoAnalysis, SupportPTZSpeed, IsVariableUnitCount, SupportSearchPort, DefaultSetupPort, SupportSetupPort) VALUES (119, 119, 10, 8, N'admin', N'', 80, 0, N'', 1, 1, 1, 1, 1, 0, 0, 0, 0, 0, 0, 0, 0, 0, 0, 0, 0, 0, 0, 1, 0, 0, 0, 0, 0, 0, 0, 0, 0);
INSERT INTO NetworkDeviceModels (NetworkDeviceModelID, DeviceModelID, DSIDeviceTypeID, DSIDeviceModelID, DefaultLoginName, DefaultPassword, DefaultPort, DefaultSearchPort, DefaultConfigURL, MaxCameraCount, MaxAudioInCount, MaxAudioOutCount, MaxSensorCount, MaxRelayCount, SupportsAbsolutePosition, SupportsMotionDetection, SupportsControlFrameRate, SupportsControlResolution, MaxPresetCount, SupportsMenu, SupportsPTZ, MaxAuxiliaryCount, SupportsLight, SupportsWiper, MaxPresetTourCount, MaxPatternTourCount, MaxSwingCount, MaxOtherTourCount, MaxStreamCount, SupportDualLiveStream, SingleLiveStreamNo, DivisionLiveStreamNo, SupportVideoAnalysis, SupportPTZSpeed, IsVariableUnitCount, SupportSearchPort, DefaultSetupPort, SupportSetupPort) VALUES (120, 120, 10, 12, N'admin', N'', 80, 0, N'', 1, 1, 1, 1, 1, 0, 0, 0, 0, 0, 0, 0, 0, 0, 0, 0, 0, 0, 0, 1, 0, 0, 0, 0, 0, 0, 0, 0, 0);
INSERT INTO NetworkDeviceModels (NetworkDeviceModelID, DeviceModelID, DSIDeviceTypeID, DSIDeviceModelID, DefaultLoginName, DefaultPassword, DefaultPort, DefaultSearchPort, DefaultConfigURL, MaxCameraCount, MaxAudioInCount, MaxAudioOutCount, MaxSensorCount, MaxRelayCount, SupportsAbsolutePosition, SupportsMotionDetection, SupportsControlFrameRate, SupportsControlResolution, MaxPresetCount, SupportsMenu, SupportsPTZ, MaxAuxiliaryCount, SupportsLight, SupportsWiper, MaxPresetTourCount, MaxPatternTourCount, MaxSwingCount, MaxOtherTourCount, MaxStreamCount, SupportDualLiveStream, SingleLiveStreamNo, DivisionLiveStreamNo, SupportVideoAnalysis, SupportPTZSpeed, IsVariableUnitCount, SupportSearchPort, DefaultSetupPort, SupportSetupPort) VALUES (121, 121, 11, 7, N'', N'', 80, 0, N'en/l4/advance.html', 1, 0, 0, 2, 1, 0, 0, 0, 0, 0, 0, 0, 0, 0, 0, 0, 0, 0, 0, 1, 0, 0, 0, 0, 0, 0, 0, 0, 0);
INSERT INTO NetworkDeviceModels (NetworkDeviceModelID, DeviceModelID, DSIDeviceTypeID, DSIDeviceModelID, DefaultLoginName, DefaultPassword, DefaultPort, DefaultSearchPort, DefaultConfigURL, MaxCameraCount, MaxAudioInCount, MaxAudioOutCount, MaxSensorCount, MaxRelayCount, SupportsAbsolutePosition, SupportsMotionDetection, SupportsControlFrameRate, SupportsControlResolution, MaxPresetCount, SupportsMenu, SupportsPTZ, MaxAuxiliaryCount, SupportsLight, SupportsWiper, MaxPresetTourCount, MaxPatternTourCount, MaxSwingCount, MaxOtherTourCount, MaxStreamCount, SupportDualLiveStream, SingleLiveStreamNo, DivisionLiveStreamNo, SupportVideoAnalysis, SupportPTZSpeed, IsVariableUnitCount, SupportSearchPort, DefaultSetupPort, SupportSetupPort) VALUES (122, 122, 11, 8, N'', N'', 80, 0, N'en/l4/advance.html', 1, 0, 0, 1, 0, 0, 0, 0, 0, 0, 0, 0, 0, 0, 0, 0, 0, 0, 0, 1, 0, 0, 0, 0, 0, 0, 0, 0, 0);
INSERT INTO NetworkDeviceModels (NetworkDeviceModelID, DeviceModelID, DSIDeviceTypeID, DSIDeviceModelID, DefaultLoginName, DefaultPassword, DefaultPort, DefaultSearchPort, DefaultConfigURL, MaxCameraCount, MaxAudioInCount, MaxAudioOutCount, MaxSensorCount, MaxRelayCount, SupportsAbsolutePosition, SupportsMotionDetection, SupportsControlFrameRate, SupportsControlResolution, MaxPresetCount, SupportsMenu, SupportsPTZ, MaxAuxiliaryCount, SupportsLight, SupportsWiper, MaxPresetTourCount, MaxPatternTourCount, MaxSwingCount, MaxOtherTourCount, MaxStreamCount, SupportDualLiveStream, SingleLiveStreamNo, DivisionLiveStreamNo, SupportVideoAnalysis, SupportPTZSpeed, IsVariableUnitCount, SupportSearchPort, DefaultSetupPort, SupportSetupPort) VALUES (123, 123, 11, 9, N'', N'', 80, 0, N'en/l4/advance.html', 1, 0, 0, 1, 1, 0, 0, 0, 0, 0, 0, 0, 0, 0, 0, 0, 0, 0, 0, 1, 0, 0, 0, 0, 0, 0, 0, 0, 0);
INSERT INTO NetworkDeviceModels (NetworkDeviceModelID, DeviceModelID, DSIDeviceTypeID, DSIDeviceModelID, DefaultLoginName, DefaultPassword, DefaultPort, DefaultSearchPort, DefaultConfigURL, MaxCameraCount, MaxAudioInCount, MaxAudioOutCount, MaxSensorCount, MaxRelayCount, SupportsAbsolutePosition, SupportsMotionDetection, SupportsControlFrameRate, SupportsControlResolution, MaxPresetCount, SupportsMenu, SupportsPTZ, MaxAuxiliaryCount, SupportsLight, SupportsWiper, MaxPresetTourCount, MaxPatternTourCount, MaxSwingCount, MaxOtherTourCount, MaxStreamCount, SupportDualLiveStream, SingleLiveStreamNo, DivisionLiveStreamNo, SupportVideoAnalysis, SupportPTZSpeed, IsVariableUnitCount, SupportSearchPort, DefaultSetupPort, SupportSetupPort) VALUES (124, 124, 11, 10, N'', N'', 80, 0, N'en/l4/advance.html', 1, 0, 0, 1, 1, 0, 0, 0, 0, 0, 0, 0, 0, 0, 0, 0, 0, 0, 0, 1, 0, 0, 0, 0, 0, 0, 0, 0, 0);
INSERT INTO NetworkDeviceModels (NetworkDeviceModelID, DeviceModelID, DSIDeviceTypeID, DSIDeviceModelID, DefaultLoginName, DefaultPassword, DefaultPort, DefaultSearchPort, DefaultConfigURL, MaxCameraCount, MaxAudioInCount, MaxAudioOutCount, MaxSensorCount, MaxRelayCount, SupportsAbsolutePosition, SupportsMotionDetection, SupportsControlFrameRate, SupportsControlResolution, MaxPresetCount, SupportsMenu, SupportsPTZ, MaxAuxiliaryCount, SupportsLight, SupportsWiper, MaxPresetTourCount, MaxPatternTourCount, MaxSwingCount, MaxOtherTourCount, MaxStreamCount, SupportDualLiveStream, SingleLiveStreamNo, DivisionLiveStreamNo, SupportVideoAnalysis, SupportPTZSpeed, IsVariableUnitCount, SupportSearchPort, DefaultSetupPort, SupportSetupPort) VALUES (125, 125, 11, 11, N'', N'', 80, 0, N'en/l4/advance.html', 1, 0, 0, 2, 2, 0, 0, 0, 0, 0, 0, 0, 0, 0, 0, 0, 0, 0, 0, 1, 0, 0, 0, 0, 0, 0, 0, 0, 0);
INSERT INTO NetworkDeviceModels (NetworkDeviceModelID, DeviceModelID, DSIDeviceTypeID, DSIDeviceModelID, DefaultLoginName, DefaultPassword, DefaultPort, DefaultSearchPort, DefaultConfigURL, MaxCameraCount, MaxAudioInCount, MaxAudioOutCount, MaxSensorCount, MaxRelayCount, SupportsAbsolutePosition, SupportsMotionDetection, SupportsControlFrameRate, SupportsControlResolution, MaxPresetCount, SupportsMenu, SupportsPTZ, MaxAuxiliaryCount, SupportsLight, SupportsWiper, MaxPresetTourCount, MaxPatternTourCount, MaxSwingCount, MaxOtherTourCount, MaxStreamCount, SupportDualLiveStream, SingleLiveStreamNo, DivisionLiveStreamNo, SupportVideoAnalysis, SupportPTZSpeed, IsVariableUnitCount, SupportSearchPort, DefaultSetupPort, SupportSetupPort) VALUES (126, 126, 11, 12, N'', N'', 80, 0, N'en/l4/index.html', 1, 0, 0, 2, 2, 0, 0, 0, 0, 0, 0, 0, 0, 0, 0, 0, 0, 0, 0, 1, 0, 0, 0, 0, 0, 0, 0, 0, 0);
INSERT INTO NetworkDeviceModels (NetworkDeviceModelID, DeviceModelID, DSIDeviceTypeID, DSIDeviceModelID, DefaultLoginName, DefaultPassword, DefaultPort, DefaultSearchPort, DefaultConfigURL, MaxCameraCount, MaxAudioInCount, MaxAudioOutCount, MaxSensorCount, MaxRelayCount, SupportsAbsolutePosition, SupportsMotionDetection, SupportsControlFrameRate, SupportsControlResolution, MaxPresetCount, SupportsMenu, SupportsPTZ, MaxAuxiliaryCount, SupportsLight, SupportsWiper, MaxPresetTourCount, MaxPatternTourCount, MaxSwingCount, MaxOtherTourCount, MaxStreamCount, SupportDualLiveStream, SingleLiveStreamNo, DivisionLiveStreamNo, SupportVideoAnalysis, SupportPTZSpeed, IsVariableUnitCount, SupportSearchPort, DefaultSetupPort, SupportSetupPort) VALUES (127, 127, 11, 13, N'', N'', 80, 0, N'en/l4/advance.html', 1, 0, 0, 2, 2, 0, 0, 0, 0, 0, 0, 0, 0, 0, 0, 0, 0, 0, 0, 1, 0, 0, 0, 0, 0, 0, 0, 0, 0);
INSERT INTO NetworkDeviceModels (NetworkDeviceModelID, DeviceModelID, DSIDeviceTypeID, DSIDeviceModelID, DefaultLoginName, DefaultPassword, DefaultPort, DefaultSearchPort, DefaultConfigURL, MaxCameraCount, MaxAudioInCount, MaxAudioOutCount, MaxSensorCount, MaxRelayCount, SupportsAbsolutePosition, SupportsMotionDetection, SupportsControlFrameRate, SupportsControlResolution, MaxPresetCount, SupportsMenu, SupportsPTZ, MaxAuxiliaryCount, SupportsLight, SupportsWiper, MaxPresetTourCount, MaxPatternTourCount, MaxSwingCount, MaxOtherTourCount, MaxStreamCount, SupportDualLiveStream, SingleLiveStreamNo, DivisionLiveStreamNo, SupportVideoAnalysis, SupportPTZSpeed, IsVariableUnitCount, SupportSearchPort, DefaultSetupPort, SupportSetupPort) VALUES (128, 128, 11, 14, N'', N'', 80, 0, N'en/l4/advance.html', 4, 0, 0, 1, 0, 0, 0, 0, 0, 0, 0, 0, 0, 0, 0, 0, 0, 0, 0, 1, 0, 0, 0, 0, 0, 0, 0, 0, 0);
INSERT INTO NetworkDeviceModels (NetworkDeviceModelID, DeviceModelID, DSIDeviceTypeID, DSIDeviceModelID, DefaultLoginName, DefaultPassword, DefaultPort, DefaultSearchPort, DefaultConfigURL, MaxCameraCount, MaxAudioInCount, MaxAudioOutCount, MaxSensorCount, MaxRelayCount, SupportsAbsolutePosition, SupportsMotionDetection, SupportsControlFrameRate, SupportsControlResolution, MaxPresetCount, SupportsMenu, SupportsPTZ, MaxAuxiliaryCount, SupportsLight, SupportsWiper, MaxPresetTourCount, MaxPatternTourCount, MaxSwingCount, MaxOtherTourCount, MaxStreamCount, SupportDualLiveStream, SingleLiveStreamNo, DivisionLiveStreamNo, SupportVideoAnalysis, SupportPTZSpeed, IsVariableUnitCount, SupportSearchPort, DefaultSetupPort, SupportSetupPort) VALUES (129, 131, 11, 17, N'', N'', 80, 0, N'en/l4/advance.html', 1, 0, 0, 1, 2, 0, 0, 0, 0, 0, 0, 0, 0, 0, 0, 0, 0, 0, 0, 1, 0, 0, 0, 0, 0, 0, 0, 0, 0);
INSERT INTO NetworkDeviceModels (NetworkDeviceModelID, DeviceModelID, DSIDeviceTypeID, DSIDeviceModelID, DefaultLoginName, DefaultPassword, DefaultPort, DefaultSearchPort, DefaultConfigURL, MaxCameraCount, MaxAudioInCount, MaxAudioOutCount, MaxSensorCount, MaxRelayCount, SupportsAbsolutePosition, SupportsMotionDetection, SupportsControlFrameRate, SupportsControlResolution, MaxPresetCount, SupportsMenu, SupportsPTZ, MaxAuxiliaryCount, SupportsLight, SupportsWiper, MaxPresetTourCount, MaxPatternTourCount, MaxSwingCount, MaxOtherTourCount, MaxStreamCount, SupportDualLiveStream, SingleLiveStreamNo, DivisionLiveStreamNo, SupportVideoAnalysis, SupportPTZSpeed, IsVariableUnitCount, SupportSearchPort, DefaultSetupPort, SupportSetupPort) VALUES (130, 132, 11, 18, N'', N'', 80, 0, N'en/l4/advance.html', 1, 0, 0, 1, 2, 0, 0, 0, 0, 0, 0, 0, 0, 0, 0, 0, 0, 0, 0, 1, 0, 0, 0, 0, 0, 0, 0, 0, 0);
INSERT INTO NetworkDeviceModels (NetworkDeviceModelID, DeviceModelID, DSIDeviceTypeID, DSIDeviceModelID, DefaultLoginName, DefaultPassword, DefaultPort, DefaultSearchPort, DefaultConfigURL, MaxCameraCount, MaxAudioInCount, MaxAudioOutCount, MaxSensorCount, MaxRelayCount, SupportsAbsolutePosition, SupportsMotionDetection, SupportsControlFrameRate, SupportsControlResolution, MaxPresetCount, SupportsMenu, SupportsPTZ, MaxAuxiliaryCount, SupportsLight, SupportsWiper, MaxPresetTourCount, MaxPatternTourCount, MaxSwingCount, MaxOtherTourCount, MaxStreamCount, SupportDualLiveStream, SingleLiveStreamNo, DivisionLiveStreamNo, SupportVideoAnalysis, SupportPTZSpeed, IsVariableUnitCount, SupportSearchPort, DefaultSetupPort, SupportSetupPort) VALUES (99, 102, 4111, 4097, N'admin', N'', 2710, 0, N'/admin/index.html', 4, 4, 1, 4, 4, 0, 0, 0, 0, 0, 0, 1, 0, 0, 0, 0, 0, 0, 0, 1, 0, 0, 0, 0, 0, 0, 0, 0, 0);
INSERT INTO NetworkDeviceModels (NetworkDeviceModelID, DeviceModelID, DSIDeviceTypeID, DSIDeviceModelID, DefaultLoginName, DefaultPassword, DefaultPort, DefaultSearchPort, DefaultConfigURL, MaxCameraCount, MaxAudioInCount, MaxAudioOutCount, MaxSensorCount, MaxRelayCount, SupportsAbsolutePosition, SupportsMotionDetection, SupportsControlFrameRate, SupportsControlResolution, MaxPresetCount, SupportsMenu, SupportsPTZ, MaxAuxiliaryCount, SupportsLight, SupportsWiper, MaxPresetTourCount, MaxPatternTourCount, MaxSwingCount, MaxOtherTourCount, MaxStreamCount, SupportDualLiveStream, SingleLiveStreamNo, DivisionLiveStreamNo, SupportVideoAnalysis, SupportPTZSpeed, IsVariableUnitCount, SupportSearchPort, DefaultSetupPort, SupportSetupPort, SupportHealthCheck, HealthCheckPort) VALUES (169, 167, 4104, 16, N'admin', N'', 9010, 0, N'', 4, 4, 1, 4, 4, 0, 0, 0, 0, 0, 0, 1, 0, 0, 0, 0, 0, 0, 0, 1, 0, 0, 0, 0, 0, 0, 0, 0, 0, 1, 9010);
INSERT INTO NetworkDeviceModels (NetworkDeviceModelID, DeviceModelID, DSIDeviceTypeID, DSIDeviceModelID, DefaultLoginName, DefaultPassword, DefaultPort, DefaultSearchPort, DefaultConfigURL, MaxCameraCount, MaxAudioInCount, MaxAudioOutCount, MaxSensorCount, MaxRelayCount, SupportsAbsolutePosition, SupportsMotionDetection, SupportsControlFrameRate, SupportsControlResolution, MaxPresetCount, SupportsMenu, SupportsPTZ, MaxAuxiliaryCount, SupportsLight, SupportsWiper, MaxPresetTourCount, MaxPatternTourCount, MaxSwingCount, MaxOtherTourCount, MaxStreamCount, SupportDualLiveStream, SingleLiveStreamNo, DivisionLiveStreamNo, SupportVideoAnalysis, SupportPTZSpeed, IsVariableUnitCount, SupportSearchPort, DefaultSetupPort, SupportSetupPort) VALUES (131, 133, 11, 19, N'', N'', 80, 0, N'en/l4/advance.html', 1, 0, 0, 1, 2, 0, 0, 0, 0, 0, 0, 0, 0, 0, 0, 0, 0, 0, 0, 1, 0, 0, 0, 0, 0, 0, 0, 0, 0);
INSERT INTO NetworkDeviceModels (NetworkDeviceModelID, DeviceModelID, DSIDeviceTypeID, DSIDeviceModelID, DefaultLoginName, DefaultPassword, DefaultPort, DefaultSearchPort, DefaultConfigURL, MaxCameraCount, MaxAudioInCount, MaxAudioOutCount, MaxSensorCount, MaxRelayCount, SupportsAbsolutePosition, SupportsMotionDetection, SupportsControlFrameRate, SupportsControlResolution, MaxPresetCount, SupportsMenu, SupportsPTZ, MaxAuxiliaryCount, SupportsLight, SupportsWiper, MaxPresetTourCount, MaxPatternTourCount, MaxSwingCount, MaxOtherTourCount, MaxStreamCount, SupportDualLiveStream, SingleLiveStreamNo, DivisionLiveStreamNo, SupportVideoAnalysis, SupportPTZSpeed, IsVariableUnitCount, SupportSearchPort, DefaultSetupPort, SupportSetupPort) VALUES (132, 134, 11, 20, N'', N'', 80, 0, N'en/l4/advance.html', 1, 0, 0, 1, 2, 0, 0, 0, 0, 0, 0, 0, 0, 0, 0, 0, 0, 0, 0, 1, 0, 0, 0, 0, 0, 0, 0, 0, 0);
INSERT INTO NetworkDeviceModels (NetworkDeviceModelID, DeviceModelID, DSIDeviceTypeID, DSIDeviceModelID, DefaultLoginName, DefaultPassword, DefaultPort, DefaultSearchPort, DefaultConfigURL, MaxCameraCount, MaxAudioInCount, MaxAudioOutCount, MaxSensorCount, MaxRelayCount, SupportsAbsolutePosition, SupportsMotionDetection, SupportsControlFrameRate, SupportsControlResolution, MaxPresetCount, SupportsMenu, SupportsPTZ, MaxAuxiliaryCount, SupportsLight, SupportsWiper, MaxPresetTourCount, MaxPatternTourCount, MaxSwingCount, MaxOtherTourCount, MaxStreamCount, SupportDualLiveStream, SingleLiveStreamNo, DivisionLiveStreamNo, SupportVideoAnalysis, SupportPTZSpeed, IsVariableUnitCount, SupportSearchPort, DefaultSetupPort, SupportSetupPort) VALUES (133, 135, 11, 21, N'', N'', 80, 0, N'en/l4/advance.html', 1, 0, 0, 2, 0, 0, 0, 0, 0, 0, 0, 0, 0, 0, 0, 0, 0, 0, 0, 1, 0, 0, 0, 0, 0, 0, 0, 0, 0);
INSERT INTO NetworkDeviceModels (NetworkDeviceModelID, DeviceModelID, DSIDeviceTypeID, DSIDeviceModelID, DefaultLoginName, DefaultPassword, DefaultPort, DefaultSearchPort, DefaultConfigURL, MaxCameraCount, MaxAudioInCount, MaxAudioOutCount, MaxSensorCount, MaxRelayCount, SupportsAbsolutePosition, SupportsMotionDetection, SupportsControlFrameRate, SupportsControlResolution, MaxPresetCount, SupportsMenu, SupportsPTZ, MaxAuxiliaryCount, SupportsLight, SupportsWiper, MaxPresetTourCount, MaxPatternTourCount, MaxSwingCount, MaxOtherTourCount, MaxStreamCount, SupportDualLiveStream, SingleLiveStreamNo, DivisionLiveStreamNo, SupportVideoAnalysis, SupportPTZSpeed, IsVariableUnitCount, SupportSearchPort, DefaultSetupPort, SupportSetupPort) VALUES (134, 136, 11, 22, N'', N'', 80, 0, N'en/l4/advance.html', 1, 0, 0, 2, 2, 0, 0, 0, 0, 0, 0, 0, 0, 0, 0, 0, 0, 0, 0, 1, 0, 0, 0, 0, 0, 0, 0, 0, 0);
INSERT INTO NetworkDeviceModels (NetworkDeviceModelID, DeviceModelID, DSIDeviceTypeID, DSIDeviceModelID, DefaultLoginName, DefaultPassword, DefaultPort, DefaultSearchPort, DefaultConfigURL, MaxCameraCount, MaxAudioInCount, MaxAudioOutCount, MaxSensorCount, MaxRelayCount, SupportsAbsolutePosition, SupportsMotionDetection, SupportsControlFrameRate, SupportsControlResolution, MaxPresetCount, SupportsMenu, SupportsPTZ, MaxAuxiliaryCount, SupportsLight, SupportsWiper, MaxPresetTourCount, MaxPatternTourCount, MaxSwingCount, MaxOtherTourCount, MaxStreamCount, SupportDualLiveStream, SingleLiveStreamNo, DivisionLiveStreamNo, SupportVideoAnalysis, SupportPTZSpeed, IsVariableUnitCount, SupportSearchPort, DefaultSetupPort, SupportSetupPort) VALUES (135, 137, 11, 23, N'', N'', 80, 0, N'en/l4/index.html', 1, 0, 0, 1, 2, 0, 0, 0, 0, 0, 0, 0, 0, 0, 0, 0, 0, 0, 0, 1, 0, 0, 0, 0, 0, 0, 0, 0, 0);
INSERT INTO NetworkDeviceModels (NetworkDeviceModelID, DeviceModelID, DSIDeviceTypeID, DSIDeviceModelID, DefaultLoginName, DefaultPassword, DefaultPort, DefaultSearchPort, DefaultConfigURL, MaxCameraCount, MaxAudioInCount, MaxAudioOutCount, MaxSensorCount, MaxRelayCount, SupportsAbsolutePosition, SupportsMotionDetection, SupportsControlFrameRate, SupportsControlResolution, MaxPresetCount, SupportsMenu, SupportsPTZ, MaxAuxiliaryCount, SupportsLight, SupportsWiper, MaxPresetTourCount, MaxPatternTourCount, MaxSwingCount, MaxOtherTourCount, MaxStreamCount, SupportDualLiveStream, SingleLiveStreamNo, DivisionLiveStreamNo, SupportVideoAnalysis, SupportPTZSpeed, IsVariableUnitCount, SupportSearchPort, DefaultSetupPort, SupportSetupPort) VALUES (136, 138, 11, 24, N'', N'', 80, 0, N'en/l4/advance.html', 1, 0, 0, 1, 2, 0, 0, 0, 0, 0, 0, 0, 0, 0, 0, 0, 0, 0, 0, 1, 0, 0, 0, 0, 0, 0, 0, 0, 0);
INSERT INTO NetworkDeviceModels (NetworkDeviceModelID, DeviceModelID, DSIDeviceTypeID, DSIDeviceModelID, DefaultLoginName, DefaultPassword, DefaultPort, DefaultSearchPort, DefaultConfigURL, MaxCameraCount, MaxAudioInCount, MaxAudioOutCount, MaxSensorCount, MaxRelayCount, SupportsAbsolutePosition, SupportsMotionDetection, SupportsControlFrameRate, SupportsControlResolution, MaxPresetCount, SupportsMenu, SupportsPTZ, MaxAuxiliaryCount, SupportsLight, SupportsWiper, MaxPresetTourCount, MaxPatternTourCount, MaxSwingCount, MaxOtherTourCount, MaxStreamCount, SupportDualLiveStream, SingleLiveStreamNo, DivisionLiveStreamNo, SupportVideoAnalysis, SupportPTZSpeed, IsVariableUnitCount, SupportSearchPort, DefaultSetupPort, SupportSetupPort, SupportHealthCheck, HealthCheckPort) VALUES (170, 168, 4104, 17, N'admin', N'', 9010, 0, N'', 8, 4, 1, 8, 4, 0, 0, 0, 0, 0, 0, 1, 0, 0, 0, 0, 0, 0, 0, 1, 0, 0, 0, 0, 0, 0, 0, 0, 0, 1, 9010);
INSERT INTO NetworkDeviceModels (NetworkDeviceModelID, DeviceModelID, DSIDeviceTypeID, DSIDeviceModelID, DefaultLoginName, DefaultPassword, DefaultPort, DefaultSearchPort, DefaultConfigURL, MaxCameraCount, MaxAudioInCount, MaxAudioOutCount, MaxSensorCount, MaxRelayCount, SupportsAbsolutePosition, SupportsMotionDetection, SupportsControlFrameRate, SupportsControlResolution, MaxPresetCount, SupportsMenu, SupportsPTZ, MaxAuxiliaryCount, SupportsLight, SupportsWiper, MaxPresetTourCount, MaxPatternTourCount, MaxSwingCount, MaxOtherTourCount, MaxStreamCount, SupportDualLiveStream, SingleLiveStreamNo, DivisionLiveStreamNo, SupportVideoAnalysis, SupportPTZSpeed, IsVariableUnitCount, SupportSearchPort, DefaultSetupPort, SupportSetupPort, SupportHealthCheck, HealthCheckPort) VALUES (171, 169, 4104, 18, N'admin', N'', 9010, 0, N'', 16, 4, 1, 16, 4, 0, 0, 0, 0, 0, 0, 1, 0, 0, 0, 0, 0, 0, 0, 1, 0, 0, 0, 0, 0, 0, 0, 0, 0, 1, 9010);
INSERT INTO NetworkDeviceModels (NetworkDeviceModelID, DeviceModelID, DSIDeviceTypeID, DSIDeviceModelID, DefaultLoginName, DefaultPassword, DefaultPort, DefaultSearchPort, DefaultConfigURL, MaxCameraCount, MaxAudioInCount, MaxAudioOutCount, MaxSensorCount, MaxRelayCount, SupportsAbsolutePosition, SupportsMotionDetection, SupportsControlFrameRate, SupportsControlResolution, MaxPresetCount, SupportsMenu, SupportsPTZ, MaxAuxiliaryCount, SupportsLight, SupportsWiper, MaxPresetTourCount, MaxPatternTourCount, MaxSwingCount, MaxOtherTourCount, MaxStreamCount, SupportDualLiveStream, SingleLiveStreamNo, DivisionLiveStreamNo, SupportVideoAnalysis, SupportPTZSpeed, IsVariableUnitCount, SupportSearchPort, DefaultSetupPort, SupportSetupPort, SupportHealthCheck, HealthCheckPort) VALUES (172, 170, 4104, 19, N'admin', N'', 9010, 0, N'', 16, 4, 1, 16, 4, 0, 0, 0, 0, 0, 0, 1, 0, 0, 0, 0, 0, 0, 0, 1, 0, 0, 0, 0, 0, 0, 0, 0, 0, 1, 9010);
INSERT INTO NetworkDeviceModels (NetworkDeviceModelID, DeviceModelID, DSIDeviceTypeID, DSIDeviceModelID, DefaultLoginName, DefaultPassword, DefaultPort, DefaultSearchPort, DefaultConfigURL, MaxCameraCount, MaxAudioInCount, MaxAudioOutCount, MaxSensorCount, MaxRelayCount, SupportsAbsolutePosition, SupportsMotionDetection, SupportsControlFrameRate, SupportsControlResolution, MaxPresetCount, SupportsMenu, SupportsPTZ, MaxAuxiliaryCount, SupportsLight, SupportsWiper, MaxPresetTourCount, MaxPatternTourCount, MaxSwingCount, MaxOtherTourCount, MaxStreamCount, SupportDualLiveStream, SingleLiveStreamNo, DivisionLiveStreamNo, SupportVideoAnalysis, SupportPTZSpeed, IsVariableUnitCount, SupportSearchPort, DefaultSetupPort, SupportSetupPort, SupportHealthCheck, HealthCheckPort) VALUES (173, 171, 4104, 20, N'admin', N'', 2000, 0, N'', 4, 4, 1, 4, 4, 0, 0, 0, 0, 0, 0, 1, 0, 0, 0, 0, 0, 0, 0, 1, 0, 0, 0, 0, 0, 0, 0, 0, 0, 1, 2000);
INSERT INTO NetworkDeviceModels (NetworkDeviceModelID, DeviceModelID, DSIDeviceTypeID, DSIDeviceModelID, DefaultLoginName, DefaultPassword, DefaultPort, DefaultSearchPort, DefaultConfigURL, MaxCameraCount, MaxAudioInCount, MaxAudioOutCount, MaxSensorCount, MaxRelayCount, SupportsAbsolutePosition, SupportsMotionDetection, SupportsControlFrameRate, SupportsControlResolution, MaxPresetCount, SupportsMenu, SupportsPTZ, MaxAuxiliaryCount, SupportsLight, SupportsWiper, MaxPresetTourCount, MaxPatternTourCount, MaxSwingCount, MaxOtherTourCount, MaxStreamCount, SupportDualLiveStream, SingleLiveStreamNo, DivisionLiveStreamNo, SupportVideoAnalysis, SupportPTZSpeed, IsVariableUnitCount, SupportSearchPort, DefaultSetupPort, SupportSetupPort, SupportHealthCheck, HealthCheckPort) VALUES (174, 172, 4104, 21, N'admin', N'', 2000, 0, N'', 8, 4, 1, 8, 4, 0, 0, 0, 0, 0, 0, 1, 0, 0, 0, 0, 0, 0, 0, 1, 0, 0, 0, 0, 0, 0, 0, 0, 0, 1, 2000);
INSERT INTO NetworkDeviceModels (NetworkDeviceModelID, DeviceModelID, DSIDeviceTypeID, DSIDeviceModelID, DefaultLoginName, DefaultPassword, DefaultPort, DefaultSearchPort, DefaultConfigURL, MaxCameraCount, MaxAudioInCount, MaxAudioOutCount, MaxSensorCount, MaxRelayCount, SupportsAbsolutePosition, SupportsMotionDetection, SupportsControlFrameRate, SupportsControlResolution, MaxPresetCount, SupportsMenu, SupportsPTZ, MaxAuxiliaryCount, SupportsLight, SupportsWiper, MaxPresetTourCount, MaxPatternTourCount, MaxSwingCount, MaxOtherTourCount, MaxStreamCount, SupportDualLiveStream, SingleLiveStreamNo, DivisionLiveStreamNo, SupportVideoAnalysis, SupportPTZSpeed, IsVariableUnitCount, SupportSearchPort, DefaultSetupPort, SupportSetupPort, SupportHealthCheck, HealthCheckPort) VALUES (175, 173, 4104, 22, N'admin', N'', 2000, 0, N'', 16, 4, 1, 16, 4, 0, 0, 0, 0, 0, 0, 1, 0, 0, 0, 0, 0, 0, 0, 1, 0, 0, 0, 0, 0, 0, 0, 0, 0, 1, 2000);
INSERT INTO NetworkDeviceModels (NetworkDeviceModelID, DeviceModelID, DSIDeviceTypeID, DSIDeviceModelID, DefaultLoginName, DefaultPassword, DefaultPort, DefaultSearchPort, DefaultConfigURL, MaxCameraCount, MaxAudioInCount, MaxAudioOutCount, MaxSensorCount, MaxRelayCount, SupportsAbsolutePosition, SupportsMotionDetection, SupportsControlFrameRate, SupportsControlResolution, MaxPresetCount, SupportsMenu, SupportsPTZ, MaxAuxiliaryCount, SupportsLight, SupportsWiper, MaxPresetTourCount, MaxPatternTourCount, MaxSwingCount, MaxOtherTourCount, MaxStreamCount, SupportDualLiveStream, SingleLiveStreamNo, DivisionLiveStreamNo, SupportVideoAnalysis, SupportPTZSpeed, IsVariableUnitCount, SupportSearchPort, DefaultSetupPort, SupportSetupPort) VALUES (176, 174, 4104, 23, N'admin', N'', 2000, 0, N'', 4, 1, 1, 1, 1, 0, 0, 0, 0, 0, 0, 1, 0, 0, 0, 0, 0, 0, 0, 1, 0, 0, 0, 0, 0, 0, 0, 0, 0);
INSERT INTO NetworkDeviceModels (NetworkDeviceModelID, DeviceModelID, DSIDeviceTypeID, DSIDeviceModelID, DefaultLoginName, DefaultPassword, DefaultPort, DefaultSearchPort, DefaultConfigURL, MaxCameraCount, MaxAudioInCount, MaxAudioOutCount, MaxSensorCount, MaxRelayCount, SupportsAbsolutePosition, SupportsMotionDetection, SupportsControlFrameRate, SupportsControlResolution, MaxPresetCount, SupportsMenu, SupportsPTZ, MaxAuxiliaryCount, SupportsLight, SupportsWiper, MaxPresetTourCount, MaxPatternTourCount, MaxSwingCount, MaxOtherTourCount, MaxStreamCount, SupportDualLiveStream, SingleLiveStreamNo, DivisionLiveStreamNo, SupportVideoAnalysis, SupportPTZSpeed, IsVariableUnitCount, SupportSearchPort, DefaultSetupPort, SupportSetupPort) VALUES (177, 175, 4104, 24, N'admin', N'', 2000, 0, N'', 8, 1, 1, 4, 1, 0, 0, 0, 0, 0, 0, 1, 0, 0, 0, 0, 0, 0, 0, 1, 0, 0, 0, 0, 0, 0, 0, 0, 0);
INSERT INTO NetworkDeviceModels (NetworkDeviceModelID, DeviceModelID, DSIDeviceTypeID, DSIDeviceModelID, DefaultLoginName, DefaultPassword, DefaultPort, DefaultSearchPort, DefaultConfigURL, MaxCameraCount, MaxAudioInCount, MaxAudioOutCount, MaxSensorCount, MaxRelayCount, SupportsAbsolutePosition, SupportsMotionDetection, SupportsControlFrameRate, SupportsControlResolution, MaxPresetCount, SupportsMenu, SupportsPTZ, MaxAuxiliaryCount, SupportsLight, SupportsWiper, MaxPresetTourCount, MaxPatternTourCount, MaxSwingCount, MaxOtherTourCount, MaxStreamCount, SupportDualLiveStream, SingleLiveStreamNo, DivisionLiveStreamNo, SupportVideoAnalysis, SupportPTZSpeed, IsVariableUnitCount, SupportSearchPort, DefaultSetupPort, SupportSetupPort) VALUES (178, 176, 4104, 25, N'admin', N'', 2000, 0, N'', 16, 1, 1, 4, 1, 0, 0, 0, 0, 0, 0, 1, 0, 0, 0, 0, 0, 0, 0, 1, 0, 0, 0, 0, 0, 0, 0, 0, 0);
INSERT INTO NetworkDeviceModels (NetworkDeviceModelID, DeviceModelID, DSIDeviceTypeID, DSIDeviceModelID, DefaultLoginName, DefaultPassword, DefaultPort, DefaultSearchPort, DefaultConfigURL, MaxCameraCount, MaxAudioInCount, MaxAudioOutCount, MaxSensorCount, MaxRelayCount, SupportsAbsolutePosition, SupportsMotionDetection, SupportsControlFrameRate, SupportsControlResolution, MaxPresetCount, SupportsMenu, SupportsPTZ, MaxAuxiliaryCount, SupportsLight, SupportsWiper, MaxPresetTourCount, MaxPatternTourCount, MaxSwingCount, MaxOtherTourCount, MaxStreamCount, SupportDualLiveStream, SingleLiveStreamNo, DivisionLiveStreamNo, SupportVideoAnalysis, SupportPTZSpeed, IsVariableUnitCount, SupportSearchPort, DefaultSetupPort, SupportSetupPort) VALUES (179, 177, 23, 2, N'root', N'', 80, 0, N'operator/basic_configuration.shtml?submenuid=1', 2, 1, 1, 2, 2, 0, 1, 0, 0, 0, 0, 0, 0, 0, 0, 0, 0, 0, 0, 1, 0, 0, 0, 1, 0, 0, 0, 0, 0);
INSERT INTO NetworkDeviceModels (NetworkDeviceModelID, DeviceModelID, DSIDeviceTypeID, DSIDeviceModelID, DefaultLoginName, DefaultPassword, DefaultPort, DefaultSearchPort, DefaultConfigURL, MaxCameraCount, MaxAudioInCount, MaxAudioOutCount, MaxSensorCount, MaxRelayCount, SupportsAbsolutePosition, SupportsMotionDetection, SupportsControlFrameRate, SupportsControlResolution, MaxPresetCount, SupportsMenu, SupportsPTZ, MaxAuxiliaryCount, SupportsLight, SupportsWiper, MaxPresetTourCount, MaxPatternTourCount, MaxSwingCount, MaxOtherTourCount, MaxStreamCount, SupportDualLiveStream, SingleLiveStreamNo, DivisionLiveStreamNo, SupportVideoAnalysis, SupportPTZSpeed, IsVariableUnitCount, SupportSearchPort, DefaultSetupPort, SupportSetupPort) VALUES (180, 178, 23, 3, N'root', N'', 80, 0, N'operator/basic_configuration.shtml?submenuid=1', 2, 1, 1, 1, 1, 0, 1, 0, 0, 0, 0, 0, 0, 0, 0, 0, 0, 0, 0, 1, 0, 0, 0, 1, 0, 0, 0, 0, 0);
INSERT INTO NetworkDeviceModels (NetworkDeviceModelID, DeviceModelID, DSIDeviceTypeID, DSIDeviceModelID, DefaultLoginName, DefaultPassword, DefaultPort, DefaultSearchPort, DefaultConfigURL, MaxCameraCount, MaxAudioInCount, MaxAudioOutCount, MaxSensorCount, MaxRelayCount, SupportsAbsolutePosition, SupportsMotionDetection, SupportsControlFrameRate, SupportsControlResolution, MaxPresetCount, SupportsMenu, SupportsPTZ, MaxAuxiliaryCount, SupportsLight, SupportsWiper, MaxPresetTourCount, MaxPatternTourCount, MaxSwingCount, MaxOtherTourCount, MaxStreamCount, SupportDualLiveStream, SingleLiveStreamNo, DivisionLiveStreamNo, SupportVideoAnalysis, SupportPTZSpeed, IsVariableUnitCount, SupportSearchPort, DefaultSetupPort, SupportSetupPort) VALUES (181, 179, 23, 4, N'root', N'', 80, 0, N'operator/basic_configuration.shtml?submenuid=1', 2, 1, 1, 1, 1, 0, 1, 0, 0, 0, 0, 0, 0, 0, 0, 0, 0, 0, 0, 1, 0, 0, 0, 1, 0, 0, 0, 0, 0);
INSERT INTO NetworkDeviceModels (NetworkDeviceModelID, DeviceModelID, DSIDeviceTypeID, DSIDeviceModelID, DefaultLoginName, DefaultPassword, DefaultPort, DefaultSearchPort, DefaultConfigURL, MaxCameraCount, MaxAudioInCount, MaxAudioOutCount, MaxSensorCount, MaxRelayCount, SupportsAbsolutePosition, SupportsMotionDetection, SupportsControlFrameRate, SupportsControlResolution, MaxPresetCount, SupportsMenu, SupportsPTZ, MaxAuxiliaryCount, SupportsLight, SupportsWiper, MaxPresetTourCount, MaxPatternTourCount, MaxSwingCount, MaxOtherTourCount, MaxStreamCount, SupportDualLiveStream, SingleLiveStreamNo, DivisionLiveStreamNo, SupportVideoAnalysis, SupportPTZSpeed, IsVariableUnitCount, SupportSearchPort, DefaultSetupPort, SupportSetupPort) VALUES (182, 180, 23, 5, N'root', N'', 80, 0, N'operator/basic_configuration.shtml?submenuid=1', 2, 1, 1, 1, 1, 0, 1, 0, 0, 0, 0, 0, 0, 0, 0, 0, 0, 0, 0, 1, 0, 0, 0, 1, 0, 0, 0, 0, 0);
INSERT INTO NetworkDeviceModels (NetworkDeviceModelID, DeviceModelID, DSIDeviceTypeID, DSIDeviceModelID, DefaultLoginName, DefaultPassword, DefaultPort, DefaultSearchPort, DefaultConfigURL, MaxCameraCount, MaxAudioInCount, MaxAudioOutCount, MaxSensorCount, MaxRelayCount, SupportsAbsolutePosition, SupportsMotionDetection, SupportsControlFrameRate, SupportsControlResolution, MaxPresetCount, SupportsMenu, SupportsPTZ, MaxAuxiliaryCount, SupportsLight, SupportsWiper, MaxPresetTourCount, MaxPatternTourCount, MaxSwingCount, MaxOtherTourCount, MaxStreamCount, SupportDualLiveStream, SingleLiveStreamNo, DivisionLiveStreamNo, SupportVideoAnalysis, SupportPTZSpeed, IsVariableUnitCount, SupportSearchPort, DefaultSetupPort, SupportSetupPort) VALUES (183, 181, 23, 6, N'root', N'', 80, 0, N'operator/basic_configuration.shtml?submenuid=1', 2, 1, 1, 1, 1, 0, 1, 0, 0, 0, 0, 0, 0, 0, 0, 0, 0, 0, 0, 1, 0, 0, 0, 1, 0, 0, 0, 0, 0);
INSERT INTO NetworkDeviceModels (NetworkDeviceModelID, DeviceModelID, DSIDeviceTypeID, DSIDeviceModelID, DefaultLoginName, DefaultPassword, DefaultPort, DefaultSearchPort, DefaultConfigURL, MaxCameraCount, MaxAudioInCount, MaxAudioOutCount, MaxSensorCount, MaxRelayCount, SupportsAbsolutePosition, SupportsMotionDetection, SupportsControlFrameRate, SupportsControlResolution, MaxPresetCount, SupportsMenu, SupportsPTZ, MaxAuxiliaryCount, SupportsLight, SupportsWiper, MaxPresetTourCount, MaxPatternTourCount, MaxSwingCount, MaxOtherTourCount, MaxStreamCount, SupportDualLiveStream, SingleLiveStreamNo, DivisionLiveStreamNo, SupportVideoAnalysis, SupportPTZSpeed, IsVariableUnitCount, SupportSearchPort, DefaultSetupPort, SupportSetupPort) VALUES (184, 182, 5, 4097, N'root', N'', 80, 0, N'admin/index.html', 1, 1, 1, 1, 1, 0, 0, 0, 0, 0, 0, 0, 0, 0, 0, 0, 0, 0, 0, 1, 0, 0, 0, 0, 0, 0, 0, 0, 0);
INSERT INTO NetworkDeviceModels (NetworkDeviceModelID, DeviceModelID, DSIDeviceTypeID, DSIDeviceModelID, DefaultLoginName, DefaultPassword, DefaultPort, DefaultSearchPort, DefaultConfigURL, MaxCameraCount, MaxAudioInCount, MaxAudioOutCount, MaxSensorCount, MaxRelayCount, SupportsAbsolutePosition, SupportsMotionDetection, SupportsControlFrameRate, SupportsControlResolution, MaxPresetCount, SupportsMenu, SupportsPTZ, MaxAuxiliaryCount, SupportsLight, SupportsWiper, MaxPresetTourCount, MaxPatternTourCount, MaxSwingCount, MaxOtherTourCount, MaxStreamCount, SupportDualLiveStream, SingleLiveStreamNo, DivisionLiveStreamNo, SupportVideoAnalysis, SupportPTZSpeed, IsVariableUnitCount, SupportSearchPort, DefaultSetupPort, SupportSetupPort, SupportClipBackup, ClipBackupPort, SupportHealthCheck, HealthCheckPort) VALUES (185, 183, 2, 1, N'administrator', N'', 2000, 0, N'', 32, 16, 1, 16, 16, 0, 0, 0, 0, 0, 0, 1, 0, 0, 0, 0, 0, 0, 0, 1, 0, 0, 0, 0, 0, 0, 0, 0, 0, 1, 9876, 1, 2005);
INSERT INTO NetworkDeviceModels (NetworkDeviceModelID, DeviceModelID, DSIDeviceTypeID, DSIDeviceModelID, DefaultLoginName, DefaultPassword, DefaultPort, DefaultSearchPort, DefaultConfigURL, MaxCameraCount, MaxAudioInCount, MaxAudioOutCount, MaxSensorCount, MaxRelayCount, SupportsAbsolutePosition, SupportsMotionDetection, SupportsControlFrameRate, SupportsControlResolution, MaxPresetCount, SupportsMenu, SupportsPTZ, MaxAuxiliaryCount, SupportsLight, SupportsWiper, MaxPresetTourCount, MaxPatternTourCount, MaxSwingCount, MaxOtherTourCount, MaxStreamCount, SupportDualLiveStream, SingleLiveStreamNo, DivisionLiveStreamNo, SupportVideoAnalysis, SupportPTZSpeed, IsVariableUnitCount, SupportSearchPort, DefaultSetupPort, SupportSetupPort) VALUES (186, 184, 28, 2, N'admin', N'', 80, 0, N'', 1, 1, 1, 2, 2, 1, 1, 0, 0, 255, 1, 1, 0, 1, 1, 100, 0, 0, 0, 1, 0, 0, 0, 0, 1, 0, 0, 0, 0);
INSERT INTO NetworkDeviceModels (NetworkDeviceModelID, DeviceModelID, DSIDeviceTypeID, DSIDeviceModelID, DefaultLoginName, DefaultPassword, DefaultPort, DefaultSearchPort, DefaultConfigURL, MaxCameraCount, MaxAudioInCount, MaxAudioOutCount, MaxSensorCount, MaxRelayCount, SupportsAbsolutePosition, SupportsMotionDetection, SupportsControlFrameRate, SupportsControlResolution, MaxPresetCount, SupportsMenu, SupportsPTZ, MaxAuxiliaryCount, SupportsLight, SupportsWiper, MaxPresetTourCount, MaxPatternTourCount, MaxSwingCount, MaxOtherTourCount, MaxStreamCount, SupportDualLiveStream, SingleLiveStreamNo, DivisionLiveStreamNo, SupportVideoAnalysis, SupportPTZSpeed, IsVariableUnitCount, SupportSearchPort, DefaultSetupPort, SupportSetupPort) VALUES (187, 185, 7, 8196, N'Administrator', N'', 7000, 0, N'', 1, 1, 1, 3, 1, 1, 0, 0, 0, 255, 0, 1, 0, 0, 0, 100, 0, 0, 0, 2, 0, 0, 0, 0, 1, 0, 0, 0, 0);
INSERT INTO NetworkDeviceModels (NetworkDeviceModelID, DeviceModelID, DSIDeviceTypeID, DSIDeviceModelID, DefaultLoginName, DefaultPassword, DefaultPort, DefaultSearchPort, DefaultConfigURL, MaxCameraCount, MaxAudioInCount, MaxAudioOutCount, MaxSensorCount, MaxRelayCount, SupportsAbsolutePosition, SupportsMotionDetection, SupportsControlFrameRate, SupportsControlResolution, MaxPresetCount, SupportsMenu, SupportsPTZ, MaxAuxiliaryCount, SupportsLight, SupportsWiper, MaxPresetTourCount, MaxPatternTourCount, MaxSwingCount, MaxOtherTourCount, MaxStreamCount, SupportDualLiveStream, SingleLiveStreamNo, DivisionLiveStreamNo, SupportVideoAnalysis, SupportPTZSpeed, IsVariableUnitCount, SupportSearchPort, DefaultSetupPort, SupportSetupPort) VALUES (188, 186, 7, 8197, N'Administrator', N'', 7000, 0, N'', 1, 1, 1, 3, 0, 0, 0, 0, 0, 0, 0, 0, 0, 0, 0, 0, 0, 0, 0, 2, 0, 0, 0, 0, 0, 0, 0, 0, 0);
INSERT INTO NetworkDeviceModels (NetworkDeviceModelID, DeviceModelID, DSIDeviceTypeID, DSIDeviceModelID, DefaultLoginName, DefaultPassword, DefaultPort, DefaultSearchPort, DefaultConfigURL, MaxCameraCount, MaxAudioInCount, MaxAudioOutCount, MaxSensorCount, MaxRelayCount, SupportsAbsolutePosition, SupportsMotionDetection, SupportsControlFrameRate, SupportsControlResolution, MaxPresetCount, SupportsMenu, SupportsPTZ, MaxAuxiliaryCount, SupportsLight, SupportsWiper, MaxPresetTourCount, MaxPatternTourCount, MaxSwingCount, MaxOtherTourCount, MaxStreamCount, SupportDualLiveStream, SingleLiveStreamNo, DivisionLiveStreamNo, SupportVideoAnalysis, SupportPTZSpeed, IsVariableUnitCount, SupportSearchPort, DefaultSetupPort, SupportSetupPort) VALUES (189, 187, 4118, 1, N'user1', N'', 2000, 0, N'', 16, 16, 1, 4, 4, 0, 1, 0, 0, 0, 0, 1, 0, 0, 0, 0, 0, 0, 0, 1, 0, 0, 0, 0, 0, 0, 0, 0, 0);
INSERT INTO NetworkDeviceModels (NetworkDeviceModelID, DeviceModelID, DSIDeviceTypeID, DSIDeviceModelID, DefaultLoginName, DefaultPassword, DefaultPort, DefaultSearchPort, DefaultConfigURL, MaxCameraCount, MaxAudioInCount, MaxAudioOutCount, MaxSensorCount, MaxRelayCount, SupportsAbsolutePosition, SupportsMotionDetection, SupportsControlFrameRate, SupportsControlResolution, MaxPresetCount, SupportsMenu, SupportsPTZ, MaxAuxiliaryCount, SupportsLight, SupportsWiper, MaxPresetTourCount, MaxPatternTourCount, MaxSwingCount, MaxOtherTourCount, MaxStreamCount, SupportDualLiveStream, SingleLiveStreamNo, DivisionLiveStreamNo, SupportVideoAnalysis, SupportPTZSpeed, IsVariableUnitCount, SupportSearchPort, DefaultSetupPort, SupportSetupPort) VALUES (190, 188, 12, 2, N'', N'', 80, 0, N'cgi-bin/nwindex?UID=', 1, 0, 0, 0, 0, 0, 0, 0, 0, 99, 0, 1, 0, 0, 0, 0, 0, 0, 0, 1, 0, 0, 0, 0, 1, 0, 0, 0, 0);
INSERT INTO NetworkDeviceModels (NetworkDeviceModelID, DeviceModelID, DSIDeviceTypeID, DSIDeviceModelID, DefaultLoginName, DefaultPassword, DefaultPort, DefaultSearchPort, DefaultConfigURL, MaxCameraCount, MaxAudioInCount, MaxAudioOutCount, MaxSensorCount, MaxRelayCount, SupportsAbsolutePosition, SupportsMotionDetection, SupportsControlFrameRate, SupportsControlResolution, MaxPresetCount, SupportsMenu, SupportsPTZ, MaxAuxiliaryCount, SupportsLight, SupportsWiper, MaxPresetTourCount, MaxPatternTourCount, MaxSwingCount, MaxOtherTourCount, MaxStreamCount, SupportDualLiveStream, SingleLiveStreamNo, DivisionLiveStreamNo, SupportVideoAnalysis, SupportPTZSpeed, IsVariableUnitCount, SupportSearchPort, DefaultSetupPort, SupportSetupPort) VALUES (191, 189, 12, 3, N'', N'', 80, 0, N'admin/index_setting.html', 1, 0, 0, 0, 0, 0, 0, 0, 0, 99, 0, 1, 0, 0, 0, 0, 0, 0, 0, 1, 0, 0, 0, 0, 1, 0, 0, 0, 0);
INSERT INTO NetworkDeviceModels (NetworkDeviceModelID, DeviceModelID, DSIDeviceTypeID, DSIDeviceModelID, DefaultLoginName, DefaultPassword, DefaultPort, DefaultSearchPort, DefaultConfigURL, MaxCameraCount, MaxAudioInCount, MaxAudioOutCount, MaxSensorCount, MaxRelayCount, SupportsAbsolutePosition, SupportsMotionDetection, SupportsControlFrameRate, SupportsControlResolution, MaxPresetCount, SupportsMenu, SupportsPTZ, MaxAuxiliaryCount, SupportsLight, SupportsWiper, MaxPresetTourCount, MaxPatternTourCount, MaxSwingCount, MaxOtherTourCount, MaxStreamCount, SupportDualLiveStream, SingleLiveStreamNo, DivisionLiveStreamNo, SupportVideoAnalysis, SupportPTZSpeed, IsVariableUnitCount, SupportSearchPort, DefaultSetupPort, SupportSetupPort) VALUES (192, 190, 12, 4, N'', N'', 80, 0, N'admin/index.html', 1, 0, 0, 0, 0, 0, 0, 0, 0, 99, 0, 1, 0, 0, 0, 0, 0, 0, 0, 1, 0, 0, 0, 0, 1, 0, 0, 0, 0);
INSERT INTO NetworkDeviceModels (NetworkDeviceModelID, DeviceModelID, DSIDeviceTypeID, DSIDeviceModelID, DefaultLoginName, DefaultPassword, DefaultPort, DefaultSearchPort, DefaultConfigURL, MaxCameraCount, MaxAudioInCount, MaxAudioOutCount, MaxSensorCount, MaxRelayCount, SupportsAbsolutePosition, SupportsMotionDetection, SupportsControlFrameRate, SupportsControlResolution, MaxPresetCount, SupportsMenu, SupportsPTZ, MaxAuxiliaryCount, SupportsLight, SupportsWiper, MaxPresetTourCount, MaxPatternTourCount, MaxSwingCount, MaxOtherTourCount, MaxStreamCount, SupportDualLiveStream, SingleLiveStreamNo, DivisionLiveStreamNo, SupportVideoAnalysis, SupportPTZSpeed, IsVariableUnitCount, SupportSearchPort, DefaultSetupPort, SupportSetupPort) VALUES (193, 191, 12, 4099, N'admin', N'', 80, 0, N'admin/index.html', 1, 1, 1, 3, 1, 0, 0, 0, 0, 255, 1, 1, 0, 0, 0, 100, 0, 0, 0, 1, 0, 0, 0, 0, 1, 0, 0, 0, 0);
INSERT INTO NetworkDeviceModels (NetworkDeviceModelID, DeviceModelID, DSIDeviceTypeID, DSIDeviceModelID, DefaultLoginName, DefaultPassword, DefaultPort, DefaultSearchPort, DefaultConfigURL, MaxCameraCount, MaxAudioInCount, MaxAudioOutCount, MaxSensorCount, MaxRelayCount, SupportsAbsolutePosition, SupportsMotionDetection, SupportsControlFrameRate, SupportsControlResolution, MaxPresetCount, SupportsMenu, SupportsPTZ, MaxAuxiliaryCount, SupportsLight, SupportsWiper, MaxPresetTourCount, MaxPatternTourCount, MaxSwingCount, MaxOtherTourCount, MaxStreamCount, SupportDualLiveStream, SingleLiveStreamNo, DivisionLiveStreamNo, SupportVideoAnalysis, SupportPTZSpeed, IsVariableUnitCount, SupportSearchPort, DefaultSetupPort, SupportSetupPort) VALUES (194, 192, 4110, 4097, N'Admin', N'', 80, 0, N'', 2, 1, 1, 1, 1, 0, 0, 0, 0, 0, 0, 0, 0, 0, 0, 0, 0, 0, 0, 1, 0, 0, 0, 0, 0, 0, 0, 0, 0);
INSERT INTO NetworkDeviceModels (NetworkDeviceModelID, DeviceModelID, DSIDeviceTypeID, DSIDeviceModelID, DefaultLoginName, DefaultPassword, DefaultPort, DefaultSearchPort, DefaultConfigURL, MaxCameraCount, MaxAudioInCount, MaxAudioOutCount, MaxSensorCount, MaxRelayCount, SupportsAbsolutePosition, SupportsMotionDetection, SupportsControlFrameRate, SupportsControlResolution, MaxPresetCount, SupportsMenu, SupportsPTZ, MaxAuxiliaryCount, SupportsLight, SupportsWiper, MaxPresetTourCount, MaxPatternTourCount, MaxSwingCount, MaxOtherTourCount, MaxStreamCount, SupportDualLiveStream, SingleLiveStreamNo, DivisionLiveStreamNo, SupportVideoAnalysis, SupportPTZSpeed, IsVariableUnitCount, SupportSearchPort, DefaultSetupPort, SupportSetupPort) VALUES (195, 193, 4110, 4098, N'Admin', N'', 80, 0, N'', 2, 1, 1, 1, 1, 0, 0, 0, 0, 0, 0, 0, 0, 0, 0, 0, 0, 0, 0, 1, 0, 0, 0, 0, 0, 0, 0, 0, 0);
INSERT INTO NetworkDeviceModels (NetworkDeviceModelID, DeviceModelID, DSIDeviceTypeID, DSIDeviceModelID, DefaultLoginName, DefaultPassword, DefaultPort, DefaultSearchPort, DefaultConfigURL, MaxCameraCount, MaxAudioInCount, MaxAudioOutCount, MaxSensorCount, MaxRelayCount, SupportsAbsolutePosition, SupportsMotionDetection, SupportsControlFrameRate, SupportsControlResolution, MaxPresetCount, SupportsMenu, SupportsPTZ, MaxAuxiliaryCount, SupportsLight, SupportsWiper, MaxPresetTourCount, MaxPatternTourCount, MaxSwingCount, MaxOtherTourCount, MaxStreamCount, SupportDualLiveStream, SingleLiveStreamNo, DivisionLiveStreamNo, SupportVideoAnalysis, SupportPTZSpeed, IsVariableUnitCount, SupportSearchPort, DefaultSetupPort, SupportSetupPort) VALUES (196, 194, 4110, 4099, N'Admin', N'', 80, 0, N'', 2, 1, 1, 1, 1, 0, 0, 0, 0, 0, 0, 0, 0, 0, 0, 0, 0, 0, 0, 1, 0, 0, 0, 0, 0, 0, 0, 0, 0);
INSERT INTO NetworkDeviceModels (NetworkDeviceModelID, DeviceModelID, DSIDeviceTypeID, DSIDeviceModelID, DefaultLoginName, DefaultPassword, DefaultPort, DefaultSearchPort, DefaultConfigURL, MaxCameraCount, MaxAudioInCount, MaxAudioOutCount, MaxSensorCount, MaxRelayCount, SupportsAbsolutePosition, SupportsMotionDetection, SupportsControlFrameRate, SupportsControlResolution, MaxPresetCount, SupportsMenu, SupportsPTZ, MaxAuxiliaryCount, SupportsLight, SupportsWiper, MaxPresetTourCount, MaxPatternTourCount, MaxSwingCount, MaxOtherTourCount, MaxStreamCount, SupportDualLiveStream, SingleLiveStreamNo, DivisionLiveStreamNo, SupportVideoAnalysis, SupportPTZSpeed, IsVariableUnitCount, SupportSearchPort, DefaultSetupPort, SupportSetupPort) VALUES (197, 195, 4110, 4100, N'Admin', N'', 80, 0, N'', 2, 1, 1, 1, 1, 0, 0, 0, 0, 0, 0, 0, 0, 0, 0, 0, 0, 0, 0, 1, 0, 0, 0, 0, 0, 0, 0, 0, 0);
INSERT INTO NetworkDeviceModels (NetworkDeviceModelID, DeviceModelID, DSIDeviceTypeID, DSIDeviceModelID, DefaultLoginName, DefaultPassword, DefaultPort, DefaultSearchPort, DefaultConfigURL, MaxCameraCount, MaxAudioInCount, MaxAudioOutCount, MaxSensorCount, MaxRelayCount, SupportsAbsolutePosition, SupportsMotionDetection, SupportsControlFrameRate, SupportsControlResolution, MaxPresetCount, SupportsMenu, SupportsPTZ, MaxAuxiliaryCount, SupportsLight, SupportsWiper, MaxPresetTourCount, MaxPatternTourCount, MaxSwingCount, MaxOtherTourCount, MaxStreamCount, SupportDualLiveStream, SingleLiveStreamNo, DivisionLiveStreamNo, SupportVideoAnalysis, SupportPTZSpeed, IsVariableUnitCount, SupportSearchPort, DefaultSetupPort, SupportSetupPort) VALUES (198, 196, 4110, 4101, N'Admin', N'', 80, 0, N'', 2, 1, 1, 4, 1, 0, 0, 0, 0, 0, 0, 0, 0, 0, 0, 0, 0, 0, 0, 1, 0, 0, 0, 0, 0, 0, 0, 0, 0);
INSERT INTO NetworkDeviceModels (NetworkDeviceModelID, DeviceModelID, DSIDeviceTypeID, DSIDeviceModelID, DefaultLoginName, DefaultPassword, DefaultPort, DefaultSearchPort, DefaultConfigURL, MaxCameraCount, MaxAudioInCount, MaxAudioOutCount, MaxSensorCount, MaxRelayCount, SupportsAbsolutePosition, SupportsMotionDetection, SupportsControlFrameRate, SupportsControlResolution, MaxPresetCount, SupportsMenu, SupportsPTZ, MaxAuxiliaryCount, SupportsLight, SupportsWiper, MaxPresetTourCount, MaxPatternTourCount, MaxSwingCount, MaxOtherTourCount, MaxStreamCount, SupportDualLiveStream, SingleLiveStreamNo, DivisionLiveStreamNo, SupportVideoAnalysis, SupportPTZSpeed, IsVariableUnitCount, SupportSearchPort, DefaultSetupPort, SupportSetupPort) VALUES (199, 197, 4110, 4102, N'Admin', N'', 80, 0, N'', 2, 1, 1, 0, 0, 0, 0, 0, 0, 0, 0, 0, 0, 0, 0, 0, 0, 0, 0, 1, 0, 0, 0, 0, 0, 0, 0, 0, 0);
INSERT INTO NetworkDeviceModels (NetworkDeviceModelID, DeviceModelID, DSIDeviceTypeID, DSIDeviceModelID, DefaultLoginName, DefaultPassword, DefaultPort, DefaultSearchPort, DefaultConfigURL, MaxCameraCount, MaxAudioInCount, MaxAudioOutCount, MaxSensorCount, MaxRelayCount, SupportsAbsolutePosition, SupportsMotionDetection, SupportsControlFrameRate, SupportsControlResolution, MaxPresetCount, SupportsMenu, SupportsPTZ, MaxAuxiliaryCount, SupportsLight, SupportsWiper, MaxPresetTourCount, MaxPatternTourCount, MaxSwingCount, MaxOtherTourCount, MaxStreamCount, SupportDualLiveStream, SingleLiveStreamNo, DivisionLiveStreamNo, SupportVideoAnalysis, SupportPTZSpeed, IsVariableUnitCount, SupportSearchPort, DefaultSetupPort, SupportSetupPort) VALUES (200, 198, 4110, 4103, N'Admin', N'', 80, 0, N'', 2, 1, 1, 1, 1, 0, 0, 0, 0, 0, 0, 0, 0, 0, 0, 0, 0, 0, 0, 1, 0, 0, 0, 0, 0, 0, 0, 0, 0);
INSERT INTO NetworkDeviceModels (NetworkDeviceModelID, DeviceModelID, DSIDeviceTypeID, DSIDeviceModelID, DefaultLoginName, DefaultPassword, DefaultPort, DefaultSearchPort, DefaultConfigURL, MaxCameraCount, MaxAudioInCount, MaxAudioOutCount, MaxSensorCount, MaxRelayCount, SupportsAbsolutePosition, SupportsMotionDetection, SupportsControlFrameRate, SupportsControlResolution, MaxPresetCount, SupportsMenu, SupportsPTZ, MaxAuxiliaryCount, SupportsLight, SupportsWiper, MaxPresetTourCount, MaxPatternTourCount, MaxSwingCount, MaxOtherTourCount, MaxStreamCount, SupportDualLiveStream, SingleLiveStreamNo, DivisionLiveStreamNo, SupportVideoAnalysis, SupportPTZSpeed, IsVariableUnitCount, SupportSearchPort, DefaultSetupPort, SupportSetupPort) VALUES (201, 200, 22, 3, N'root', N'', 1852, 0, N'', 1, 1, 1, 1, 1, 1, 1, 0, 0, 255, 1, 1, 0, 0, 0, 255, 0, 0, 0, 1, 0, 0, 0, 0, 1, 0, 0, 0, 0);
INSERT INTO NetworkDeviceModels (NetworkDeviceModelID, DeviceModelID, DSIDeviceTypeID, DSIDeviceModelID, DefaultLoginName, DefaultPassword, DefaultPort, DefaultSearchPort, DefaultConfigURL, MaxCameraCount, MaxAudioInCount, MaxAudioOutCount, MaxSensorCount, MaxRelayCount, SupportsAbsolutePosition, SupportsMotionDetection, SupportsControlFrameRate, SupportsControlResolution, MaxPresetCount, SupportsMenu, SupportsPTZ, MaxAuxiliaryCount, SupportsLight, SupportsWiper, MaxPresetTourCount, MaxPatternTourCount, MaxSwingCount, MaxOtherTourCount, MaxStreamCount, SupportDualLiveStream, SingleLiveStreamNo, DivisionLiveStreamNo, SupportVideoAnalysis, SupportPTZSpeed, IsVariableUnitCount, SupportSearchPort, DefaultSetupPort, SupportSetupPort) VALUES (202, 201, 22, 4, N'root', N'', 1852, 0, N'', 4, 4, 1, 4, 4, 1, 0, 0, 0, 99, 0, 1, 0, 0, 0, 0, 0, 0, 0, 1, 0, 0, 0, 0, 1, 0, 0, 0, 0);
INSERT INTO NetworkDeviceModels (NetworkDeviceModelID, DeviceModelID, DSIDeviceTypeID, DSIDeviceModelID, DefaultLoginName, DefaultPassword, DefaultPort, DefaultSearchPort, DefaultConfigURL, MaxCameraCount, MaxAudioInCount, MaxAudioOutCount, MaxSensorCount, MaxRelayCount, SupportsAbsolutePosition, SupportsMotionDetection, SupportsControlFrameRate, SupportsControlResolution, MaxPresetCount, SupportsMenu, SupportsPTZ, MaxAuxiliaryCount, SupportsLight, SupportsWiper, MaxPresetTourCount, MaxPatternTourCount, MaxSwingCount, MaxOtherTourCount, MaxStreamCount, SupportDualLiveStream, SingleLiveStreamNo, DivisionLiveStreamNo, SupportVideoAnalysis, SupportPTZSpeed, IsVariableUnitCount, SupportSearchPort, DefaultSetupPort, SupportSetupPort) VALUES (203, 199, NULL, NULL, N'', N'', 0, 0, N'', 1, 0, 0, 0, 0, 1, 0, 0, 0, 0, 0, 0, 0, 0, 0, 0, 0, 0, 0, 1, 0, 0, 0, 0, 0, 0, 0, 0, 0);
INSERT INTO NetworkDeviceModels (NetworkDeviceModelID, DeviceModelID, DSIDeviceTypeID, DSIDeviceModelID, DefaultLoginName, DefaultPassword, DefaultPort, DefaultSearchPort, DefaultConfigURL, MaxCameraCount, MaxAudioInCount, MaxAudioOutCount, MaxSensorCount, MaxRelayCount, SupportsAbsolutePosition, SupportsMotionDetection, SupportsControlFrameRate, SupportsControlResolution, MaxPresetCount, SupportsMenu, SupportsPTZ, MaxAuxiliaryCount, SupportsLight, SupportsWiper, MaxPresetTourCount, MaxPatternTourCount, MaxSwingCount, MaxOtherTourCount, MaxStreamCount, SupportDualLiveStream, SingleLiveStreamNo, DivisionLiveStreamNo, SupportVideoAnalysis, SupportPTZSpeed, IsVariableUnitCount, SupportSearchPort, DefaultSetupPort, SupportSetupPort, SupportHardwareAreaZoom) VALUES (204, 207, 4121, 4097, N'admin', N'', 8000, 0, N'admin/index.html', 1, 1, 1, 7, 2, 1, 1, 0, 0, 255, 1, 1, 0, 1, 1, 100, 100, 100, 0, 2, 0, 0, 0, 0, 1, 0, 0, 0, 0, 1);
INSERT INTO NetworkDeviceModels (NetworkDeviceModelID, DeviceModelID, DSIDeviceTypeID, DSIDeviceModelID, DefaultLoginName, DefaultPassword, DefaultPort, DefaultSearchPort, DefaultConfigURL, MaxCameraCount, MaxAudioInCount, MaxAudioOutCount, MaxSensorCount, MaxRelayCount, SupportsAbsolutePosition, SupportsMotionDetection, SupportsControlFrameRate, SupportsControlResolution, MaxPresetCount, SupportsMenu, SupportsPTZ, MaxAuxiliaryCount, SupportsLight, SupportsWiper, MaxPresetTourCount, MaxPatternTourCount, MaxSwingCount, MaxOtherTourCount, MaxStreamCount, SupportDualLiveStream, SingleLiveStreamNo, DivisionLiveStreamNo, SupportVideoAnalysis, SupportPTZSpeed, IsVariableUnitCount, SupportSearchPort, DefaultSetupPort, SupportSetupPort) VALUES (205, 208, 4121, 4098, N'admin', N'', 8000, 0, N'admin/index.html', 1, 1, 1, 7, 2, 0, 1, 0, 0, 255, 1, 1, 0, 1, 1, 100, 100, 100, 0, 1, 0, 0, 0, 0, 0, 0, 0, 0, 0);
INSERT INTO NetworkDeviceModels (NetworkDeviceModelID, DeviceModelID, DSIDeviceTypeID, DSIDeviceModelID, DefaultLoginName, DefaultPassword, DefaultPort, DefaultSearchPort, DefaultConfigURL, MaxCameraCount, MaxAudioInCount, MaxAudioOutCount, MaxSensorCount, MaxRelayCount, SupportsAbsolutePosition, SupportsMotionDetection, SupportsControlFrameRate, SupportsControlResolution, MaxPresetCount, SupportsMenu, SupportsPTZ, MaxAuxiliaryCount, SupportsLight, SupportsWiper, MaxPresetTourCount, MaxPatternTourCount, MaxSwingCount, MaxOtherTourCount, MaxStreamCount, SupportDualLiveStream, SingleLiveStreamNo, DivisionLiveStreamNo, SupportVideoAnalysis, SupportPTZSpeed, IsVariableUnitCount, SupportSearchPort, DefaultSetupPort, SupportSetupPort) VALUES (206, 209, 25, 3, N'admin', N'', 80, 0, N'cgi-bin/lang.cgi', 2, 0, 0, 2, 0, 1, 0, 0, 0, 255, 1, 1, 0, 1, 1, 100, 100, 100, 0, 2, 0, 0, 0, 0, 0, 0, 0, 0, 0);
INSERT INTO NetworkDeviceModels (NetworkDeviceModelID, DeviceModelID, DSIDeviceTypeID, DSIDeviceModelID, DefaultLoginName, DefaultPassword, DefaultPort, DefaultSearchPort, DefaultConfigURL, MaxCameraCount, MaxAudioInCount, MaxAudioOutCount, MaxSensorCount, MaxRelayCount, SupportsAbsolutePosition, SupportsMotionDetection, SupportsControlFrameRate, SupportsControlResolution, MaxPresetCount, SupportsMenu, SupportsPTZ, MaxAuxiliaryCount, SupportsLight, SupportsWiper, MaxPresetTourCount, MaxPatternTourCount, MaxSwingCount, MaxOtherTourCount, MaxStreamCount, SupportDualLiveStream, SingleLiveStreamNo, DivisionLiveStreamNo, SupportVideoAnalysis, SupportPTZSpeed, IsVariableUnitCount, SupportSearchPort, DefaultSetupPort, SupportSetupPort) VALUES (207, 210, 25, 5, N'admin', N'', 80, 0, N'cgi-bin/lang.cgi', 1, 1, 1, 4, 2, 1, 0, 0, 0, 255, 1, 1, 0, 1, 1, 100, 100, 100, 0, 2, 0, 0, 0, 0, 0, 0, 0, 0, 0);
INSERT INTO NetworkDeviceModels (NetworkDeviceModelID, DeviceModelID, DSIDeviceTypeID, DSIDeviceModelID, DefaultLoginName, DefaultPassword, DefaultPort, DefaultSearchPort, DefaultConfigURL, MaxCameraCount, MaxAudioInCount, MaxAudioOutCount, MaxSensorCount, MaxRelayCount, SupportsAbsolutePosition, SupportsMotionDetection, SupportsControlFrameRate, SupportsControlResolution, MaxPresetCount, SupportsMenu, SupportsPTZ, MaxAuxiliaryCount, SupportsLight, SupportsWiper, MaxPresetTourCount, MaxPatternTourCount, MaxSwingCount, MaxOtherTourCount, MaxStreamCount, SupportDualLiveStream, SingleLiveStreamNo, DivisionLiveStreamNo, SupportVideoAnalysis, SupportPTZSpeed, IsVariableUnitCount, SupportSearchPort, DefaultSetupPort, SupportSetupPort) VALUES (208, 211, 25, 6, N'admin', N'', 80, 0, N'cgi-bin/lang.cgi', 1, 1, 1, 4, 2, 1, 0, 0, 0, 255, 1, 1, 0, 1, 1, 100, 100, 100, 0, 2, 0, 0, 0, 0, 0, 0, 0, 0, 0);
INSERT INTO NetworkDeviceModels (NetworkDeviceModelID, DeviceModelID, DSIDeviceTypeID, DSIDeviceModelID, DefaultLoginName, DefaultPassword, DefaultPort, DefaultSearchPort, DefaultConfigURL, MaxCameraCount, MaxAudioInCount, MaxAudioOutCount, MaxSensorCount, MaxRelayCount, SupportsAbsolutePosition, SupportsMotionDetection, SupportsControlFrameRate, SupportsControlResolution, MaxPresetCount, SupportsMenu, SupportsPTZ, MaxAuxiliaryCount, SupportsLight, SupportsWiper, MaxPresetTourCount, MaxPatternTourCount, MaxSwingCount, MaxOtherTourCount, MaxStreamCount, SupportDualLiveStream, SingleLiveStreamNo, DivisionLiveStreamNo, SupportVideoAnalysis, SupportPTZSpeed, IsVariableUnitCount, SupportSearchPort, DefaultSetupPort, SupportSetupPort) VALUES (209, 212, 25, 8, N'admin', N'', 80, 0, N'cgi-bin/lang.cgi', 1, 1, 1, 4, 2, 1, 0, 0, 0, 255, 1, 1, 0, 1, 1, 100, 100, 100, 0, 2, 0, 0, 0, 0, 0, 0, 0, 0, 0);
INSERT INTO NetworkDeviceModels (NetworkDeviceModelID, DeviceModelID, DSIDeviceTypeID, DSIDeviceModelID, DefaultLoginName, DefaultPassword, DefaultPort, DefaultSearchPort, DefaultConfigURL, MaxCameraCount, MaxAudioInCount, MaxAudioOutCount, MaxSensorCount, MaxRelayCount, SupportsAbsolutePosition, SupportsMotionDetection, SupportsControlFrameRate, SupportsControlResolution, MaxPresetCount, SupportsMenu, SupportsPTZ, MaxAuxiliaryCount, SupportsLight, SupportsWiper, MaxPresetTourCount, MaxPatternTourCount, MaxSwingCount, MaxOtherTourCount, MaxStreamCount, SupportDualLiveStream, SingleLiveStreamNo, DivisionLiveStreamNo, SupportVideoAnalysis, SupportPTZSpeed, IsVariableUnitCount, SupportSearchPort, DefaultSetupPort, SupportSetupPort) VALUES (210, 213, 25, 4, N'admin', N'', 80, 0, N'cgi-bin/lang.cgi', 1, 1, 1, 4, 2, 1, 0, 0, 0, 255, 1, 1, 0, 1, 1, 100, 100, 100, 0, 2, 0, 0, 0, 0, 0, 0, 0, 0, 0);
INSERT INTO NetworkDeviceModels (NetworkDeviceModelID, DeviceModelID, DSIDeviceTypeID, DSIDeviceModelID, DefaultLoginName, DefaultPassword, DefaultPort, DefaultSearchPort, DefaultConfigURL, MaxCameraCount, MaxAudioInCount, MaxAudioOutCount, MaxSensorCount, MaxRelayCount, SupportsAbsolutePosition, SupportsMotionDetection, SupportsControlFrameRate, SupportsControlResolution, MaxPresetCount, SupportsMenu, SupportsPTZ, MaxAuxiliaryCount, SupportsLight, SupportsWiper, MaxPresetTourCount, MaxPatternTourCount, MaxSwingCount, MaxOtherTourCount, MaxStreamCount, SupportDualLiveStream, SingleLiveStreamNo, DivisionLiveStreamNo, SupportVideoAnalysis, SupportPTZSpeed, IsVariableUnitCount, SupportSearchPort, DefaultSetupPort, SupportSetupPort) VALUES (212, 214, 25, 7, N'admin', N'', 80, 0, N'cgi-bin/lang.cgi', 1, 1, 1, 4, 2, 1, 0, 0, 0, 255, 1, 1, 0, 1, 1, 100, 100, 100, 0, 2, 0, 0, 0, 0, 0, 0, 0, 0, 0);
INSERT INTO NetworkDeviceModels (NetworkDeviceModelID, DeviceModelID, DSIDeviceTypeID, DSIDeviceModelID, DefaultLoginName, DefaultPassword, DefaultPort, DefaultSearchPort, DefaultConfigURL, MaxCameraCount, MaxAudioInCount, MaxAudioOutCount, MaxSensorCount, MaxRelayCount, SupportsAbsolutePosition, SupportsMotionDetection, SupportsControlFrameRate, SupportsControlResolution, MaxPresetCount, SupportsMenu, SupportsPTZ, MaxAuxiliaryCount, SupportsLight, SupportsWiper, MaxPresetTourCount, MaxPatternTourCount, MaxSwingCount, MaxOtherTourCount, MaxStreamCount, SupportDualLiveStream, SingleLiveStreamNo, DivisionLiveStreamNo, SupportVideoAnalysis, SupportPTZSpeed, IsVariableUnitCount, SupportSearchPort, DefaultSetupPort, SupportSetupPort) VALUES (213, 215, 28, 3, N'admin', N'', 80, 0, N'', 2, 1, 1, 4, 4, 1, 1, 0, 0, 255, 1, 1, 0, 1, 1, 100, 0, 0, 0, 1, 0, 0, 0, 0, 0, 0, 0, 0, 0);
INSERT INTO NetworkDeviceModels (NetworkDeviceModelID, DeviceModelID, DSIDeviceTypeID, DSIDeviceModelID, DefaultLoginName, DefaultPassword, DefaultPort, DefaultSearchPort, DefaultConfigURL, MaxCameraCount, MaxAudioInCount, MaxAudioOutCount, MaxSensorCount, MaxRelayCount, SupportsAbsolutePosition, SupportsMotionDetection, SupportsControlFrameRate, SupportsControlResolution, MaxPresetCount, SupportsMenu, SupportsPTZ, MaxAuxiliaryCount, SupportsLight, SupportsWiper, MaxPresetTourCount, MaxPatternTourCount, MaxSwingCount, MaxOtherTourCount, MaxStreamCount, SupportDualLiveStream, SingleLiveStreamNo, DivisionLiveStreamNo, SupportVideoAnalysis, SupportPTZSpeed, IsVariableUnitCount, SupportSearchPort, DefaultSetupPort, SupportSetupPort) VALUES (214, 216, 28, 4, N'admin', N'', 80, 0, N'', 8, 1, 1, 4, 4, 1, 1, 0, 0, 255, 1, 1, 0, 1, 1, 100, 0, 0, 0, 1, 0, 0, 0, 0, 0, 0, 0, 0, 0);
INSERT INTO NetworkDeviceModels (NetworkDeviceModelID, DeviceModelID, DSIDeviceTypeID, DSIDeviceModelID, DefaultLoginName, DefaultPassword, DefaultPort, DefaultSearchPort, DefaultConfigURL, MaxCameraCount, MaxAudioInCount, MaxAudioOutCount, MaxSensorCount, MaxRelayCount, SupportsAbsolutePosition, SupportsMotionDetection, SupportsControlFrameRate, SupportsControlResolution, MaxPresetCount, SupportsMenu, SupportsPTZ, MaxAuxiliaryCount, SupportsLight, SupportsWiper, MaxPresetTourCount, MaxPatternTourCount, MaxSwingCount, MaxOtherTourCount, MaxStreamCount, SupportDualLiveStream, SingleLiveStreamNo, DivisionLiveStreamNo, SupportVideoAnalysis, SupportPTZSpeed, IsVariableUnitCount, SupportSearchPort, DefaultSetupPort, SupportSetupPort) VALUES (215, 217, 28, 5, N'admin', N'', 80, 0, N'', 1, 1, 1, 4, 4, 1, 1, 0, 0, 255, 0, 1, 0, 1, 1, 255, 0, 0, 0, 2, 0, 0, 0, 0, 0, 0, 0, 0, 0);
INSERT INTO NetworkDeviceModels (NetworkDeviceModelID, DeviceModelID, DSIDeviceTypeID, DSIDeviceModelID, DefaultLoginName, DefaultPassword, DefaultPort, DefaultSearchPort, DefaultConfigURL, MaxCameraCount, MaxAudioInCount, MaxAudioOutCount, MaxSensorCount, MaxRelayCount, SupportsAbsolutePosition, SupportsMotionDetection, SupportsControlFrameRate, SupportsControlResolution, MaxPresetCount, SupportsMenu, SupportsPTZ, MaxAuxiliaryCount, SupportsLight, SupportsWiper, MaxPresetTourCount, MaxPatternTourCount, MaxSwingCount, MaxOtherTourCount, MaxStreamCount, SupportDualLiveStream, SingleLiveStreamNo, DivisionLiveStreamNo, SupportVideoAnalysis, SupportPTZSpeed, IsVariableUnitCount, SupportSearchPort, DefaultSetupPort, SupportSetupPort) VALUES (216, 218, 28, 6, N'admin', N'', 80, 0, N'', 1, 1, 1, 4, 4, 1, 1, 0, 0, 255, 0, 1, 0, 1, 1, 255, 0, 0, 0, 2, 0, 0, 0, 0, 0, 0, 0, 0, 0);
INSERT INTO NetworkDeviceModels (NetworkDeviceModelID, DeviceModelID, DSIDeviceTypeID, DSIDeviceModelID, DefaultLoginName, DefaultPassword, DefaultPort, DefaultSearchPort, DefaultConfigURL, MaxCameraCount, MaxAudioInCount, MaxAudioOutCount, MaxSensorCount, MaxRelayCount, SupportsAbsolutePosition, SupportsMotionDetection, SupportsControlFrameRate, SupportsControlResolution, MaxPresetCount, SupportsMenu, SupportsPTZ, MaxAuxiliaryCount, SupportsLight, SupportsWiper, MaxPresetTourCount, MaxPatternTourCount, MaxSwingCount, MaxOtherTourCount, MaxStreamCount, SupportDualLiveStream, SingleLiveStreamNo, DivisionLiveStreamNo, SupportVideoAnalysis, SupportPTZSpeed, IsVariableUnitCount, SupportSearchPort, DefaultSetupPort, SupportSetupPort) VALUES (217, 219, 4116, 4097, N'', N'', 80, 0, N'', 1, 1, 1, 1, 1, 0, 1, 0, 0, 255, 0, 1, 0, 0, 0, 0, 0, 0, 0, 3, 0, 0, 0, 0, 1, 0, 0, 0, 0);
INSERT INTO NetworkDeviceModels (NetworkDeviceModelID, DeviceModelID, DSIDeviceTypeID, DSIDeviceModelID, DefaultLoginName, DefaultPassword, DefaultPort, DefaultSearchPort, DefaultConfigURL, MaxCameraCount, MaxAudioInCount, MaxAudioOutCount, MaxSensorCount, MaxRelayCount, SupportsAbsolutePosition, SupportsMotionDetection, SupportsControlFrameRate, SupportsControlResolution, MaxPresetCount, SupportsMenu, SupportsPTZ, MaxAuxiliaryCount, SupportsLight, SupportsWiper, MaxPresetTourCount, MaxPatternTourCount, MaxSwingCount, MaxOtherTourCount, MaxStreamCount, SupportDualLiveStream, SingleLiveStreamNo, DivisionLiveStreamNo, SupportVideoAnalysis, SupportPTZSpeed, IsVariableUnitCount, SupportSearchPort, DefaultSetupPort, SupportSetupPort) VALUES (218, 220, 11, 25, N'admin', N'admin', 80, 0, N'en/l4/advance.html', 1, 0, 0, 1, 1, 0, 0, 0, 0, 255, 0, 1, 0, 0, 0, 255, 0, 0, 0, 1, 0, 0, 0, 0, 0, 0, 0, 0, 0);
INSERT INTO NetworkDeviceModels (NetworkDeviceModelID, DeviceModelID, DSIDeviceTypeID, DSIDeviceModelID, DefaultLoginName, DefaultPassword, DefaultPort, DefaultSearchPort, DefaultConfigURL, MaxCameraCount, MaxAudioInCount, MaxAudioOutCount, MaxSensorCount, MaxRelayCount, SupportsAbsolutePosition, SupportsMotionDetection, SupportsControlFrameRate, SupportsControlResolution, MaxPresetCount, SupportsMenu, SupportsPTZ, MaxAuxiliaryCount, SupportsLight, SupportsWiper, MaxPresetTourCount, MaxPatternTourCount, MaxSwingCount, MaxOtherTourCount, MaxStreamCount, SupportDualLiveStream, SingleLiveStreamNo, DivisionLiveStreamNo, SupportVideoAnalysis, SupportPTZSpeed, IsVariableUnitCount, SupportSearchPort, DefaultSetupPort, SupportSetupPort) VALUES (219, 221, 4128, 4097, N'Admin', N'', 3000, 0, N'', 1, 1, 1, 1, 1, 0, 0, 0, 0, 255, 0, 1, 0, 0, 0, 255, 0, 0, 0, 2, 1, 0, 0, 0, 1, 0, 0, 0, 0);
INSERT INTO NetworkDeviceModels (NetworkDeviceModelID, DeviceModelID, DSIDeviceTypeID, DSIDeviceModelID, DefaultLoginName, DefaultPassword, DefaultPort, DefaultSearchPort, DefaultConfigURL, MaxCameraCount, MaxAudioInCount, MaxAudioOutCount, MaxSensorCount, MaxRelayCount, SupportsAbsolutePosition, SupportsMotionDetection, SupportsControlFrameRate, SupportsControlResolution, MaxPresetCount, SupportsMenu, SupportsPTZ, MaxAuxiliaryCount, SupportsLight, SupportsWiper, MaxPresetTourCount, MaxPatternTourCount, MaxSwingCount, MaxOtherTourCount, MaxStreamCount, SupportDualLiveStream, SingleLiveStreamNo, DivisionLiveStreamNo, SupportVideoAnalysis, SupportPTZSpeed, IsVariableUnitCount, SupportSearchPort, DefaultSetupPort, SupportSetupPort) VALUES (220, 222, 4118, 4097, N'admin', N'', 5000, 0, N'', 1, 1, 1, 1, 1, 0, 0, 0, 0, 0, 0, 0, 0, 0, 0, 0, 0, 0, 0, 1, 0, 0, 0, 0, 0, 0, 0, 0, 0);
INSERT INTO NetworkDeviceModels (NetworkDeviceModelID, DeviceModelID, DSIDeviceTypeID, DSIDeviceModelID, DefaultLoginName, DefaultPassword, DefaultPort, DefaultSearchPort, DefaultConfigURL, MaxCameraCount, MaxAudioInCount, MaxAudioOutCount, MaxSensorCount, MaxRelayCount, SupportsAbsolutePosition, SupportsMotionDetection, SupportsControlFrameRate, SupportsControlResolution, MaxPresetCount, SupportsMenu, SupportsPTZ, MaxAuxiliaryCount, SupportsLight, SupportsWiper, MaxPresetTourCount, MaxPatternTourCount, MaxSwingCount, MaxOtherTourCount, MaxStreamCount, SupportDualLiveStream, SingleLiveStreamNo, DivisionLiveStreamNo, SupportVideoAnalysis, SupportPTZSpeed, IsVariableUnitCount, SupportSearchPort, DefaultSetupPort, SupportSetupPort) VALUES (221, 223, 7, 8198, N'admin', N'', 7000, 0, N'', 1, 0, 0, 0, 0, 0, 0, 0, 0, 0, 0, 0, 0, 0, 0, 0, 0, 0, 0, 2, 0, 0, 0, 0, 0, 0, 0, 0, 0);
INSERT INTO NetworkDeviceModels (NetworkDeviceModelID, DeviceModelID, DSIDeviceTypeID, DSIDeviceModelID, DefaultLoginName, DefaultPassword, DefaultPort, DefaultSearchPort, DefaultConfigURL, MaxCameraCount, MaxAudioInCount, MaxAudioOutCount, MaxSensorCount, MaxRelayCount, SupportsAbsolutePosition, SupportsMotionDetection, SupportsControlFrameRate, SupportsControlResolution, MaxPresetCount, SupportsMenu, SupportsPTZ, MaxAuxiliaryCount, SupportsLight, SupportsWiper, MaxPresetTourCount, MaxPatternTourCount, MaxSwingCount, MaxOtherTourCount, MaxStreamCount, SupportDualLiveStream, SingleLiveStreamNo, DivisionLiveStreamNo, SupportVideoAnalysis, SupportPTZSpeed, IsVariableUnitCount, SupportSearchPort, DefaultSetupPort, SupportSetupPort) VALUES (222, 224, 7, 8200, N'admin', N'', 7000, 0, N'', 1, 0, 0, 0, 0, 0, 0, 0, 0, 0, 0, 0, 0, 0, 0, 0, 0, 0, 0, 2, 0, 0, 0, 0, 0, 0, 0, 0, 0);
INSERT INTO NetworkDeviceModels (NetworkDeviceModelID, DeviceModelID, DSIDeviceTypeID, DSIDeviceModelID, DefaultLoginName, DefaultPassword, DefaultPort, DefaultSearchPort, DefaultConfigURL, MaxCameraCount, MaxAudioInCount, MaxAudioOutCount, MaxSensorCount, MaxRelayCount, SupportsAbsolutePosition, SupportsMotionDetection, SupportsControlFrameRate, SupportsControlResolution, MaxPresetCount, SupportsMenu, SupportsPTZ, MaxAuxiliaryCount, SupportsLight, SupportsWiper, MaxPresetTourCount, MaxPatternTourCount, MaxSwingCount, MaxOtherTourCount, MaxStreamCount, SupportDualLiveStream, SingleLiveStreamNo, DivisionLiveStreamNo, SupportVideoAnalysis, SupportPTZSpeed, IsVariableUnitCount, SupportSearchPort, DefaultSetupPort, SupportSetupPort) VALUES (225, 225, NULL, NULL, N'post', N'111', 8016, 10019, N'', 4, 0, 0, 1, 1, 0, 0, 0, 0, 0, 0, 0, 0, 0, 0, 0, 0, 0, 0, 1, 0, 0, 0, 0, 0, 0, 1, 0, 0);
INSERT INTO NetworkDeviceModels (NetworkDeviceModelID, DeviceModelID, DSIDeviceTypeID, DSIDeviceModelID, DefaultLoginName, DefaultPassword, DefaultPort, DefaultSearchPort, DefaultConfigURL, MaxCameraCount, MaxAudioInCount, MaxAudioOutCount, MaxSensorCount, MaxRelayCount, SupportsAbsolutePosition, SupportsMotionDetection, SupportsControlFrameRate, SupportsControlResolution, MaxPresetCount, SupportsMenu, SupportsPTZ, MaxAuxiliaryCount, SupportsLight, SupportsWiper, MaxPresetTourCount, MaxPatternTourCount, MaxSwingCount, MaxOtherTourCount, MaxStreamCount, SupportDualLiveStream, SingleLiveStreamNo, DivisionLiveStreamNo, SupportVideoAnalysis, SupportPTZSpeed, IsVariableUnitCount, SupportSearchPort, DefaultSetupPort, SupportSetupPort) VALUES (228, 226, NULL, NULL, N'post', N'111', 8016, 10019, N'', 4, 0, 0, 1, 1, 0, 0, 0, 0, 0, 0, 0, 0, 0, 0, 0, 0, 0, 0, 1, 0, 0, 0, 0, 0, 0, 1, 0, 0);
INSERT INTO NetworkDeviceModels (NetworkDeviceModelID, DeviceModelID, DSIDeviceTypeID, DSIDeviceModelID, DefaultLoginName, DefaultPassword, DefaultPort, DefaultSearchPort, DefaultConfigURL, MaxCameraCount, MaxAudioInCount, MaxAudioOutCount, MaxSensorCount, MaxRelayCount, SupportsAbsolutePosition, SupportsMotionDetection, SupportsControlFrameRate, SupportsControlResolution, MaxPresetCount, SupportsMenu, SupportsPTZ, MaxAuxiliaryCount, SupportsLight, SupportsWiper, MaxPresetTourCount, MaxPatternTourCount, MaxSwingCount, MaxOtherTourCount, MaxStreamCount, SupportDualLiveStream, SingleLiveStreamNo, DivisionLiveStreamNo, SupportVideoAnalysis, SupportPTZSpeed, IsVariableUnitCount, SupportSearchPort, DefaultSetupPort, SupportSetupPort) VALUES (229, 227, NULL, NULL, N'post', N'111', 8016, 10019, N'', 4, 0, 0, 1, 1, 0, 0, 0, 0, 0, 0, 0, 0, 0, 0, 0, 0, 0, 0, 1, 0, 0, 0, 0, 0, 0, 1, 0, 0);
INSERT INTO NetworkDeviceModels (NetworkDeviceModelID, DeviceModelID, DSIDeviceTypeID, DSIDeviceModelID, DefaultLoginName, DefaultPassword, DefaultPort, DefaultSearchPort, DefaultConfigURL, MaxCameraCount, MaxAudioInCount, MaxAudioOutCount, MaxSensorCount, MaxRelayCount, SupportsAbsolutePosition, SupportsMotionDetection, SupportsControlFrameRate, SupportsControlResolution, MaxPresetCount, SupportsMenu, SupportsPTZ, MaxAuxiliaryCount, SupportsLight, SupportsWiper, MaxPresetTourCount, MaxPatternTourCount, MaxSwingCount, MaxOtherTourCount, MaxStreamCount, SupportDualLiveStream, SingleLiveStreamNo, DivisionLiveStreamNo, SupportVideoAnalysis, SupportPTZSpeed, IsVariableUnitCount, SupportSearchPort, DefaultSetupPort, SupportSetupPort) VALUES (231, 228, NULL, NULL, N'post', N'111', 8016, 10019, N'', 8, 0, 0, 8, 1, 0, 0, 0, 0, 0, 0, 0, 0, 0, 0, 0, 0, 0, 0, 1, 0, 0, 0, 0, 0, 0, 1, 0, 0);
INSERT INTO NetworkDeviceModels (NetworkDeviceModelID, DeviceModelID, DSIDeviceTypeID, DSIDeviceModelID, DefaultLoginName, DefaultPassword, DefaultPort, DefaultSearchPort, DefaultConfigURL, MaxCameraCount, MaxAudioInCount, MaxAudioOutCount, MaxSensorCount, MaxRelayCount, SupportsAbsolutePosition, SupportsMotionDetection, SupportsControlFrameRate, SupportsControlResolution, MaxPresetCount, SupportsMenu, SupportsPTZ, MaxAuxiliaryCount, SupportsLight, SupportsWiper, MaxPresetTourCount, MaxPatternTourCount, MaxSwingCount, MaxOtherTourCount, MaxStreamCount, SupportDualLiveStream, SingleLiveStreamNo, DivisionLiveStreamNo, SupportVideoAnalysis, SupportPTZSpeed, IsVariableUnitCount, SupportSearchPort, DefaultSetupPort, SupportSetupPort) VALUES (233, 229, NULL, NULL, N'post', N'111', 8016, 10019, N'', 16, 0, 0, 16, 1, 0, 0, 0, 0, 0, 0, 0, 0, 0, 0, 0, 0, 0, 0, 1, 0, 0, 0, 0, 0, 0, 1, 0, 0);
INSERT INTO NetworkDeviceModels (NetworkDeviceModelID, DeviceModelID, DSIDeviceTypeID, DSIDeviceModelID, DefaultLoginName, DefaultPassword, DefaultPort, DefaultSearchPort, DefaultConfigURL, MaxCameraCount, MaxAudioInCount, MaxAudioOutCount, MaxSensorCount, MaxRelayCount, SupportsAbsolutePosition, SupportsMotionDetection, SupportsControlFrameRate, SupportsControlResolution, MaxPresetCount, SupportsMenu, SupportsPTZ, MaxAuxiliaryCount, SupportsLight, SupportsWiper, MaxPresetTourCount, MaxPatternTourCount, MaxSwingCount, MaxOtherTourCount, MaxStreamCount, SupportDualLiveStream, SingleLiveStreamNo, DivisionLiveStreamNo, SupportVideoAnalysis, SupportPTZSpeed, IsVariableUnitCount, SupportSearchPort, DefaultSetupPort, SupportSetupPort) VALUES (234, 230, NULL, NULL, N'Administrator', N'', 10101, 10102, N'', 4, 4, 1, 4, 4, 0, 0, 0, 0, 0, 0, 0, 0, 0, 0, 0, 0, 0, 0, 1, 0, 0, 0, 0, 0, 0, 1, 10103, 1);
INSERT INTO NetworkDeviceModels (NetworkDeviceModelID, DeviceModelID, DSIDeviceTypeID, DSIDeviceModelID, DefaultLoginName, DefaultPassword, DefaultPort, DefaultSearchPort, DefaultConfigURL, MaxCameraCount, MaxAudioInCount, MaxAudioOutCount, MaxSensorCount, MaxRelayCount, SupportsAbsolutePosition, SupportsMotionDetection, SupportsControlFrameRate, SupportsControlResolution, MaxPresetCount, SupportsMenu, SupportsPTZ, MaxAuxiliaryCount, SupportsLight, SupportsWiper, MaxPresetTourCount, MaxPatternTourCount, MaxSwingCount, MaxOtherTourCount, MaxStreamCount, SupportDualLiveStream, SingleLiveStreamNo, DivisionLiveStreamNo, SupportVideoAnalysis, SupportPTZSpeed, IsVariableUnitCount, SupportSearchPort, DefaultSetupPort, SupportSetupPort) VALUES (235, 231, NULL, NULL, N'Administrator', N'', 10101, 10102, N'', 8, 8, 1, 8, 8, 0, 0, 0, 0, 0, 0, 0, 0, 0, 0, 0, 0, 0, 0, 1, 0, 0, 0, 0, 0, 0, 1, 10103, 1);
INSERT INTO NetworkDeviceModels (NetworkDeviceModelID, DeviceModelID, DSIDeviceTypeID, DSIDeviceModelID, DefaultLoginName, DefaultPassword, DefaultPort, DefaultSearchPort, DefaultConfigURL, MaxCameraCount, MaxAudioInCount, MaxAudioOutCount, MaxSensorCount, MaxRelayCount, SupportsAbsolutePosition, SupportsMotionDetection, SupportsControlFrameRate, SupportsControlResolution, MaxPresetCount, SupportsMenu, SupportsPTZ, MaxAuxiliaryCount, SupportsLight, SupportsWiper, MaxPresetTourCount, MaxPatternTourCount, MaxSwingCount, MaxOtherTourCount, MaxStreamCount, SupportDualLiveStream, SingleLiveStreamNo, DivisionLiveStreamNo, SupportVideoAnalysis, SupportPTZSpeed, IsVariableUnitCount, SupportSearchPort, DefaultSetupPort, SupportSetupPort) VALUES (236, 232, NULL, NULL, N'Administrator', N'', 10101, 10102, N'', 16, 16, 1, 16, 16, 0, 0, 0, 0, 0, 0, 0, 0, 0, 0, 0, 0, 0, 0, 1, 0, 0, 0, 0, 0, 0, 1, 10103, 1);
INSERT INTO NetworkDeviceModels (NetworkDeviceModelID, DeviceModelID, DSIDeviceTypeID, DSIDeviceModelID, DefaultLoginName, DefaultPassword, DefaultPort, DefaultSearchPort, DefaultConfigURL, MaxCameraCount, MaxAudioInCount, MaxAudioOutCount, MaxSensorCount, MaxRelayCount, SupportsAbsolutePosition, SupportsMotionDetection, SupportsControlFrameRate, SupportsControlResolution, MaxPresetCount, SupportsMenu, SupportsPTZ, MaxAuxiliaryCount, SupportsLight, SupportsWiper, MaxPresetTourCount, MaxPatternTourCount, MaxSwingCount, MaxOtherTourCount, MaxStreamCount, SupportDualLiveStream, SingleLiveStreamNo, DivisionLiveStreamNo, SupportVideoAnalysis, SupportPTZSpeed, IsVariableUnitCount, SupportSearchPort, DefaultSetupPort, SupportSetupPort) VALUES (237, 233, NULL, NULL, N'admin', N'0000', 7622, 7621, N'', 4, 4, 1, 4, 4, 0, 0, 0, 0, 0, 0, 0, 0, 0, 0, 0, 0, 0, 0, 1, 0, 0, 0, 0, 0, 0, 1, 0, 0);
INSERT INTO NetworkDeviceModels (NetworkDeviceModelID, DeviceModelID, DSIDeviceTypeID, DSIDeviceModelID, DefaultLoginName, DefaultPassword, DefaultPort, DefaultSearchPort, DefaultConfigURL, MaxCameraCount, MaxAudioInCount, MaxAudioOutCount, MaxSensorCount, MaxRelayCount, SupportsAbsolutePosition, SupportsMotionDetection, SupportsControlFrameRate, SupportsControlResolution, MaxPresetCount, SupportsMenu, SupportsPTZ, MaxAuxiliaryCount, SupportsLight, SupportsWiper, MaxPresetTourCount, MaxPatternTourCount, MaxSwingCount, MaxOtherTourCount, MaxStreamCount, SupportDualLiveStream, SingleLiveStreamNo, DivisionLiveStreamNo, SupportVideoAnalysis, SupportPTZSpeed, IsVariableUnitCount, SupportSearchPort, DefaultSetupPort, SupportSetupPort) VALUES (238, 234, NULL, NULL, N'admin', N'0000', 7622, 7621, N'', 8, 8, 1, 8, 4, 0, 0, 0, 0, 0, 0, 0, 0, 0, 0, 0, 0, 0, 0, 1, 0, 0, 0, 0, 0, 0, 1, 0, 0);
INSERT INTO NetworkDeviceModels (NetworkDeviceModelID, DeviceModelID, DSIDeviceTypeID, DSIDeviceModelID, DefaultLoginName, DefaultPassword, DefaultPort, DefaultSearchPort, DefaultConfigURL, MaxCameraCount, MaxAudioInCount, MaxAudioOutCount, MaxSensorCount, MaxRelayCount, SupportsAbsolutePosition, SupportsMotionDetection, SupportsControlFrameRate, SupportsControlResolution, MaxPresetCount, SupportsMenu, SupportsPTZ, MaxAuxiliaryCount, SupportsLight, SupportsWiper, MaxPresetTourCount, MaxPatternTourCount, MaxSwingCount, MaxOtherTourCount, MaxStreamCount, SupportDualLiveStream, SingleLiveStreamNo, DivisionLiveStreamNo, SupportVideoAnalysis, SupportPTZSpeed, IsVariableUnitCount, SupportSearchPort, DefaultSetupPort, SupportSetupPort) VALUES (239, 235, NULL, NULL, N'admin', N'0000', 7622, 7621, N'', 16, 8, 1, 8, 4, 0, 0, 0, 0, 0, 0, 0, 0, 0, 0, 0, 0, 0, 0, 1, 0, 0, 0, 0, 0, 0, 1, 0, 0);
INSERT INTO NetworkDeviceModels (NetworkDeviceModelID, DeviceModelID, DSIDeviceTypeID, DSIDeviceModelID, DefaultLoginName, DefaultPassword, DefaultPort, DefaultSearchPort, DefaultConfigURL, MaxCameraCount, MaxAudioInCount, MaxAudioOutCount, MaxSensorCount, MaxRelayCount, SupportsAbsolutePosition, SupportsMotionDetection, SupportsControlFrameRate, SupportsControlResolution, MaxPresetCount, SupportsMenu, SupportsPTZ, MaxAuxiliaryCount, SupportsLight, SupportsWiper, MaxPresetTourCount, MaxPatternTourCount, MaxSwingCount, MaxOtherTourCount, MaxStreamCount, SupportDualLiveStream, SingleLiveStreamNo, DivisionLiveStreamNo, SupportVideoAnalysis, SupportPTZSpeed, IsVariableUnitCount, SupportSearchPort, DefaultSetupPort, SupportSetupPort, SupportHardwareAreaZoom) VALUES (240, 236, 65535, 1,  N'root', N'root', 80, 0, N'', 1, 1, 1, 4, 1, 0, 0, 0, 0, 255, 0, 1, 0, 0, 0, 255, 0, 0, 0, 2, 0, 0, 0, 0, 1, 0, 0, 0, 0, 1);
INSERT INTO NetworkDeviceModels (NetworkDeviceModelID, DeviceModelID, DSIDeviceTypeID, DSIDeviceModelID, DefaultLoginName, DefaultPassword, DefaultPort, DefaultSearchPort, DefaultConfigURL, MaxCameraCount, MaxAudioInCount, MaxAudioOutCount, MaxSensorCount, MaxRelayCount, SupportsAbsolutePosition, SupportsMotionDetection, SupportsControlFrameRate, SupportsControlResolution, MaxPresetCount, SupportsMenu, SupportsPTZ, MaxAuxiliaryCount, SupportsLight, SupportsWiper, MaxPresetTourCount, MaxPatternTourCount, MaxSwingCount, MaxOtherTourCount, MaxStreamCount, SupportDualLiveStream, SingleLiveStreamNo, DivisionLiveStreamNo, SupportVideoAnalysis, SupportPTZSpeed, IsVariableUnitCount, SupportSearchPort, DefaultSetupPort, SupportSetupPort, SupportHardwareAreaZoom) VALUES (241, 237, 65535, 2,  N'root', N'root', 80, 0, N'', 1, 1, 1, 1, 1, 0, 0, 0, 0, 255, 0, 1, 0, 0, 0, 255, 0, 0, 0, 2, 0, 0, 0, 0, 1, 0, 0, 0, 0, 1);
INSERT INTO NetworkDeviceModels (NetworkDeviceModelID, DeviceModelID, DSIDeviceTypeID, DSIDeviceModelID, DefaultLoginName, DefaultPassword, DefaultPort, DefaultSearchPort, DefaultConfigURL, MaxCameraCount, MaxAudioInCount, MaxAudioOutCount, MaxSensorCount, MaxRelayCount, SupportsAbsolutePosition, SupportsMotionDetection, SupportsControlFrameRate, SupportsControlResolution, MaxPresetCount, SupportsMenu, SupportsPTZ, MaxAuxiliaryCount, SupportsLight, SupportsWiper, MaxPresetTourCount, MaxPatternTourCount, MaxSwingCount, MaxOtherTourCount, MaxStreamCount, SupportDualLiveStream, SingleLiveStreamNo, DivisionLiveStreamNo, SupportVideoAnalysis, SupportPTZSpeed, IsVariableUnitCount, SupportSearchPort, DefaultSetupPort, SupportSetupPort, SupportHardwareAreaZoom) VALUES (242, 238, 65535, 3,  N'admin', N'', 80, 0, N'', 1, 1, 1, 1, 1, 0, 0, 0, 0, 255, 0, 1, 0, 0, 0, 255, 0, 0, 0, 2, 0, 0, 0, 0, 1, 0, 0, 0, 0, 0);
INSERT INTO NetworkDeviceModels (NetworkDeviceModelID, DeviceModelID, DSIDeviceTypeID, DSIDeviceModelID, DefaultLoginName, DefaultPassword, DefaultPort, DefaultSearchPort, DefaultConfigURL, MaxCameraCount, MaxAudioInCount, MaxAudioOutCount, MaxSensorCount, MaxRelayCount, SupportsAbsolutePosition, SupportsMotionDetection, SupportsControlFrameRate, SupportsControlResolution, MaxPresetCount, SupportsMenu, SupportsPTZ, MaxAuxiliaryCount, SupportsLight, SupportsWiper, MaxPresetTourCount, MaxPatternTourCount, MaxSwingCount, MaxOtherTourCount, MaxStreamCount, SupportDualLiveStream, SingleLiveStreamNo, DivisionLiveStreamNo, SupportVideoAnalysis, SupportPTZSpeed, IsVariableUnitCount, SupportSearchPort, DefaultSetupPort, SupportSetupPort, SupportHardwareAreaZoom) VALUES (243, 239, 65535, 4,  N'admin', N'', 80, 0, N'', 1, 1, 1, 1, 1, 0, 0, 0, 0, 255, 0, 1, 0, 0, 0, 255, 0, 0, 0, 2, 0, 0, 0, 0, 1, 0, 0, 0, 0, 0);
INSERT INTO NetworkDeviceModels (NetworkDeviceModelID, DeviceModelID, DSIDeviceTypeID, DSIDeviceModelID, DefaultLoginName, DefaultPassword, DefaultPort, DefaultSearchPort, DefaultConfigURL, MaxCameraCount, MaxAudioInCount, MaxAudioOutCount, MaxSensorCount, MaxRelayCount, SupportsAbsolutePosition, SupportsMotionDetection, SupportsControlFrameRate, SupportsControlResolution, MaxPresetCount, SupportsMenu, SupportsPTZ, MaxAuxiliaryCount, SupportsLight, SupportsWiper, MaxPresetTourCount, MaxPatternTourCount, MaxSwingCount, MaxOtherTourCount, MaxStreamCount, SupportDualLiveStream, SingleLiveStreamNo, DivisionLiveStreamNo, SupportVideoAnalysis, SupportPTZSpeed, IsVariableUnitCount, SupportSearchPort, DefaultSetupPort, SupportSetupPort, SupportHardwareAreaZoom) VALUES (244, 240, 65535, 5,  N'admin', N'', 80, 0, N'', 1, 1, 1, 1, 1, 0, 0, 0, 0, 255, 0, 1, 0, 0, 0, 255, 0, 0, 0, 2, 0, 0, 0, 0, 1, 0, 0, 0, 0, 0);
INSERT INTO NetworkDeviceModels (NetworkDeviceModelID, DeviceModelID, DSIDeviceTypeID, DSIDeviceModelID, DefaultLoginName, DefaultPassword, DefaultPort, DefaultSearchPort, DefaultConfigURL, MaxCameraCount, MaxAudioInCount, MaxAudioOutCount, MaxSensorCount, MaxRelayCount, SupportsAbsolutePosition, SupportsMotionDetection, SupportsControlFrameRate, SupportsControlResolution, MaxPresetCount, SupportsMenu, SupportsPTZ, MaxAuxiliaryCount, SupportsLight, SupportsWiper, MaxPresetTourCount, MaxPatternTourCount, MaxSwingCount, MaxOtherTourCount, MaxStreamCount, SupportDualLiveStream, SingleLiveStreamNo, DivisionLiveStreamNo, SupportVideoAnalysis, SupportPTZSpeed, IsVariableUnitCount, SupportSearchPort, DefaultSetupPort, SupportSetupPort, SupportHardwareAreaZoom) VALUES (245, 241, 65535, 6,  N'admin', N'', 80, 0, N'', 1, 1, 1, 1, 1, 0, 0, 0, 0, 255, 0, 1, 0, 0, 0, 255, 0, 0, 0, 2, 0, 0, 0, 0, 1, 0, 0, 0, 0, 0);
INSERT INTO NetworkDeviceModels (NetworkDeviceModelID, DeviceModelID, DSIDeviceTypeID, DSIDeviceModelID, DefaultLoginName, DefaultPassword, DefaultPort, DefaultSearchPort, DefaultConfigURL, MaxCameraCount, MaxAudioInCount, MaxAudioOutCount, MaxSensorCount, MaxRelayCount, SupportsAbsolutePosition, SupportsMotionDetection, SupportsControlFrameRate, SupportsControlResolution, MaxPresetCount, SupportsMenu, SupportsPTZ, MaxAuxiliaryCount, SupportsLight, SupportsWiper, MaxPresetTourCount, MaxPatternTourCount, MaxSwingCount, MaxOtherTourCount, MaxStreamCount, SupportDualLiveStream, SingleLiveStreamNo, DivisionLiveStreamNo, SupportVideoAnalysis, SupportPTZSpeed, IsVariableUnitCount, SupportSearchPort, DefaultSetupPort, SupportSetupPort, SupportHardwareAreaZoom) VALUES (246, 242, 65535, 7,  N'admin', N'', 80, 0, N'', 1, 1, 1, 1, 1, 0, 0, 0, 0, 255, 0, 1, 0, 0, 0, 255, 0, 0, 0, 2, 0, 0, 0, 0, 1, 0, 0, 0, 0, 0);
INSERT INTO NetworkDeviceModels (NetworkDeviceModelID, DeviceModelID, DSIDeviceTypeID, DSIDeviceModelID, DefaultLoginName, DefaultPassword, DefaultPort, DefaultSearchPort, DefaultConfigURL, MaxCameraCount, MaxAudioInCount, MaxAudioOutCount, MaxSensorCount, MaxRelayCount, SupportsAbsolutePosition, SupportsMotionDetection, SupportsControlFrameRate, SupportsControlResolution, MaxPresetCount, SupportsMenu, SupportsPTZ, MaxAuxiliaryCount, SupportsLight, SupportsWiper, MaxPresetTourCount, MaxPatternTourCount, MaxSwingCount, MaxOtherTourCount, MaxStreamCount, SupportDualLiveStream, SingleLiveStreamNo, DivisionLiveStreamNo, SupportVideoAnalysis, SupportPTZSpeed, IsVariableUnitCount, SupportSearchPort, DefaultSetupPort, SupportSetupPort, SupportHardwareAreaZoom) VALUES (247, 243, 65535, 8,  N'admin', N'', 80, 0, N'', 1, 1, 1, 1, 1, 0, 0, 0, 0, 255, 0, 1, 0, 0, 0, 255, 0, 0, 0, 2, 0, 0, 0, 0, 1, 0, 0, 0, 0, 0);
INSERT INTO NetworkDeviceModels (NetworkDeviceModelID, DeviceModelID, DSIDeviceTypeID, DSIDeviceModelID, DefaultLoginName, DefaultPassword, DefaultPort, DefaultSearchPort, DefaultConfigURL, MaxCameraCount, MaxAudioInCount, MaxAudioOutCount, MaxSensorCount, MaxRelayCount, SupportsAbsolutePosition, SupportsMotionDetection, SupportsControlFrameRate, SupportsControlResolution, MaxPresetCount, SupportsMenu, SupportsPTZ, MaxAuxiliaryCount, SupportsLight, SupportsWiper, MaxPresetTourCount, MaxPatternTourCount, MaxSwingCount, MaxOtherTourCount, MaxStreamCount, SupportDualLiveStream, SingleLiveStreamNo, DivisionLiveStreamNo, SupportVideoAnalysis, SupportPTZSpeed, IsVariableUnitCount, SupportSearchPort, DefaultSetupPort, SupportSetupPort, SupportHardwareAreaZoom) VALUES (248, 244, 65535, 9,  N'admin', N'', 80, 0, N'', 1, 1, 1, 1, 1, 0, 0, 0, 0, 255, 0, 1, 0, 0, 0, 255, 0, 0, 0, 2, 0, 0, 0, 0, 1, 0, 0, 0, 0, 0);
INSERT INTO NetworkDeviceModels (NetworkDeviceModelID, DeviceModelID, DSIDeviceTypeID, DSIDeviceModelID, DefaultLoginName, DefaultPassword, DefaultPort, DefaultSearchPort, DefaultConfigURL, MaxCameraCount, MaxAudioInCount, MaxAudioOutCount, MaxSensorCount, MaxRelayCount, SupportsAbsolutePosition, SupportsMotionDetection, SupportsControlFrameRate, SupportsControlResolution, MaxPresetCount, SupportsMenu, SupportsPTZ, MaxAuxiliaryCount, SupportsLight, SupportsWiper, MaxPresetTourCount, MaxPatternTourCount, MaxSwingCount, MaxOtherTourCount, MaxStreamCount, SupportDualLiveStream, SingleLiveStreamNo, DivisionLiveStreamNo, SupportVideoAnalysis, SupportPTZSpeed, IsVariableUnitCount, SupportSearchPort, DefaultSetupPort, SupportSetupPort, SupportHealthCheck, HealthCheckPort) VALUES (249, 245, 4131, 4097, N'Administrator', N'', 10101, 0, N'', 16, 8, 1, 1, 1, 0, 0, 0, 0, 0, 0, 0, 0, 0, 0, 0, 0, 0, 0, 1, 0, 0, 0, 0, 0, 0, 0, 0, 0, 1, 10101);
INSERT INTO NetworkDeviceModels (NetworkDeviceModelID, DeviceModelID, DSIDeviceTypeID, DSIDeviceModelID, DefaultLoginName, DefaultPassword, DefaultPort, DefaultSearchPort, DefaultConfigURL, MaxCameraCount, MaxAudioInCount, MaxAudioOutCount, MaxSensorCount, MaxRelayCount, SupportsAbsolutePosition, SupportsMotionDetection, SupportsControlFrameRate, SupportsControlResolution, MaxPresetCount, SupportsMenu, SupportsPTZ, MaxAuxiliaryCount, SupportsLight, SupportsWiper, MaxPresetTourCount, MaxPatternTourCount, MaxSwingCount, MaxOtherTourCount, MaxStreamCount, SupportDualLiveStream, SingleLiveStreamNo, DivisionLiveStreamNo, SupportVideoAnalysis, SupportPTZSpeed, IsVariableUnitCount, SupportSearchPort, DefaultSetupPort, SupportSetupPort, SupportHardwareAreaZoom) VALUES (250, 246, 65535, 10, N'admin', N'', 80, 0, N'', 1, 1, 1, 1, 1, 0, 0, 0, 0, 255, 0, 1, 0, 0, 0, 255, 0, 0, 0, 2, 0, 0, 0, 0, 1, 0, 0, 0, 0, 0);
INSERT INTO NetworkDeviceModels (NetworkDeviceModelID, DeviceModelID, DSIDeviceTypeID, DSIDeviceModelID, DefaultLoginName, DefaultPassword, DefaultPort, DefaultSearchPort, DefaultConfigURL, MaxCameraCount, MaxAudioInCount, MaxAudioOutCount, MaxSensorCount, MaxRelayCount, SupportsAbsolutePosition, SupportsMotionDetection, SupportsControlFrameRate, SupportsControlResolution, MaxPresetCount, SupportsMenu, SupportsPTZ, MaxAuxiliaryCount, SupportsLight, SupportsWiper, MaxPresetTourCount, MaxPatternTourCount, MaxSwingCount, MaxOtherTourCount, MaxStreamCount, SupportDualLiveStream, SingleLiveStreamNo, DivisionLiveStreamNo, SupportVideoAnalysis, SupportPTZSpeed, IsVariableUnitCount, SupportSearchPort, DefaultSetupPort, SupportSetupPort) VALUES (251, 247, 4160, 4097, N'', N'', 8000, 0, N'', 2, 0, 0, 0, 0, 0, 0, 0, 0, 0, 0, 0, 0, 0, 0, 0, 0, 0, 0, 1, 0, 0, 0, 0, 0, 0, 0, 0, 0);
INSERT INTO NetworkDeviceModels (NetworkDeviceModelID, DeviceModelID, DSIDeviceTypeID, DSIDeviceModelID, DefaultLoginName, DefaultPassword, DefaultPort, DefaultSearchPort, DefaultConfigURL, MaxCameraCount, MaxAudioInCount, MaxAudioOutCount, MaxSensorCount, MaxRelayCount, SupportsAbsolutePosition, SupportsMotionDetection, SupportsControlFrameRate, SupportsControlResolution, MaxPresetCount, SupportsMenu, SupportsPTZ, MaxAuxiliaryCount, SupportsLight, SupportsWiper, MaxPresetTourCount, MaxPatternTourCount, MaxSwingCount, MaxOtherTourCount, MaxStreamCount, SupportDualLiveStream, SingleLiveStreamNo, DivisionLiveStreamNo, SupportVideoAnalysis, SupportPTZSpeed, IsVariableUnitCount, SupportSearchPort, DefaultSetupPort, SupportSetupPort, SupportHardwareAreaZoom) VALUES (252, 248, 65535, 11, N'admin', N'', 80, 0, N'', 1, 1, 1, 1, 1, 0, 0, 0, 0, 255, 0, 1, 0, 0, 0, 255, 0, 0, 0, 2, 0, 0, 0, 0, 1, 0, 0, 0, 0, 0);
INSERT INTO NetworkDeviceModels (NetworkDeviceModelID, DeviceModelID, DSIDeviceTypeID, DSIDeviceModelID, DefaultLoginName, DefaultPassword, DefaultPort, DefaultSearchPort, DefaultConfigURL, MaxCameraCount, MaxAudioInCount, MaxAudioOutCount, MaxSensorCount, MaxRelayCount, SupportsAbsolutePosition, SupportsMotionDetection, SupportsControlFrameRate, SupportsControlResolution, MaxPresetCount, SupportsMenu, SupportsPTZ, MaxAuxiliaryCount, SupportsLight, SupportsWiper, MaxPresetTourCount, MaxPatternTourCount, MaxSwingCount, MaxOtherTourCount, MaxStreamCount, SupportDualLiveStream, SingleLiveStreamNo, DivisionLiveStreamNo, SupportVideoAnalysis, SupportPTZSpeed, IsVariableUnitCount, SupportSearchPort, DefaultSetupPort, SupportSetupPort, SupportHardwareAreaZoom) VALUES (253, 249, 65535, 12, N'admin', N'', 80, 0, N'', 1, 1, 1, 4, 1, 0, 0, 0, 0, 255, 0, 1, 0, 0, 0, 255, 0, 0, 0, 2, 0, 0, 0, 0, 1, 0, 0, 0, 0, 0);
INSERT INTO NetworkDeviceModels (NetworkDeviceModelID, DeviceModelID, DSIDeviceTypeID, DSIDeviceModelID, DefaultLoginName, DefaultPassword, DefaultPort, DefaultSearchPort, DefaultConfigURL, MaxCameraCount, MaxAudioInCount, MaxAudioOutCount, MaxSensorCount, MaxRelayCount, SupportsAbsolutePosition, SupportsMotionDetection, SupportsControlFrameRate, SupportsControlResolution, MaxPresetCount, SupportsMenu, SupportsPTZ, MaxAuxiliaryCount, SupportsLight, SupportsWiper, MaxPresetTourCount, MaxPatternTourCount, MaxSwingCount, MaxOtherTourCount, MaxStreamCount, SupportDualLiveStream, SingleLiveStreamNo, DivisionLiveStreamNo, SupportVideoAnalysis, SupportPTZSpeed, IsVariableUnitCount, SupportSearchPort, DefaultSetupPort, SupportSetupPort, SupportHardwareAreaZoom) VALUES (254, 250, 65535, 13, N'admin', N'', 80, 0, N'', 1, 1, 1, 4, 1, 0, 0, 0, 0, 255, 0, 1, 0, 0, 0, 255, 0, 0, 0, 2, 0, 0, 0, 0, 1, 0, 0, 0, 0, 0);
INSERT INTO NetworkDeviceModels (NetworkDeviceModelID, DeviceModelID, DSIDeviceTypeID, DSIDeviceModelID, DefaultLoginName, DefaultPassword, DefaultPort, DefaultSearchPort, DefaultConfigURL, MaxCameraCount, MaxAudioInCount, MaxAudioOutCount, MaxSensorCount, MaxRelayCount, SupportsAbsolutePosition, SupportsMotionDetection, SupportsControlFrameRate, SupportsControlResolution, MaxPresetCount, SupportsMenu, SupportsPTZ, MaxAuxiliaryCount, SupportsLight, SupportsWiper, MaxPresetTourCount, MaxPatternTourCount, MaxSwingCount, MaxOtherTourCount, MaxStreamCount, SupportDualLiveStream, SingleLiveStreamNo, DivisionLiveStreamNo, SupportVideoAnalysis, SupportPTZSpeed, IsVariableUnitCount, SupportSearchPort, DefaultSetupPort, SupportSetupPort, SupportHardwareAreaZoom) VALUES (255, 251, 65535, 14, N'admin', N'', 80, 0, N'', 1, 1, 1, 4, 1, 0, 0, 0, 0, 255, 0, 1, 0, 0, 0, 255, 0, 0, 0, 2, 0, 0, 0, 0, 1, 0, 0, 0, 0, 0);
INSERT INTO NetworkDeviceModels (NetworkDeviceModelID, DeviceModelID, DSIDeviceTypeID, DSIDeviceModelID, DefaultLoginName, DefaultPassword, DefaultPort, DefaultSearchPort, DefaultConfigURL, MaxCameraCount, MaxAudioInCount, MaxAudioOutCount, MaxSensorCount, MaxRelayCount, SupportsAbsolutePosition, SupportsMotionDetection, SupportsControlFrameRate, SupportsControlResolution, MaxPresetCount, SupportsMenu, SupportsPTZ, MaxAuxiliaryCount, SupportsLight, SupportsWiper, MaxPresetTourCount, MaxPatternTourCount, MaxSwingCount, MaxOtherTourCount, MaxStreamCount, SupportDualLiveStream, SingleLiveStreamNo, DivisionLiveStreamNo, SupportVideoAnalysis, SupportPTZSpeed, IsVariableUnitCount, SupportSearchPort, DefaultSetupPort, SupportSetupPort, SupportHardwareAreaZoom) VALUES (256, 252, 65535, 15, N'admin', N'', 80, 0, N'', 1, 1, 1, 4, 1, 0, 0, 0, 0, 255, 0, 1, 0, 0, 0, 255, 0, 0, 0, 2, 0, 0, 0, 0, 1, 0, 0, 0, 0, 0);
INSERT INTO NetworkDeviceModels (NetworkDeviceModelID, DeviceModelID, DSIDeviceTypeID, DSIDeviceModelID, DefaultLoginName, DefaultPassword, DefaultPort, DefaultSearchPort, DefaultConfigURL, MaxCameraCount, MaxAudioInCount, MaxAudioOutCount, MaxSensorCount, MaxRelayCount, SupportsAbsolutePosition, SupportsMotionDetection, SupportsControlFrameRate, SupportsControlResolution, MaxPresetCount, SupportsMenu, SupportsPTZ, MaxAuxiliaryCount, SupportsLight, SupportsWiper, MaxPresetTourCount, MaxPatternTourCount, MaxSwingCount, MaxOtherTourCount, MaxStreamCount, SupportDualLiveStream, SingleLiveStreamNo, DivisionLiveStreamNo, SupportVideoAnalysis, SupportPTZSpeed, IsVariableUnitCount, SupportSearchPort, DefaultSetupPort, SupportSetupPort, SupportHardwareAreaZoom) VALUES (257, 253, 65535, 16, N'root',  N'', 80, 0, N'', 1, 1, 1, 4, 2, 0, 0, 0, 0, 255, 0, 1, 0, 0, 0, 255, 0, 0, 0, 2, 0, 0, 0, 0, 1, 0, 0, 0, 0, 0);
INSERT INTO NetworkDeviceModels (NetworkDeviceModelID, DeviceModelID, DSIDeviceTypeID, DSIDeviceModelID, DefaultLoginName, DefaultPassword, DefaultPort, DefaultSearchPort, DefaultConfigURL, MaxCameraCount, MaxAudioInCount, MaxAudioOutCount, MaxSensorCount, MaxRelayCount, SupportsAbsolutePosition, SupportsMotionDetection, SupportsControlFrameRate, SupportsControlResolution, MaxPresetCount, SupportsMenu, SupportsPTZ, MaxAuxiliaryCount, SupportsLight, SupportsWiper, MaxPresetTourCount, MaxPatternTourCount, MaxSwingCount, MaxOtherTourCount, MaxStreamCount, SupportDualLiveStream, SingleLiveStreamNo, DivisionLiveStreamNo, SupportVideoAnalysis, SupportPTZSpeed, IsVariableUnitCount, SupportSearchPort, DefaultSetupPort, SupportSetupPort, SupportHardwareAreaZoom) VALUES (258, 254, 65535, 17, N'admin', N'', 80, 0, N'', 1, 0, 0, 0, 0, 0, 0, 0, 0, 255, 0, 1, 0, 0, 0, 255, 0, 0, 0, 2, 0, 0, 0, 0, 1, 0, 0, 0, 0, 0);
INSERT INTO NetworkDeviceModels (NetworkDeviceModelID, DeviceModelID, DSIDeviceTypeID, DSIDeviceModelID, DefaultLoginName, DefaultPassword, DefaultPort, DefaultSearchPort, DefaultConfigURL, MaxCameraCount, MaxAudioInCount, MaxAudioOutCount, MaxSensorCount, MaxRelayCount, SupportsAbsolutePosition, SupportsMotionDetection, SupportsControlFrameRate, SupportsControlResolution, MaxPresetCount, SupportsMenu, SupportsPTZ, MaxAuxiliaryCount, SupportsLight, SupportsWiper, MaxPresetTourCount, MaxPatternTourCount, MaxSwingCount, MaxOtherTourCount, MaxStreamCount, SupportDualLiveStream, SingleLiveStreamNo, DivisionLiveStreamNo, SupportVideoAnalysis, SupportPTZSpeed, IsVariableUnitCount, SupportSearchPort, DefaultSetupPort, SupportSetupPort, SupportHardwareAreaZoom) VALUES (259, 255, 65535, 18, N'admin', N'', 80, 0, N'', 1, 1, 1, 2, 2, 0, 0, 0, 0, 255, 0, 1, 0, 0, 0, 255, 0, 0, 0, 2, 0, 0, 0, 0, 1, 0, 0, 0, 0, 0);
INSERT INTO NetworkDeviceModels (NetworkDeviceModelID, DeviceModelID, DSIDeviceTypeID, DSIDeviceModelID, DefaultLoginName, DefaultPassword, DefaultPort, DefaultSearchPort, DefaultConfigURL, MaxCameraCount, MaxAudioInCount, MaxAudioOutCount, MaxSensorCount, MaxRelayCount, SupportsAbsolutePosition, SupportsMotionDetection, SupportsControlFrameRate, SupportsControlResolution, MaxPresetCount, SupportsMenu, SupportsPTZ, MaxAuxiliaryCount, SupportsLight, SupportsWiper, MaxPresetTourCount, MaxPatternTourCount, MaxSwingCount, MaxOtherTourCount, MaxStreamCount, SupportDualLiveStream, SingleLiveStreamNo, DivisionLiveStreamNo, SupportVideoAnalysis, SupportPTZSpeed, IsVariableUnitCount, SupportSearchPort, DefaultSetupPort, SupportSetupPort) VALUES (260, 256, 4132, 4097, N'admin', N'', 80, 0, N'/html/operator/Setup.html', 1, 1, 1, 1, 1, 0, 1, 0, 0, 255, 0, 1, 0, 0, 0, 100, 0, 0, 0, 1, 0, 0, 0, 0, 1, 0, 0, 0, 0);
INSERT INTO NetworkDeviceModels (NetworkDeviceModelID, DeviceModelID, DSIDeviceTypeID, DSIDeviceModelID, DefaultLoginName, DefaultPassword, DefaultPort, DefaultSearchPort, DefaultConfigURL, MaxCameraCount, MaxAudioInCount, MaxAudioOutCount, MaxSensorCount, MaxRelayCount, SupportsAbsolutePosition, SupportsMotionDetection, SupportsControlFrameRate, SupportsControlResolution, MaxPresetCount, SupportsMenu, SupportsPTZ, MaxAuxiliaryCount, SupportsLight, SupportsWiper, MaxPresetTourCount, MaxPatternTourCount, MaxSwingCount, MaxOtherTourCount, MaxStreamCount, SupportDualLiveStream, SingleLiveStreamNo, DivisionLiveStreamNo, SupportVideoAnalysis, SupportPTZSpeed, IsVariableUnitCount, SupportSearchPort, DefaultSetupPort, SupportSetupPort) VALUES (261, 257, 4132, 4098, N'admin', N'', 80, 0, N'/html/operator/Setup.html', 1, 1, 1, 1, 1, 0, 1, 0, 0, 0, 0, 0, 0, 0, 0, 0, 0, 0, 0, 1, 0, 0, 0, 0, 1, 0, 0, 0, 0);
INSERT INTO NetworkDeviceModels (NetworkDeviceModelID, DeviceModelID, DSIDeviceTypeID, DSIDeviceModelID, DefaultLoginName, DefaultPassword, DefaultPort, DefaultSearchPort, DefaultConfigURL, MaxCameraCount, MaxAudioInCount, MaxAudioOutCount, MaxSensorCount, MaxRelayCount, SupportsAbsolutePosition, SupportsMotionDetection, SupportsControlFrameRate, SupportsControlResolution, MaxPresetCount, SupportsMenu, SupportsPTZ, MaxAuxiliaryCount, SupportsLight, SupportsWiper, MaxPresetTourCount, MaxPatternTourCount, MaxSwingCount, MaxOtherTourCount, MaxStreamCount, SupportDualLiveStream, SingleLiveStreamNo, DivisionLiveStreamNo, SupportVideoAnalysis, SupportPTZSpeed, IsVariableUnitCount, SupportSearchPort, DefaultSetupPort, SupportSetupPort) VALUES (262, 258, 4132, 4099, N'admin', N'', 80, 0, N'/html/operator/Setup.html', 1, 1, 1, 1, 1, 0, 1, 0, 0, 0, 0, 0, 0, 0, 0, 0, 0, 0, 0, 1, 0, 0, 0, 0, 1, 0, 0, 0, 0);
INSERT INTO NetworkDeviceModels (NetworkDeviceModelID, DeviceModelID, DSIDeviceTypeID, DSIDeviceModelID, DefaultLoginName, DefaultPassword, DefaultPort, DefaultSearchPort, DefaultConfigURL, MaxCameraCount, MaxAudioInCount, MaxAudioOutCount, MaxSensorCount, MaxRelayCount, SupportsAbsolutePosition, SupportsMotionDetection, SupportsControlFrameRate, SupportsControlResolution, MaxPresetCount, SupportsMenu, SupportsPTZ, MaxAuxiliaryCount, SupportsLight, SupportsWiper, MaxPresetTourCount, MaxPatternTourCount, MaxSwingCount, MaxOtherTourCount, MaxStreamCount, SupportDualLiveStream, SingleLiveStreamNo, DivisionLiveStreamNo, SupportVideoAnalysis, SupportPTZSpeed, IsVariableUnitCount, SupportSearchPort, DefaultSetupPort, SupportSetupPort) VALUES (263, 259, 4112 ,4097, N'admin', N'', 4000, 0, N'', 1, 0, 0, 2, 1, 0, 0, 0, 0, 0, 0, 0, 0, 0, 0, 0, 0, 0, 0, 1, 0, 0, 0, 0, 0, 0, 0, 0, 0);
INSERT INTO NetworkDeviceModels (NetworkDeviceModelID, DeviceModelID, DSIDeviceTypeID, DSIDeviceModelID, DefaultLoginName, DefaultPassword, DefaultPort, DefaultSearchPort, DefaultConfigURL, MaxCameraCount, MaxAudioInCount, MaxAudioOutCount, MaxSensorCount, MaxRelayCount, SupportsAbsolutePosition, SupportsMotionDetection, SupportsControlFrameRate, SupportsControlResolution, MaxPresetCount, SupportsMenu, SupportsPTZ, MaxAuxiliaryCount, SupportsLight, SupportsWiper, MaxPresetTourCount, MaxPatternTourCount, MaxSwingCount, MaxOtherTourCount, MaxStreamCount, SupportDualLiveStream, SingleLiveStreamNo, DivisionLiveStreamNo, SupportVideoAnalysis, SupportPTZSpeed, IsVariableUnitCount, SupportSearchPort, DefaultSetupPort, SupportSetupPort) VALUES (264, 260, 4112 ,4098, N'admin', N'', 4000, 0, N'', 1, 0, 0, 1, 1, 0, 0, 0, 0, 0, 0, 0, 0, 0, 0, 0, 0, 0, 0, 1, 0, 0, 0, 0, 0, 0, 0, 0, 0);
INSERT INTO NetworkDeviceModels (NetworkDeviceModelID, DeviceModelID, DSIDeviceTypeID, DSIDeviceModelID, DefaultLoginName, DefaultPassword, DefaultPort, DefaultSearchPort, DefaultConfigURL, MaxCameraCount, MaxAudioInCount, MaxAudioOutCount, MaxSensorCount, MaxRelayCount, SupportsAbsolutePosition, SupportsMotionDetection, SupportsControlFrameRate, SupportsControlResolution, MaxPresetCount, SupportsMenu, SupportsPTZ, MaxAuxiliaryCount, SupportsLight, SupportsWiper, MaxPresetTourCount, MaxPatternTourCount, MaxSwingCount, MaxOtherTourCount, MaxStreamCount, SupportDualLiveStream, SingleLiveStreamNo, DivisionLiveStreamNo, SupportVideoAnalysis, SupportPTZSpeed, IsVariableUnitCount, SupportSearchPort, DefaultSetupPort, SupportSetupPort) VALUES (265, 261, 4112 ,4099, N'admin', N'', 80, 0, N'', 1, 0, 0, 0, 0, 0, 0, 0, 0, 0, 0, 0, 0, 0, 0, 0, 0, 0, 0, 1, 0, 0, 0, 0, 0, 0, 0, 0, 0);
INSERT INTO NetworkDeviceModels (NetworkDeviceModelID, DeviceModelID, DSIDeviceTypeID, DSIDeviceModelID, DefaultLoginName, DefaultPassword, DefaultPort, DefaultSearchPort, DefaultConfigURL, MaxCameraCount, MaxAudioInCount, MaxAudioOutCount, MaxSensorCount, MaxRelayCount, SupportsAbsolutePosition, SupportsMotionDetection, SupportsControlFrameRate, SupportsControlResolution, MaxPresetCount, SupportsMenu, SupportsPTZ, MaxAuxiliaryCount, SupportsLight, SupportsWiper, MaxPresetTourCount, MaxPatternTourCount, MaxSwingCount, MaxOtherTourCount, MaxStreamCount, SupportDualLiveStream, SingleLiveStreamNo, DivisionLiveStreamNo, SupportVideoAnalysis, SupportPTZSpeed, IsVariableUnitCount, SupportSearchPort, DefaultSetupPort, SupportSetupPort) VALUES (266, 262, 4192 ,1, N'admin', N'', 80, 0, N'', 1, 1, 1, 1, 1, 0, 0, 0, 0, 255, 1, 1, 0, 0, 0, 100, 0, 0, 0, 1, 0, 0, 0, 0, 1, 0, 0, 0, 0);
INSERT INTO NetworkDeviceModels (NetworkDeviceModelID, DeviceModelID, DSIDeviceTypeID, DSIDeviceModelID, DefaultLoginName, DefaultPassword, DefaultPort, DefaultSearchPort, DefaultConfigURL, MaxCameraCount, MaxAudioInCount, MaxAudioOutCount, MaxSensorCount, MaxRelayCount, SupportsAbsolutePosition, SupportsMotionDetection, SupportsControlFrameRate, SupportsControlResolution, MaxPresetCount, SupportsMenu, SupportsPTZ, MaxAuxiliaryCount, SupportsLight, SupportsWiper, MaxPresetTourCount, MaxPatternTourCount, MaxSwingCount, MaxOtherTourCount, MaxStreamCount, SupportDualLiveStream, SingleLiveStreamNo, DivisionLiveStreamNo, SupportVideoAnalysis, SupportPTZSpeed, IsVariableUnitCount, SupportSearchPort, DefaultSetupPort, SupportSetupPort) VALUES (267, 263, 4192 ,2, N'admin', N'', 80, 0, N'', 1, 1, 1, 1, 1, 0, 0, 0, 0, 255, 1, 1, 0, 0, 0, 100, 0, 0, 0, 1, 0, 0, 0, 0, 1, 0, 0, 0, 0);
INSERT INTO NetworkDeviceModels (NetworkDeviceModelID, DeviceModelID, DSIDeviceTypeID, DSIDeviceModelID, DefaultLoginName, DefaultPassword, DefaultPort, DefaultSearchPort, DefaultConfigURL, MaxCameraCount, MaxAudioInCount, MaxAudioOutCount, MaxSensorCount, MaxRelayCount, SupportsAbsolutePosition, SupportsMotionDetection, SupportsControlFrameRate, SupportsControlResolution, MaxPresetCount, SupportsMenu, SupportsPTZ, MaxAuxiliaryCount, SupportsLight, SupportsWiper, MaxPresetTourCount, MaxPatternTourCount, MaxSwingCount, MaxOtherTourCount, MaxStreamCount, SupportDualLiveStream, SingleLiveStreamNo, DivisionLiveStreamNo, SupportVideoAnalysis, SupportPTZSpeed, IsVariableUnitCount, SupportSearchPort, DefaultSetupPort, SupportSetupPort) VALUES (268, 264, 34 ,3, N'root', N'', 80, 0, N'/operator/basic_configuration.shtml?submenuid=1', 2, 1, 1, 0, 0, 0, 0, 0, 0, 0, 0, 0, 0, 0, 0, 0, 0, 0, 0, 1, 0, 0, 0, 0, 0, 0, 0, 0, 0);
INSERT INTO NetworkDeviceModels (NetworkDeviceModelID, DeviceModelID, DSIDeviceTypeID, DSIDeviceModelID, DefaultLoginName, DefaultPassword, DefaultPort, DefaultSearchPort, DefaultConfigURL, MaxCameraCount, MaxAudioInCount, MaxAudioOutCount, MaxSensorCount, MaxRelayCount, SupportsAbsolutePosition, SupportsMotionDetection, SupportsControlFrameRate, SupportsControlResolution, MaxPresetCount, SupportsMenu, SupportsPTZ, MaxAuxiliaryCount, SupportsLight, SupportsWiper, MaxPresetTourCount, MaxPatternTourCount, MaxSwingCount, MaxOtherTourCount, MaxStreamCount, SupportDualLiveStream, SingleLiveStreamNo, DivisionLiveStreamNo, SupportVideoAnalysis, SupportPTZSpeed, IsVariableUnitCount, SupportSearchPort, DefaultSetupPort, SupportSetupPort) VALUES (269, 265, 34 ,4, N'root', N'', 80, 0, N'/operator/basic_configuration.shtml?submenuid=1', 2, 1, 1, 0, 0, 0, 0, 0, 0, 0, 0, 0, 0, 0, 0, 0, 0, 0, 0, 1, 0, 0, 0, 0, 0, 0, 0, 0, 0);
INSERT INTO NetworkDeviceModels (NetworkDeviceModelID, DeviceModelID, DSIDeviceTypeID, DSIDeviceModelID, DefaultLoginName, DefaultPassword, DefaultPort, DefaultSearchPort, DefaultConfigURL, MaxCameraCount, MaxAudioInCount, MaxAudioOutCount, MaxSensorCount, MaxRelayCount, SupportsAbsolutePosition, SupportsMotionDetection, SupportsControlFrameRate, SupportsControlResolution, MaxPresetCount, SupportsMenu, SupportsPTZ, MaxAuxiliaryCount, SupportsLight, SupportsWiper, MaxPresetTourCount, MaxPatternTourCount, MaxSwingCount, MaxOtherTourCount, MaxStreamCount, SupportDualLiveStream, SingleLiveStreamNo, DivisionLiveStreamNo, SupportVideoAnalysis, SupportPTZSpeed, IsVariableUnitCount, SupportSearchPort, DefaultSetupPort, SupportSetupPort) VALUES (270, 266, 34 ,5, N'root', N'', 80, 0, N'/operator/basic_configuration.shtml?submenuid=1', 2, 1, 1, 1, 1, 0, 0, 0, 0, 99, 0, 0, 0, 0, 0, 0, 0, 0, 0, 1, 0, 0, 0, 0, 0, 0, 0, 0, 0);
INSERT INTO NetworkDeviceModels (NetworkDeviceModelID, DeviceModelID, DSIDeviceTypeID, DSIDeviceModelID, DefaultLoginName, DefaultPassword, DefaultPort, DefaultSearchPort, DefaultConfigURL, MaxCameraCount, MaxAudioInCount, MaxAudioOutCount, MaxSensorCount, MaxRelayCount, SupportsAbsolutePosition, SupportsMotionDetection, SupportsControlFrameRate, SupportsControlResolution, MaxPresetCount, SupportsMenu, SupportsPTZ, MaxAuxiliaryCount, SupportsLight, SupportsWiper, MaxPresetTourCount, MaxPatternTourCount, MaxSwingCount, MaxOtherTourCount, MaxStreamCount, SupportDualLiveStream, SingleLiveStreamNo, DivisionLiveStreamNo, SupportVideoAnalysis, SupportPTZSpeed, IsVariableUnitCount, SupportSearchPort, DefaultSetupPort, SupportSetupPort) VALUES (271, 267, 34 ,6, N'root', N'', 80, 0, N'/operator/basic_configuration.shtml?submenuid=1', 2, 1, 1, 1, 1, 0, 0, 0, 0, 99, 0, 1, 0, 0, 0, 0, 0, 0, 0, 1, 0, 0, 0, 0, 1, 0, 0, 0, 0);
INSERT INTO NetworkDeviceModels (NetworkDeviceModelID, DeviceModelID, DSIDeviceTypeID, DSIDeviceModelID, DefaultLoginName, DefaultPassword, DefaultPort, DefaultSearchPort, DefaultConfigURL, MaxCameraCount, MaxAudioInCount, MaxAudioOutCount, MaxSensorCount, MaxRelayCount, SupportsAbsolutePosition, SupportsMotionDetection, SupportsControlFrameRate, SupportsControlResolution, MaxPresetCount, SupportsMenu, SupportsPTZ, MaxAuxiliaryCount, SupportsLight, SupportsWiper, MaxPresetTourCount, MaxPatternTourCount, MaxSwingCount, MaxOtherTourCount, MaxStreamCount, SupportDualLiveStream, SingleLiveStreamNo, DivisionLiveStreamNo, SupportVideoAnalysis, SupportPTZSpeed, IsVariableUnitCount, SupportSearchPort, DefaultSetupPort, SupportSetupPort) VALUES (272, 268, 34 ,7, N'root', N'', 80, 0, N'/operator/basic_configuration.shtml?submenuid=1', 2, 1, 1, 1, 1, 0, 0, 0, 0, 0, 0, 0, 0, 0, 0, 0, 0, 0, 0, 1, 0, 0, 0, 0, 0, 0, 0, 0, 0);
INSERT INTO NetworkDeviceModels (NetworkDeviceModelID, DeviceModelID, DSIDeviceTypeID, DSIDeviceModelID, DefaultLoginName, DefaultPassword, DefaultPort, DefaultSearchPort, DefaultConfigURL, MaxCameraCount, MaxAudioInCount, MaxAudioOutCount, MaxSensorCount, MaxRelayCount, SupportsAbsolutePosition, SupportsMotionDetection, SupportsControlFrameRate, SupportsControlResolution, MaxPresetCount, SupportsMenu, SupportsPTZ, MaxAuxiliaryCount, SupportsLight, SupportsWiper, MaxPresetTourCount, MaxPatternTourCount, MaxSwingCount, MaxOtherTourCount, MaxStreamCount, SupportDualLiveStream, SingleLiveStreamNo, DivisionLiveStreamNo, SupportVideoAnalysis, SupportPTZSpeed, IsVariableUnitCount, SupportSearchPort, DefaultSetupPort, SupportSetupPort) VALUES (273, 269, 34 ,8, N'root', N'', 80, 0, N'/operator/basic_configuration.shtml?submenuid=1', 2, 1, 1, 1, 1, 0, 0, 0, 0, 0, 0, 0, 0, 0, 0, 0, 0, 0, 0, 1, 0, 0, 0, 0, 0, 0, 0, 0, 0);
INSERT INTO NetworkDeviceModels (NetworkDeviceModelID, DeviceModelID, DSIDeviceTypeID, DSIDeviceModelID, DefaultLoginName, DefaultPassword, DefaultPort, DefaultSearchPort, DefaultConfigURL, MaxCameraCount, MaxAudioInCount, MaxAudioOutCount, MaxSensorCount, MaxRelayCount, SupportsAbsolutePosition, SupportsMotionDetection, SupportsControlFrameRate, SupportsControlResolution, MaxPresetCount, SupportsMenu, SupportsPTZ, MaxAuxiliaryCount, SupportsLight, SupportsWiper, MaxPresetTourCount, MaxPatternTourCount, MaxSwingCount, MaxOtherTourCount, MaxStreamCount, SupportDualLiveStream, SingleLiveStreamNo, DivisionLiveStreamNo, SupportVideoAnalysis, SupportPTZSpeed, IsVariableUnitCount, SupportSearchPort, DefaultSetupPort, SupportSetupPort) VALUES (274, 270, 34 ,9, N'root', N'', 80, 0, N'/operator/basic_configuration.shtml?submenuid=1', 2, 1, 1, 1, 1, 0, 0, 0, 0, 0, 0, 0, 0, 0, 0, 0, 0, 0, 0, 1, 0, 0, 0, 0, 0, 0, 0, 0, 0);
INSERT INTO NetworkDeviceModels (NetworkDeviceModelID, DeviceModelID, DSIDeviceTypeID, DSIDeviceModelID, DefaultLoginName, DefaultPassword, DefaultPort, DefaultSearchPort, DefaultConfigURL, MaxCameraCount, MaxAudioInCount, MaxAudioOutCount, MaxSensorCount, MaxRelayCount, SupportsAbsolutePosition, SupportsMotionDetection, SupportsControlFrameRate, SupportsControlResolution, MaxPresetCount, SupportsMenu, SupportsPTZ, MaxAuxiliaryCount, SupportsLight, SupportsWiper, MaxPresetTourCount, MaxPatternTourCount, MaxSwingCount, MaxOtherTourCount, MaxStreamCount, SupportDualLiveStream, SingleLiveStreamNo, DivisionLiveStreamNo, SupportVideoAnalysis, SupportPTZSpeed, IsVariableUnitCount, SupportSearchPort, DefaultSetupPort, SupportSetupPort) VALUES (275, 271, 34 ,10, N'root', N'', 80, 0, N'/operator/basic_configuration.shtml?submenuid=1', 2, 1, 1, 1, 1, 0, 0, 0, 0, 0, 0, 0, 0, 0, 0, 0, 0, 0, 0, 1, 0, 0, 0, 0, 0, 0, 0, 0, 0);
INSERT INTO NetworkDeviceModels (NetworkDeviceModelID, DeviceModelID, DSIDeviceTypeID, DSIDeviceModelID, DefaultLoginName, DefaultPassword, DefaultPort, DefaultSearchPort, DefaultConfigURL, MaxCameraCount, MaxAudioInCount, MaxAudioOutCount, MaxSensorCount, MaxRelayCount, SupportsAbsolutePosition, SupportsMotionDetection, SupportsControlFrameRate, SupportsControlResolution, MaxPresetCount, SupportsMenu, SupportsPTZ, MaxAuxiliaryCount, SupportsLight, SupportsWiper, MaxPresetTourCount, MaxPatternTourCount, MaxSwingCount, MaxOtherTourCount, MaxStreamCount, SupportDualLiveStream, SingleLiveStreamNo, DivisionLiveStreamNo, SupportVideoAnalysis, SupportPTZSpeed, IsVariableUnitCount, SupportSearchPort, DefaultSetupPort, SupportSetupPort, SupportHardwareAreaZoom) VALUES (276, 272, 65535 ,19, N'admin', N'', 80, 0, N'', 4, 1, 1, 1, 1, 0, 0, 0, 0, 255, 0, 1, 0, 0, 0, 255, 0, 0, 0, 2, 0, 0, 0, 0, 1, 0, 0, 0, 0, 0);
INSERT INTO NetworkDeviceModels (NetworkDeviceModelID, DeviceModelID, DSIDeviceTypeID, DSIDeviceModelID, DefaultLoginName, DefaultPassword, DefaultPort, DefaultSearchPort, DefaultConfigURL, MaxCameraCount, MaxAudioInCount, MaxAudioOutCount, MaxSensorCount, MaxRelayCount, SupportsAbsolutePosition, SupportsMotionDetection, SupportsControlFrameRate, SupportsControlResolution, MaxPresetCount, SupportsMenu, SupportsPTZ, MaxAuxiliaryCount, SupportsLight, SupportsWiper, MaxPresetTourCount, MaxPatternTourCount, MaxSwingCount, MaxOtherTourCount, MaxStreamCount, SupportDualLiveStream, SingleLiveStreamNo, DivisionLiveStreamNo, SupportVideoAnalysis, SupportPTZSpeed, IsVariableUnitCount, SupportSearchPort, DefaultSetupPort, SupportSetupPort, SupportHardwareAreaZoom) VALUES (277, 273, 65535 ,20, N'admin', N'', 80, 0, N'', 1, 1, 1, 1, 1, 0, 0, 0, 0, 255, 0, 1, 0, 0, 0, 255, 0, 0, 0, 2, 0, 0, 0, 0, 1, 0, 0, 0, 0, 0);
INSERT INTO NetworkDeviceModels (NetworkDeviceModelID, DeviceModelID, DSIDeviceTypeID, DSIDeviceModelID, DefaultLoginName, DefaultPassword, DefaultPort, DefaultSearchPort, DefaultConfigURL, MaxCameraCount, MaxAudioInCount, MaxAudioOutCount, MaxSensorCount, MaxRelayCount, SupportsAbsolutePosition, SupportsMotionDetection, SupportsControlFrameRate, SupportsControlResolution, MaxPresetCount, SupportsMenu, SupportsPTZ, MaxAuxiliaryCount, SupportsLight, SupportsWiper, MaxPresetTourCount, MaxPatternTourCount, MaxSwingCount, MaxOtherTourCount, MaxStreamCount, SupportDualLiveStream, SingleLiveStreamNo, DivisionLiveStreamNo, SupportVideoAnalysis, SupportPTZSpeed, IsVariableUnitCount, SupportSearchPort, DefaultSetupPort, SupportSetupPort, SupportHardwareAreaZoom) VALUES (278, 274, 65535 ,21, N'admin', N'', 80, 0, N'', 1, 1, 1, 1, 1, 0, 0, 0, 0, 255, 0, 1, 0, 0, 0, 255, 0, 0, 0, 2, 0, 0, 0, 0, 1, 0, 0, 0, 0, 0);
INSERT INTO NetworkDeviceModels (NetworkDeviceModelID, DeviceModelID, DSIDeviceTypeID, DSIDeviceModelID, DefaultLoginName, DefaultPassword, DefaultPort, DefaultSearchPort, DefaultConfigURL, MaxCameraCount, MaxAudioInCount, MaxAudioOutCount, MaxSensorCount, MaxRelayCount, SupportsAbsolutePosition, SupportsMotionDetection, SupportsControlFrameRate, SupportsControlResolution, MaxPresetCount, SupportsMenu, SupportsPTZ, MaxAuxiliaryCount, SupportsLight, SupportsWiper, MaxPresetTourCount, MaxPatternTourCount, MaxSwingCount, MaxOtherTourCount, MaxStreamCount, SupportDualLiveStream, SingleLiveStreamNo, DivisionLiveStreamNo, SupportVideoAnalysis, SupportPTZSpeed, IsVariableUnitCount, SupportSearchPort, DefaultSetupPort, SupportSetupPort) VALUES (279, 275, 4192 ,4097, N'admin', N'', 80, 0, N'', 1, 1, 1, 1, 1, 0, 0, 0, 0, 255, 0, 1, 0, 0, 0, 100, 100, 100, 0, 2, 1, 0, 0, 0, 1, 0, 0, 0, 0);
INSERT INTO NetworkDeviceModels (NetworkDeviceModelID, DeviceModelID, DSIDeviceTypeID, DSIDeviceModelID, DefaultLoginName, DefaultPassword, DefaultPort, DefaultSearchPort, DefaultConfigURL, MaxCameraCount, MaxAudioInCount, MaxAudioOutCount, MaxSensorCount, MaxRelayCount, SupportsAbsolutePosition, SupportsMotionDetection, SupportsControlFrameRate, SupportsControlResolution, MaxPresetCount, SupportsMenu, SupportsPTZ, MaxAuxiliaryCount, SupportsLight, SupportsWiper, MaxPresetTourCount, MaxPatternTourCount, MaxSwingCount, MaxOtherTourCount, MaxStreamCount, SupportDualLiveStream, SingleLiveStreamNo, DivisionLiveStreamNo, SupportVideoAnalysis, SupportPTZSpeed, IsVariableUnitCount, SupportSearchPort, DefaultSetupPort, SupportSetupPort, SupportHardwareAreaZoom) VALUES (280, 276, 65535 ,22, N'admin', N'', 80, 0, N'', 1, 1, 1, 1, 1, 0, 0, 0, 0, 255, 0, 1, 0, 0, 0, 255, 0, 0, 0, 2, 0, 0, 0, 0, 1, 0, 0, 0, 0, 0);
INSERT INTO NetworkDeviceModels (NetworkDeviceModelID, DeviceModelID, DSIDeviceTypeID, DSIDeviceModelID, DefaultLoginName, DefaultPassword, DefaultPort, DefaultSearchPort, DefaultConfigURL, MaxCameraCount, MaxAudioInCount, MaxAudioOutCount, MaxSensorCount, MaxRelayCount, SupportsAbsolutePosition, SupportsMotionDetection, SupportsControlFrameRate, SupportsControlResolution, MaxPresetCount, SupportsMenu, SupportsPTZ, MaxAuxiliaryCount, SupportsLight, SupportsWiper, MaxPresetTourCount, MaxPatternTourCount, MaxSwingCount, MaxOtherTourCount, MaxStreamCount, SupportDualLiveStream, SingleLiveStreamNo, DivisionLiveStreamNo, SupportVideoAnalysis, SupportPTZSpeed, IsVariableUnitCount, SupportSearchPort, DefaultSetupPort, SupportSetupPort) VALUES (281, 277, 4208 ,4097, N'admin', N'', 80, 0, N'', 1, 1, 1, 1, 1, 0, 0, 0, 0, 255, 0, 1, 0, 0, 0, 100, 100, 100, 0, 2, 1, 0, 0, 0, 1, 0, 0, 0, 0);
INSERT INTO NetworkDeviceModels (NetworkDeviceModelID, DeviceModelID, DSIDeviceTypeID, DSIDeviceModelID, DefaultLoginName, DefaultPassword, DefaultPort, DefaultSearchPort, DefaultConfigURL, MaxCameraCount, MaxAudioInCount, MaxAudioOutCount, MaxSensorCount, MaxRelayCount, SupportsAbsolutePosition, SupportsMotionDetection, SupportsControlFrameRate, SupportsControlResolution, MaxPresetCount, SupportsMenu, SupportsPTZ, MaxAuxiliaryCount, SupportsLight, SupportsWiper, MaxPresetTourCount, MaxPatternTourCount, MaxSwingCount, MaxOtherTourCount, MaxStreamCount, SupportDualLiveStream, SingleLiveStreamNo, DivisionLiveStreamNo, SupportVideoAnalysis, SupportPTZSpeed, IsVariableUnitCount, SupportSearchPort, DefaultSetupPort, SupportSetupPort, SupportHardwareAreaZoom) VALUES (282, 278, 65535 ,23, N'admin', N'', 80, 0, N'', 1, 1, 1, 1, 1, 0, 0, 0, 0, 255, 0, 1, 0, 0, 0, 255, 0, 0, 0, 2, 0, 0, 0, 0, 1, 0, 0, 0, 0, 0);
INSERT INTO NetworkDeviceModels (NetworkDeviceModelID, DeviceModelID, DSIDeviceTypeID, DSIDeviceModelID, DefaultLoginName, DefaultPassword, DefaultPort, DefaultSearchPort, DefaultConfigURL, MaxCameraCount, MaxAudioInCount, MaxAudioOutCount, MaxSensorCount, MaxRelayCount, SupportsAbsolutePosition, SupportsMotionDetection, SupportsControlFrameRate, SupportsControlResolution, MaxPresetCount, SupportsMenu, SupportsPTZ, MaxAuxiliaryCount, SupportsLight, SupportsWiper, MaxPresetTourCount, MaxPatternTourCount, MaxSwingCount, MaxOtherTourCount, MaxStreamCount, SupportDualLiveStream, SingleLiveStreamNo, DivisionLiveStreamNo, SupportVideoAnalysis, SupportPTZSpeed, IsVariableUnitCount, SupportSearchPort, DefaultSetupPort, SupportSetupPort, SupportHardwareAreaZoom) VALUES (283, 279, 65535, 24, N'admin', N'', 80, 0, N'', 1, 1, 1, 1, 1, 0, 0, 0, 0, 255, 0, 1, 0, 0, 0, 255, 0, 0, 0, 2, 0, 0, 0, 0, 1, 0, 0, 0, 0, 0);
INSERT INTO NetworkDeviceModels (NetworkDeviceModelID, DeviceModelID, DSIDeviceTypeID, DSIDeviceModelID, DefaultLoginName, DefaultPassword, DefaultPort, DefaultSearchPort, DefaultConfigURL, MaxCameraCount, MaxAudioInCount, MaxAudioOutCount, MaxSensorCount, MaxRelayCount, SupportsAbsolutePosition, SupportsMotionDetection, SupportsControlFrameRate, SupportsControlResolution, MaxPresetCount, SupportsMenu, SupportsPTZ, MaxAuxiliaryCount, SupportsLight, SupportsWiper, MaxPresetTourCount, MaxPatternTourCount, MaxSwingCount, MaxOtherTourCount, MaxStreamCount, SupportDualLiveStream, SingleLiveStreamNo, DivisionLiveStreamNo, SupportVideoAnalysis, SupportPTZSpeed, IsVariableUnitCount, SupportSearchPort, DefaultSetupPort, SupportSetupPort, SupportHardwareAreaZoom) VALUES (284, 280, 65535, 25, N'admin', N'', 80, 0, N'', 1, 0, 0, 0, 0, 0, 0, 0, 0, 255, 0, 1, 0, 0, 0, 255, 0, 0, 0, 2, 0, 0, 0, 0, 1, 0, 0, 0, 0, 0);
INSERT INTO NetworkDeviceModels (NetworkDeviceModelID, DeviceModelID, DSIDeviceTypeID, DSIDeviceModelID, DefaultLoginName, DefaultPassword, DefaultPort, DefaultSearchPort, DefaultConfigURL, MaxCameraCount, MaxAudioInCount, MaxAudioOutCount, MaxSensorCount, MaxRelayCount, SupportsAbsolutePosition, SupportsMotionDetection, SupportsControlFrameRate, SupportsControlResolution, MaxPresetCount, SupportsMenu, SupportsPTZ, MaxAuxiliaryCount, SupportsLight, SupportsWiper, MaxPresetTourCount, MaxPatternTourCount, MaxSwingCount, MaxOtherTourCount, MaxStreamCount, SupportDualLiveStream, SingleLiveStreamNo, DivisionLiveStreamNo, SupportVideoAnalysis, SupportPTZSpeed, IsVariableUnitCount, SupportSearchPort, DefaultSetupPort, SupportSetupPort, SupportHardwareAreaZoom) VALUES (285, 281, 65535, 26, N'admin', N'', 80, 0, N'', 1, 1, 1, 1, 1, 0, 0, 0, 0, 255, 0, 1, 0, 0, 0, 255, 0, 0, 0, 2, 0, 0, 0, 0, 1, 0, 0, 0, 0, 0);
INSERT INTO NetworkDeviceModels (NetworkDeviceModelID, DeviceModelID, DSIDeviceTypeID, DSIDeviceModelID, DefaultLoginName, DefaultPassword, DefaultPort, DefaultSearchPort, DefaultConfigURL, MaxCameraCount, MaxAudioInCount, MaxAudioOutCount, MaxSensorCount, MaxRelayCount, SupportsAbsolutePosition, SupportsMotionDetection, SupportsControlFrameRate, SupportsControlResolution, MaxPresetCount, SupportsMenu, SupportsPTZ, MaxAuxiliaryCount, SupportsLight, SupportsWiper, MaxPresetTourCount, MaxPatternTourCount, MaxSwingCount, MaxOtherTourCount, MaxStreamCount, SupportDualLiveStream, SingleLiveStreamNo, DivisionLiveStreamNo, SupportVideoAnalysis, SupportPTZSpeed, IsVariableUnitCount, SupportSearchPort, DefaultSetupPort, SupportSetupPort) VALUES (286, 282, 4224, 4097, N'admin', N'SECRET', 7620, 0, N'', 1, 1, 1, 1, 1, 0, 0, 0, 0, 255, 0, 1, 0, 0, 0, 100, 0, 0, 0, 1, 0, 0, 0, 0, 1, 0, 0, 0, 0);
INSERT INTO NetworkDeviceModels (NetworkDeviceModelID, DeviceModelID, DSIDeviceTypeID, DSIDeviceModelID, DefaultLoginName, DefaultPassword, DefaultPort, DefaultSearchPort, DefaultConfigURL, MaxCameraCount, MaxAudioInCount, MaxAudioOutCount, MaxSensorCount, MaxRelayCount, SupportsAbsolutePosition, SupportsMotionDetection, SupportsControlFrameRate, SupportsControlResolution, MaxPresetCount, SupportsMenu, SupportsPTZ, MaxAuxiliaryCount, SupportsLight, SupportsWiper, MaxPresetTourCount, MaxPatternTourCount, MaxSwingCount, MaxOtherTourCount, MaxStreamCount, SupportDualLiveStream, SingleLiveStreamNo, DivisionLiveStreamNo, SupportVideoAnalysis, SupportPTZSpeed, IsVariableUnitCount, SupportSearchPort, DefaultSetupPort, SupportSetupPort, SupportHardwareAreaZoom) VALUES (287, 283, 65535, 27, N'admin', N'', 80, 0, N'', 1, 1, 1, 0, 0, 0, 0, 0, 0, 255, 0, 1, 0, 0, 0, 255, 0, 0, 0, 2, 0, 0, 0, 0, 1, 0, 0, 0, 0, 0);
INSERT INTO NetworkDeviceModels (NetworkDeviceModelID, DeviceModelID, DSIDeviceTypeID, DSIDeviceModelID, DefaultLoginName, DefaultPassword, DefaultPort, DefaultSearchPort, DefaultConfigURL, MaxCameraCount, MaxAudioInCount, MaxAudioOutCount, MaxSensorCount, MaxRelayCount, SupportsAbsolutePosition, SupportsMotionDetection, SupportsControlFrameRate, SupportsControlResolution, MaxPresetCount, SupportsMenu, SupportsPTZ, MaxAuxiliaryCount, SupportsLight, SupportsWiper, MaxPresetTourCount, MaxPatternTourCount, MaxSwingCount, MaxOtherTourCount, MaxStreamCount, SupportDualLiveStream, SingleLiveStreamNo, DivisionLiveStreamNo, SupportVideoAnalysis, SupportPTZSpeed, IsVariableUnitCount, SupportSearchPort, DefaultSetupPort, SupportSetupPort, SupportHardwareAreaZoom) VALUES (288, 284, 65535, 28, N'root', N'root', 80, 0, N'', 1, 1, 1, 4, 1, 0, 0, 0, 0, 255, 0, 1, 0, 0, 0, 255, 0, 0, 0, 2, 0, 0, 0, 0, 1, 0, 0, 0, 0, 1);
INSERT INTO NetworkDeviceModels (NetworkDeviceModelID, DeviceModelID, DSIDeviceTypeID, DSIDeviceModelID, DefaultLoginName, DefaultPassword, DefaultPort, DefaultSearchPort, DefaultConfigURL, MaxCameraCount, MaxAudioInCount, MaxAudioOutCount, MaxSensorCount, MaxRelayCount, SupportsAbsolutePosition, SupportsMotionDetection, SupportsControlFrameRate, SupportsControlResolution, MaxPresetCount, SupportsMenu, SupportsPTZ, MaxAuxiliaryCount, SupportsLight, SupportsWiper, MaxPresetTourCount, MaxPatternTourCount, MaxSwingCount, MaxOtherTourCount, MaxStreamCount, SupportDualLiveStream, SingleLiveStreamNo, DivisionLiveStreamNo, SupportVideoAnalysis, SupportPTZSpeed, IsVariableUnitCount, SupportSearchPort, DefaultSetupPort, SupportSetupPort, SupportHardwareAreaZoom) VALUES (289, 285, 65535, 29, N'admin', N'', 80, 0, N'', 1, 1, 1, 4, 1, 0, 0, 0, 0, 255, 0, 1, 0, 0, 0, 255, 0, 0, 0, 2, 0, 0, 0, 0, 1, 0, 0, 0, 0, 0);
INSERT INTO NetworkDeviceModels (NetworkDeviceModelID, DeviceModelID, DSIDeviceTypeID, DSIDeviceModelID, DefaultLoginName, DefaultPassword, DefaultPort, DefaultSearchPort, DefaultConfigURL, MaxCameraCount, MaxAudioInCount, MaxAudioOutCount, MaxSensorCount, MaxRelayCount, SupportsAbsolutePosition, SupportsMotionDetection, SupportsControlFrameRate, SupportsControlResolution, MaxPresetCount, SupportsMenu, SupportsPTZ, MaxAuxiliaryCount, SupportsLight, SupportsWiper, MaxPresetTourCount, MaxPatternTourCount, MaxSwingCount, MaxOtherTourCount, MaxStreamCount, SupportDualLiveStream, SingleLiveStreamNo, DivisionLiveStreamNo, SupportVideoAnalysis, SupportPTZSpeed, IsVariableUnitCount, SupportSearchPort, DefaultSetupPort, SupportSetupPort, SupportStreamURL, SupportHardwareAreaZoom, SupportClipBackup, ClipBackupPort, SupportHealthCheck, HealthCheckPort) VALUES (290, 286, 4240, 4097, N'admin', N'', 9000, 0, N'', 4, 4, 1, 0, 0, 0, 1, 0, 0, 255, 0, 1, 0, 0, 0, 0, 0, 0, 1, 0, 0, 0, 0, 0, 1, 0, 0, 0, 0, 0, 0, 0, 0, 0, 0);
INSERT INTO NetworkDeviceModels (NetworkDeviceModelID, DeviceModelID, DSIDeviceTypeID, DSIDeviceModelID, DefaultLoginName, DefaultPassword, DefaultPort, DefaultSearchPort, DefaultConfigURL, MaxCameraCount, MaxAudioInCount, MaxAudioOutCount, MaxSensorCount, MaxRelayCount, SupportsAbsolutePosition, SupportsMotionDetection, SupportsControlFrameRate, SupportsControlResolution, MaxPresetCount, SupportsMenu, SupportsPTZ, MaxAuxiliaryCount, SupportsLight, SupportsWiper, MaxPresetTourCount, MaxPatternTourCount, MaxSwingCount, MaxOtherTourCount, MaxStreamCount, SupportDualLiveStream, SingleLiveStreamNo, DivisionLiveStreamNo, SupportVideoAnalysis, SupportPTZSpeed, IsVariableUnitCount, SupportSearchPort, DefaultSetupPort, SupportSetupPort, SupportStreamURL, SupportHardwareAreaZoom, SupportClipBackup, ClipBackupPort, SupportHealthCheck, HealthCheckPort) VALUES (291, 287, 4240, 4098, N'admin', N'', 9000, 0, N'', 8, 4, 1, 0, 0, 0, 1, 0, 0, 255, 0, 1, 0, 0, 0, 0, 0, 0, 1, 0, 0, 0, 0, 0, 1, 0, 0, 0, 0, 0, 0, 0, 0, 0, 0);
INSERT INTO NetworkDeviceModels (NetworkDeviceModelID, DeviceModelID, DSIDeviceTypeID, DSIDeviceModelID, DefaultLoginName, DefaultPassword, DefaultPort, DefaultSearchPort, DefaultConfigURL, MaxCameraCount, MaxAudioInCount, MaxAudioOutCount, MaxSensorCount, MaxRelayCount, SupportsAbsolutePosition, SupportsMotionDetection, SupportsControlFrameRate, SupportsControlResolution, MaxPresetCount, SupportsMenu, SupportsPTZ, MaxAuxiliaryCount, SupportsLight, SupportsWiper, MaxPresetTourCount, MaxPatternTourCount, MaxSwingCount, MaxOtherTourCount, MaxStreamCount, SupportDualLiveStream, SingleLiveStreamNo, DivisionLiveStreamNo, SupportVideoAnalysis, SupportPTZSpeed, IsVariableUnitCount, SupportSearchPort, DefaultSetupPort, SupportSetupPort, SupportStreamURL, SupportHardwareAreaZoom, SupportClipBackup, ClipBackupPort, SupportHealthCheck, HealthCheckPort) VALUES (292, 288, 4240, 4099, N'admin', N'', 9000, 0, N'', 16, 4, 1, 8, 1, 0, 1, 0, 0, 255, 0, 1, 0, 0, 0, 0, 0, 0, 1, 0, 0, 0, 0, 0, 1, 0, 0, 0, 0, 0, 0, 0, 0, 0, 0);
INSERT INTO NetworkDeviceModels (NetworkDeviceModelID, DeviceModelID, DSIDeviceTypeID, DSIDeviceModelID, DefaultLoginName, DefaultPassword, DefaultPort, DefaultSearchPort, DefaultConfigURL, MaxCameraCount, MaxAudioInCount, MaxAudioOutCount, MaxSensorCount, MaxRelayCount, SupportsAbsolutePosition, SupportsMotionDetection, SupportsControlFrameRate, SupportsControlResolution, MaxPresetCount, SupportsMenu, SupportsPTZ, MaxAuxiliaryCount, SupportsLight, SupportsWiper, MaxPresetTourCount, MaxPatternTourCount, MaxSwingCount, MaxOtherTourCount, MaxStreamCount, SupportDualLiveStream, SingleLiveStreamNo, DivisionLiveStreamNo, SupportVideoAnalysis, SupportPTZSpeed, IsVariableUnitCount, SupportSearchPort, DefaultSetupPort, SupportSetupPort, SupportStreamURL, SupportHardwareAreaZoom, SupportClipBackup, ClipBackupPort, SupportHealthCheck, HealthCheckPort) VALUES (293, 289, 22, 2, N'root', N'pass', 1852, 0, N'', 1, 1, 1, 1, 1, 0, 0, 0, 0, 128, 0, 1, 0, 0, 0, 64, 0, 0, 0, 0, 0, 0, 0, 0, 1, 0, 0, 0, 0, 0, 0, 0, 0, 0, 0);
INSERT INTO NetworkDeviceModels (NetworkDeviceModelID, DeviceModelID, DSIDeviceTypeID, DSIDeviceModelID, DefaultLoginName, DefaultPassword, DefaultPort, DefaultSearchPort, DefaultConfigURL, MaxCameraCount, MaxAudioInCount, MaxAudioOutCount, MaxSensorCount, MaxRelayCount, SupportsAbsolutePosition, SupportsMotionDetection, SupportsControlFrameRate, SupportsControlResolution, MaxPresetCount, SupportsMenu, SupportsPTZ, MaxAuxiliaryCount, SupportsLight, SupportsWiper, MaxPresetTourCount, MaxPatternTourCount, MaxSwingCount, MaxOtherTourCount, MaxStreamCount, SupportDualLiveStream, SingleLiveStreamNo, DivisionLiveStreamNo, SupportVideoAnalysis, SupportPTZSpeed, IsVariableUnitCount, SupportSearchPort, DefaultSetupPort, SupportSetupPort, SupportStreamURL, SupportHardwareAreaZoom, SupportClipBackup, ClipBackupPort, SupportHealthCheck, HealthCheckPort) VALUES (294, 290, 4104, 32, N'admin', N'1234', 9010, 0, N'', 4, 0, 0, 0, 0, 0, 1, 0, 0, 255, 0, 1, 0, 0, 0, 0, 0, 0, 0, 0, 0, 0, 0, 0, 1, 0, 0, 0, 0, 0, 0, 0, 0, 0, 0);
INSERT INTO NetworkDeviceModels (NetworkDeviceModelID, DeviceModelID, DSIDeviceTypeID, DSIDeviceModelID, DefaultLoginName, DefaultPassword, DefaultPort, DefaultSearchPort, DefaultConfigURL, MaxCameraCount, MaxAudioInCount, MaxAudioOutCount, MaxSensorCount, MaxRelayCount, SupportsAbsolutePosition, SupportsMotionDetection, SupportsControlFrameRate, SupportsControlResolution, MaxPresetCount, SupportsMenu, SupportsPTZ, MaxAuxiliaryCount, SupportsLight, SupportsWiper, MaxPresetTourCount, MaxPatternTourCount, MaxSwingCount, MaxOtherTourCount, MaxStreamCount, SupportDualLiveStream, SingleLiveStreamNo, DivisionLiveStreamNo, SupportVideoAnalysis, SupportPTZSpeed, IsVariableUnitCount, SupportSearchPort, DefaultSetupPort, SupportSetupPort, SupportStreamURL, SupportHardwareAreaZoom, SupportClipBackup, ClipBackupPort, SupportHealthCheck, HealthCheckPort) VALUES (295, 291, 4104, 32, N'admin', N'1234', 9010, 0, N'', 4, 0, 0, 0, 0, 0, 1, 0, 0, 255, 0, 1, 0, 0, 0, 0, 0, 0, 0, 0, 0, 0, 0, 0, 1, 0, 0, 0, 0, 0, 0, 0, 0, 0, 0);
INSERT INTO NetworkDeviceModels (NetworkDeviceModelID, DeviceModelID, DSIDeviceTypeID, DSIDeviceModelID, DefaultLoginName, DefaultPassword, DefaultPort, DefaultSearchPort, DefaultConfigURL, MaxCameraCount, MaxAudioInCount, MaxAudioOutCount, MaxSensorCount, MaxRelayCount, SupportsAbsolutePosition, SupportsMotionDetection, SupportsControlFrameRate, SupportsControlResolution, MaxPresetCount, SupportsMenu, SupportsPTZ, MaxAuxiliaryCount, SupportsLight, SupportsWiper, MaxPresetTourCount, MaxPatternTourCount, MaxSwingCount, MaxOtherTourCount, MaxStreamCount, SupportDualLiveStream, SingleLiveStreamNo, DivisionLiveStreamNo, SupportVideoAnalysis, SupportPTZSpeed, IsVariableUnitCount, SupportSearchPort, DefaultSetupPort, SupportSetupPort, SupportStreamURL, SupportHardwareAreaZoom, SupportClipBackup, ClipBackupPort, SupportHealthCheck, HealthCheckPort) VALUES (296, 292, 4104, 32, N'admin', N'1234', 9010, 0, N'', 8, 0, 0, 0, 0, 0, 1, 0, 0, 255, 0, 1, 0, 0, 0, 0, 0, 0, 0, 0, 0, 0, 0, 0, 1, 0, 0, 0, 0, 0, 0, 0, 0, 0, 0);
INSERT INTO NetworkDeviceModels (NetworkDeviceModelID, DeviceModelID, DSIDeviceTypeID, DSIDeviceModelID, DefaultLoginName, DefaultPassword, DefaultPort, DefaultSearchPort, DefaultConfigURL, MaxCameraCount, MaxAudioInCount, MaxAudioOutCount, MaxSensorCount, MaxRelayCount, SupportsAbsolutePosition, SupportsMotionDetection, SupportsControlFrameRate, SupportsControlResolution, MaxPresetCount, SupportsMenu, SupportsPTZ, MaxAuxiliaryCount, SupportsLight, SupportsWiper, MaxPresetTourCount, MaxPatternTourCount, MaxSwingCount, MaxOtherTourCount, MaxStreamCount, SupportDualLiveStream, SingleLiveStreamNo, DivisionLiveStreamNo, SupportVideoAnalysis, SupportPTZSpeed, IsVariableUnitCount, SupportSearchPort, DefaultSetupPort, SupportSetupPort, SupportStreamURL, SupportHardwareAreaZoom, SupportClipBackup, ClipBackupPort, SupportHealthCheck, HealthCheckPort) VALUES (297, 293, 4104, 32, N'admin', N'1234', 9010, 0, N'', 8, 0, 0, 0, 0, 0, 1, 0, 0, 255, 0, 1, 0, 0, 0, 0, 0, 0, 0, 0, 0, 0, 0, 0, 1, 0, 0, 0, 0, 0, 0, 0, 0, 0, 0);
INSERT INTO NetworkDeviceModels (NetworkDeviceModelID, DeviceModelID, DSIDeviceTypeID, DSIDeviceModelID, DefaultLoginName, DefaultPassword, DefaultPort, DefaultSearchPort, DefaultConfigURL, MaxCameraCount, MaxAudioInCount, MaxAudioOutCount, MaxSensorCount, MaxRelayCount, SupportsAbsolutePosition, SupportsMotionDetection, SupportsControlFrameRate, SupportsControlResolution, MaxPresetCount, SupportsMenu, SupportsPTZ, MaxAuxiliaryCount, SupportsLight, SupportsWiper, MaxPresetTourCount, MaxPatternTourCount, MaxSwingCount, MaxOtherTourCount, MaxStreamCount, SupportDualLiveStream, SingleLiveStreamNo, DivisionLiveStreamNo, SupportVideoAnalysis, SupportPTZSpeed, IsVariableUnitCount, SupportSearchPort, DefaultSetupPort, SupportSetupPort, SupportStreamURL, SupportHardwareAreaZoom, SupportClipBackup, ClipBackupPort, SupportHealthCheck, HealthCheckPort) VALUES (298, 294, 4104, 32, N'admin', N'1234', 9010, 0, N'', 16, 0, 0, 0, 0, 0, 1, 0, 0, 255, 0, 1, 0, 0, 0, 0, 0, 0, 0, 0, 0, 0, 0, 0, 1, 0, 0, 0, 0, 0, 0, 0, 0, 0, 0);
INSERT INTO NetworkDeviceModels (NetworkDeviceModelID, DeviceModelID, DSIDeviceTypeID, DSIDeviceModelID, DefaultLoginName, DefaultPassword, DefaultPort, DefaultSearchPort, DefaultConfigURL, MaxCameraCount, MaxAudioInCount, MaxAudioOutCount, MaxSensorCount, MaxRelayCount, SupportsAbsolutePosition, SupportsMotionDetection, SupportsControlFrameRate, SupportsControlResolution, MaxPresetCount, SupportsMenu, SupportsPTZ, MaxAuxiliaryCount, SupportsLight, SupportsWiper, MaxPresetTourCount, MaxPatternTourCount, MaxSwingCount, MaxOtherTourCount, MaxStreamCount, SupportDualLiveStream, SingleLiveStreamNo, DivisionLiveStreamNo, SupportVideoAnalysis, SupportPTZSpeed, IsVariableUnitCount, SupportSearchPort, DefaultSetupPort, SupportSetupPort, SupportStreamURL, SupportHardwareAreaZoom, SupportClipBackup, ClipBackupPort, SupportHealthCheck, HealthCheckPort) VALUES (299, 295, 2, 1, N'administrator', N'', 2000, 2001, N'', 4, 4, 1, 4, 4, 0, 1, 0, 0, 255, 1, 1, 255, 1, 1, 255, 255, 255, 255, 0, 0, 0, 0, 0, 1, 0, 0, 2010, 1, 0, 0, 0, 0, 1, 6000);
INSERT INTO NetworkDeviceModels (NetworkDeviceModelID, DeviceModelID, DSIDeviceTypeID, DSIDeviceModelID, DefaultLoginName, DefaultPassword, DefaultPort, DefaultSearchPort, DefaultConfigURL, MaxCameraCount, MaxAudioInCount, MaxAudioOutCount, MaxSensorCount, MaxRelayCount, SupportsAbsolutePosition, SupportsMotionDetection, SupportsControlFrameRate, SupportsControlResolution, MaxPresetCount, SupportsMenu, SupportsPTZ, MaxAuxiliaryCount, SupportsLight, SupportsWiper, MaxPresetTourCount, MaxPatternTourCount, MaxSwingCount, MaxOtherTourCount, MaxStreamCount, SupportDualLiveStream, SingleLiveStreamNo, DivisionLiveStreamNo, SupportVideoAnalysis, SupportPTZSpeed, IsVariableUnitCount, SupportSearchPort, DefaultSetupPort, SupportSetupPort, SupportStreamURL, SupportHardwareAreaZoom, SupportClipBackup, ClipBackupPort, SupportHealthCheck, HealthCheckPort) VALUES (300, 296, 2, 1, N'administrator', N'', 2000, 2001, N'', 4, 4, 1, 4, 4, 0, 1, 0, 0, 255, 1, 1, 255, 1, 1, 255, 255, 255, 255, 0, 0, 0, 0, 0, 1, 0, 0, 2010, 1, 0, 0, 0, 0, 1, 6000);
INSERT INTO NetworkDeviceModels (NetworkDeviceModelID, DeviceModelID, DSIDeviceTypeID, DSIDeviceModelID, DefaultLoginName, DefaultPassword, DefaultPort, DefaultSearchPort, DefaultConfigURL, MaxCameraCount, MaxAudioInCount, MaxAudioOutCount, MaxSensorCount, MaxRelayCount, SupportsAbsolutePosition, SupportsMotionDetection, SupportsControlFrameRate, SupportsControlResolution, MaxPresetCount, SupportsMenu, SupportsPTZ, MaxAuxiliaryCount, SupportsLight, SupportsWiper, MaxPresetTourCount, MaxPatternTourCount, MaxSwingCount, MaxOtherTourCount, MaxStreamCount, SupportDualLiveStream, SingleLiveStreamNo, DivisionLiveStreamNo, SupportVideoAnalysis, SupportPTZSpeed, IsVariableUnitCount, SupportSearchPort, DefaultSetupPort, SupportSetupPort, SupportStreamURL, SupportHardwareAreaZoom, SupportClipBackup, ClipBackupPort, SupportHealthCheck, HealthCheckPort) VALUES (301, 297, 4104, 32, N'admin', N'', 2000, 0, N'', 4, 0, 0, 0, 0, 0, 1, 0, 0, 255, 1, 1, 255, 1, 1, 255, 255, 255, 255, 0, 0, 0, 0, 0, 1, 0, 0, 0, 0, 0, 0, 0, 0, 0, 0);
INSERT INTO NetworkDeviceModels (NetworkDeviceModelID, DeviceModelID, DSIDeviceTypeID, DSIDeviceModelID, DefaultLoginName, DefaultPassword, DefaultPort, DefaultSearchPort, DefaultConfigURL, MaxCameraCount, MaxAudioInCount, MaxAudioOutCount, MaxSensorCount, MaxRelayCount, SupportsAbsolutePosition, SupportsMotionDetection, SupportsControlFrameRate, SupportsControlResolution, MaxPresetCount, SupportsMenu, SupportsPTZ, MaxAuxiliaryCount, SupportsLight, SupportsWiper, MaxPresetTourCount, MaxPatternTourCount, MaxSwingCount, MaxOtherTourCount, MaxStreamCount, SupportDualLiveStream, SingleLiveStreamNo, DivisionLiveStreamNo, SupportVideoAnalysis, SupportPTZSpeed, IsVariableUnitCount, SupportSearchPort, DefaultSetupPort, SupportSetupPort, SupportStreamURL, SupportHardwareAreaZoom, SupportClipBackup, ClipBackupPort, SupportHealthCheck, HealthCheckPort) VALUES (302, 298, 4104, 32, N'admin', N'', 2000, 0, N'', 8, 0, 0, 0, 0, 0, 1, 0, 0, 255, 1, 1, 255, 1, 1, 255, 255, 255, 255, 0, 0, 0, 0, 0, 1, 0, 0, 0, 0, 0, 0, 0, 0, 0, 0);
INSERT INTO NetworkDeviceModels (NetworkDeviceModelID, DeviceModelID, DSIDeviceTypeID, DSIDeviceModelID, DefaultLoginName, DefaultPassword, DefaultPort, DefaultSearchPort, DefaultConfigURL, MaxCameraCount, MaxAudioInCount, MaxAudioOutCount, MaxSensorCount, MaxRelayCount, SupportsAbsolutePosition, SupportsMotionDetection, SupportsControlFrameRate, SupportsControlResolution, MaxPresetCount, SupportsMenu, SupportsPTZ, MaxAuxiliaryCount, SupportsLight, SupportsWiper, MaxPresetTourCount, MaxPatternTourCount, MaxSwingCount, MaxOtherTourCount, MaxStreamCount, SupportDualLiveStream, SingleLiveStreamNo, DivisionLiveStreamNo, SupportVideoAnalysis, SupportPTZSpeed, IsVariableUnitCount, SupportSearchPort, DefaultSetupPort, SupportSetupPort, SupportStreamURL, SupportHardwareAreaZoom, SupportClipBackup, ClipBackupPort, SupportHealthCheck, HealthCheckPort) VALUES (303, 299, 4104, 32, N'admin', N'', 2000, 0, N'', 16, 0, 0, 0, 0, 0, 1, 0, 0, 255, 1, 1, 255, 1, 1, 255, 255, 255, 255, 0, 0, 0, 0, 0, 1, 0, 0, 0, 0, 0, 0, 0, 0, 0, 0);
INSERT INTO NetworkDeviceModels (NetworkDeviceModelID, DeviceModelID, DSIDeviceTypeID, DSIDeviceModelID, DefaultLoginName, DefaultPassword, DefaultPort, DefaultSearchPort, DefaultConfigURL, MaxCameraCount, MaxAudioInCount, MaxAudioOutCount, MaxSensorCount, MaxRelayCount, SupportsAbsolutePosition, SupportsMotionDetection, SupportsControlFrameRate, SupportsControlResolution, MaxPresetCount, SupportsMenu, SupportsPTZ, MaxAuxiliaryCount, SupportsLight, SupportsWiper, MaxPresetTourCount, MaxPatternTourCount, MaxSwingCount, MaxOtherTourCount, MaxStreamCount, SupportDualLiveStream, SingleLiveStreamNo, DivisionLiveStreamNo, SupportVideoAnalysis, SupportPTZSpeed, IsVariableUnitCount, SupportSearchPort, DefaultSetupPort, SupportSetupPort, SupportStreamURL, SupportHardwareAreaZoom, SupportClipBackup, ClipBackupPort, SupportHealthCheck, HealthCheckPort) VALUES (304, 300, 4104, 32, N'admin', N'', 2000, 0, N'', 4, 0, 0, 0, 0, 0, 1, 0, 0, 255, 1, 1, 255, 1, 1, 255, 255, 255, 255, 0, 0, 0, 0, 0, 1, 0, 0, 0, 0, 0, 0, 0, 0, 0, 0);
INSERT INTO NetworkDeviceModels (NetworkDeviceModelID, DeviceModelID, DSIDeviceTypeID, DSIDeviceModelID, DefaultLoginName, DefaultPassword, DefaultPort, DefaultSearchPort, DefaultConfigURL, MaxCameraCount, MaxAudioInCount, MaxAudioOutCount, MaxSensorCount, MaxRelayCount, SupportsAbsolutePosition, SupportsMotionDetection, SupportsControlFrameRate, SupportsControlResolution, MaxPresetCount, SupportsMenu, SupportsPTZ, MaxAuxiliaryCount, SupportsLight, SupportsWiper, MaxPresetTourCount, MaxPatternTourCount, MaxSwingCount, MaxOtherTourCount, MaxStreamCount, SupportDualLiveStream, SingleLiveStreamNo, DivisionLiveStreamNo, SupportVideoAnalysis, SupportPTZSpeed, IsVariableUnitCount, SupportSearchPort, DefaultSetupPort, SupportSetupPort, SupportStreamURL, SupportHardwareAreaZoom, SupportClipBackup, ClipBackupPort, SupportHealthCheck, HealthCheckPort) VALUES (305, 301, 4104, 32, N'admin', N'', 2000, 0, N'', 8, 0, 0, 0, 0, 0, 1, 0, 0, 255, 1, 1, 255, 1, 1, 255, 255, 255, 255, 0, 0, 0, 0, 0, 1, 0, 0, 0, 0, 0, 0, 0, 0, 0, 0);
INSERT INTO NetworkDeviceModels (NetworkDeviceModelID, DeviceModelID, DSIDeviceTypeID, DSIDeviceModelID, DefaultLoginName, DefaultPassword, DefaultPort, DefaultSearchPort, DefaultConfigURL, MaxCameraCount, MaxAudioInCount, MaxAudioOutCount, MaxSensorCount, MaxRelayCount, SupportsAbsolutePosition, SupportsMotionDetection, SupportsControlFrameRate, SupportsControlResolution, MaxPresetCount, SupportsMenu, SupportsPTZ, MaxAuxiliaryCount, SupportsLight, SupportsWiper, MaxPresetTourCount, MaxPatternTourCount, MaxSwingCount, MaxOtherTourCount, MaxStreamCount, SupportDualLiveStream, SingleLiveStreamNo, DivisionLiveStreamNo, SupportVideoAnalysis, SupportPTZSpeed, IsVariableUnitCount, SupportSearchPort, DefaultSetupPort, SupportSetupPort, SupportStreamURL, SupportHardwareAreaZoom, SupportClipBackup, ClipBackupPort, SupportHealthCheck, HealthCheckPort) VALUES (306, 302, 4104, 32, N'admin', N'', 2000, 0, N'', 16, 0, 0, 0, 0, 0, 1, 0, 0, 255, 1, 1, 255, 1, 1, 255, 255, 255, 255, 0, 0, 0, 0, 0, 1, 0, 0, 0, 0, 0, 0, 0, 0, 0, 0);
INSERT INTO NetworkDeviceModels (NetworkDeviceModelID, DeviceModelID, DSIDeviceTypeID, DSIDeviceModelID, DefaultLoginName, DefaultPassword, DefaultPort, DefaultSearchPort, DefaultConfigURL, MaxCameraCount, MaxAudioInCount, MaxAudioOutCount, MaxSensorCount, MaxRelayCount, SupportsAbsolutePosition, SupportsMotionDetection, SupportsControlFrameRate, SupportsControlResolution, MaxPresetCount, SupportsMenu, SupportsPTZ, MaxAuxiliaryCount, SupportsLight, SupportsWiper, MaxPresetTourCount, MaxPatternTourCount, MaxSwingCount, MaxOtherTourCount, MaxStreamCount, SupportDualLiveStream, SingleLiveStreamNo, DivisionLiveStreamNo, SupportVideoAnalysis, SupportPTZSpeed, IsVariableUnitCount, SupportSearchPort, DefaultSetupPort, SupportSetupPort, SupportStreamURL, SupportHardwareAreaZoom, SupportClipBackup, ClipBackupPort, SupportHealthCheck, HealthCheckPort) VALUES (307, 303, 2, 1, N'administrator', N'', 2000, 2001, N'', 4, 4, 1, 4, 4, 0, 1, 0, 0, 255, 1, 1, 255, 1, 1, 255, 255, 255, 255, 0, 0, 0, 0, 0, 1, 0, 1, 1, 2010, 0, 0, 0, 0, 0, 0);
INSERT INTO NetworkDeviceModels (NetworkDeviceModelID, DeviceModelID, DSIDeviceTypeID, DSIDeviceModelID, DefaultLoginName, DefaultPassword, DefaultPort, DefaultSearchPort, DefaultConfigURL, MaxCameraCount, MaxAudioInCount, MaxAudioOutCount, MaxSensorCount, MaxRelayCount, SupportsAbsolutePosition, SupportsMotionDetection, SupportsControlFrameRate, SupportsControlResolution, MaxPresetCount, SupportsMenu, SupportsPTZ, MaxAuxiliaryCount, SupportsLight, SupportsWiper, MaxPresetTourCount, MaxPatternTourCount, MaxSwingCount, MaxOtherTourCount, MaxStreamCount, SupportDualLiveStream, SingleLiveStreamNo, DivisionLiveStreamNo, SupportVideoAnalysis, SupportPTZSpeed, IsVariableUnitCount, SupportSearchPort, DefaultSetupPort, SupportSetupPort, SupportStreamURL, SupportHardwareAreaZoom, SupportClipBackup, ClipBackupPort, SupportHealthCheck, HealthCheckPort) VALUES (308, 305, 4118, 4099, N'888888', N'888888', 3000, 0, N'', 1, 1, 1, 1, 0, 0, 0, 0, 0, 255, 0, 1, 0, 0, 0, 255, 255, 255, 255, 2, 0, 0, 0, 0, 1, 0, 1, 1, 0, 0, 0, 0, 0, 0, 0);
INSERT INTO NetworkDeviceModels (NetworkDeviceModelID, DeviceModelID, DSIDeviceTypeID, DSIDeviceModelID, DefaultLoginName, DefaultPassword, DefaultPort, DefaultSearchPort, DefaultConfigURL, MaxCameraCount, MaxAudioInCount, MaxAudioOutCount, MaxSensorCount, MaxRelayCount, SupportsAbsolutePosition, SupportsMotionDetection, SupportsControlFrameRate, SupportsControlResolution, MaxPresetCount, SupportsMenu, SupportsPTZ, MaxAuxiliaryCount, SupportsLight, SupportsWiper, MaxPresetTourCount, MaxPatternTourCount, MaxSwingCount, MaxOtherTourCount, MaxStreamCount, SupportDualLiveStream, SingleLiveStreamNo, DivisionLiveStreamNo, SupportVideoAnalysis, SupportPTZSpeed, IsVariableUnitCount, SupportSearchPort, DefaultSetupPort, SupportSetupPort, SupportHardwareAreaZoom) VALUES (309, 306, 65535, 30,  N'root', N'root', 80, 0, N'', 1, 1, 1, 1, 1, 0, 0, 0, 0, 255, 0, 1, 0, 0, 0, 255, 0, 0, 0, 2, 0, 0, 0, 0, 1, 0, 0, 0, 0, 0);
INSERT INTO NetworkDeviceModels (NetworkDeviceModelID, DeviceModelID, DSIDeviceTypeID, DSIDeviceModelID, DefaultLoginName, DefaultPassword, DefaultPort, DefaultSearchPort, DefaultConfigURL, MaxCameraCount, MaxAudioInCount, MaxAudioOutCount, MaxSensorCount, MaxRelayCount, SupportsAbsolutePosition, SupportsMotionDetection, SupportsControlFrameRate, SupportsControlResolution, MaxPresetCount, SupportsMenu, SupportsPTZ, MaxAuxiliaryCount, SupportsLight, SupportsWiper, MaxPresetTourCount, MaxPatternTourCount, MaxSwingCount, MaxOtherTourCount, MaxStreamCount, SupportDualLiveStream, SingleLiveStreamNo, DivisionLiveStreamNo, SupportVideoAnalysis, SupportPTZSpeed, IsVariableUnitCount, SupportSearchPort, DefaultSetupPort, SupportSetupPort, SupportHardwareAreaZoom) VALUES (310, 307, 65535, 31,  N'root', N'root', 80, 0, N'', 1, 1, 1, 1, 1, 0, 0, 0, 0, 255, 0, 1, 0, 0, 0, 255, 0, 0, 0, 2, 0, 0, 0, 0, 1, 0, 0, 0, 0, 0);
INSERT INTO NetworkDeviceModels (NetworkDeviceModelID, DeviceModelID, DSIDeviceTypeID, DSIDeviceModelID, DefaultLoginName, DefaultPassword, DefaultPort, DefaultSearchPort, DefaultConfigURL, MaxCameraCount, MaxAudioInCount, MaxAudioOutCount, MaxSensorCount, MaxRelayCount, SupportsAbsolutePosition, SupportsMotionDetection, SupportsControlFrameRate, SupportsControlResolution, MaxPresetCount, SupportsMenu, SupportsPTZ, MaxAuxiliaryCount, SupportsLight, SupportsWiper, MaxPresetTourCount, MaxPatternTourCount, MaxSwingCount, MaxOtherTourCount, MaxStreamCount, SupportDualLiveStream, SingleLiveStreamNo, DivisionLiveStreamNo, SupportVideoAnalysis, SupportPTZSpeed, IsVariableUnitCount, SupportSearchPort, DefaultSetupPort, SupportSetupPort, SupportHardwareAreaZoom) VALUES (311, 308, 65535, 32,  N'root', N'root', 80, 0, N'', 1, 1, 1, 1, 1, 0, 0, 0, 0, 255, 0, 1, 0, 0, 0, 255, 0, 0, 0, 2, 0, 0, 0, 0, 1, 0, 0, 0, 0, 0);
INSERT INTO NetworkDeviceModels (NetworkDeviceModelID, DeviceModelID, DSIDeviceTypeID, DSIDeviceModelID, DefaultLoginName, DefaultPassword, DefaultPort, DefaultSearchPort, DefaultConfigURL, MaxCameraCount, MaxAudioInCount, MaxAudioOutCount, MaxSensorCount, MaxRelayCount, SupportsAbsolutePosition, SupportsMotionDetection, SupportsControlFrameRate, SupportsControlResolution, MaxPresetCount, SupportsMenu, SupportsPTZ, MaxAuxiliaryCount, SupportsLight, SupportsWiper, MaxPresetTourCount, MaxPatternTourCount, MaxSwingCount, MaxOtherTourCount, MaxStreamCount, SupportDualLiveStream, SingleLiveStreamNo, DivisionLiveStreamNo, SupportVideoAnalysis, SupportPTZSpeed, IsVariableUnitCount, SupportSearchPort, DefaultSetupPort, SupportSetupPort, SupportHardwareAreaZoom) VALUES (312, 309, 65535, 33,  N'root', N'root', 80, 0, N'', 1, 1, 1, 1, 1, 0, 0, 0, 0, 255, 0, 1, 0, 0, 0, 255, 0, 0, 0, 2, 0, 0, 0, 0, 1, 0, 0, 0, 0, 0);
INSERT INTO NetworkDeviceModels (NetworkDeviceModelID, DeviceModelID, DSIDeviceTypeID, DSIDeviceModelID, DefaultLoginName, DefaultPassword, DefaultPort, DefaultSearchPort, DefaultConfigURL, MaxCameraCount, MaxAudioInCount, MaxAudioOutCount, MaxSensorCount, MaxRelayCount, SupportsAbsolutePosition, SupportsMotionDetection, SupportsControlFrameRate, SupportsControlResolution, MaxPresetCount, SupportsMenu, SupportsPTZ, MaxAuxiliaryCount, SupportsLight, SupportsWiper, MaxPresetTourCount, MaxPatternTourCount, MaxSwingCount, MaxOtherTourCount, MaxStreamCount, SupportDualLiveStream, SingleLiveStreamNo, DivisionLiveStreamNo, SupportVideoAnalysis, SupportPTZSpeed, IsVariableUnitCount, SupportSearchPort, DefaultSetupPort, SupportSetupPort, SupportStreamURL, SupportHardwareAreaZoom, SupportClipBackup, ClipBackupPort, SupportHealthCheck, HealthCheckPort) VALUES (313, 310, 52, 1, N'root', N'pass', 1852, 0, N'', 1, 1, 1, 1, 1, 0, 0, 0, 0, 128, 0, 1, 0, 0, 1, 64, 0, 0, 0, 3, 0, 0, 0, 0, 1, 0, 0, 0, 0, 0, 0, 0, 0, 0, 0);
INSERT INTO NetworkDeviceModels (NetworkDeviceModelID, DeviceModelID, DSIDeviceTypeID, DSIDeviceModelID, DefaultLoginName, DefaultPassword, DefaultPort, DefaultSearchPort, DefaultConfigURL, MaxCameraCount, MaxAudioInCount, MaxAudioOutCount, MaxSensorCount, MaxRelayCount, SupportsAbsolutePosition, SupportsMotionDetection, SupportsControlFrameRate, SupportsControlResolution, MaxPresetCount, SupportsMenu, SupportsPTZ, MaxAuxiliaryCount, SupportsLight, SupportsWiper, MaxPresetTourCount, MaxPatternTourCount, MaxSwingCount, MaxOtherTourCount, MaxStreamCount, SupportDualLiveStream, SingleLiveStreamNo, DivisionLiveStreamNo, SupportVideoAnalysis, SupportPTZSpeed, IsVariableUnitCount, SupportSearchPort, DefaultSetupPort, SupportSetupPort, SupportStreamURL, SupportHardwareAreaZoom, SupportClipBackup, ClipBackupPort, SupportHealthCheck, HealthCheckPort) VALUES (314, 311, 4104, 32, N'admin', N'', 9010, 0, N'', 9, 9, 1, 9, 1, 0, 1, 0, 0, 255, 1, 1, 255, 1, 1, 255, 255, 255, 255, 0, 0, 0, 0, 0, 1, 0, 0, 0, 0, 0, 0, 0, 0, 1, 2000);
INSERT INTO NetworkDeviceModels (NetworkDeviceModelID, DeviceModelID, DSIDeviceTypeID, DSIDeviceModelID, DefaultLoginName, DefaultPassword, DefaultPort, DefaultSearchPort, DefaultConfigURL, MaxCameraCount, MaxAudioInCount, MaxAudioOutCount, MaxSensorCount, MaxRelayCount, SupportsAbsolutePosition, SupportsMotionDetection, SupportsControlFrameRate, SupportsControlResolution, MaxPresetCount, SupportsMenu, SupportsPTZ, MaxAuxiliaryCount, SupportsLight, SupportsWiper, MaxPresetTourCount, MaxPatternTourCount, MaxSwingCount, MaxOtherTourCount, MaxStreamCount, SupportDualLiveStream, SingleLiveStreamNo, DivisionLiveStreamNo, SupportVideoAnalysis, SupportPTZSpeed, IsVariableUnitCount, SupportSearchPort, DefaultSetupPort, SupportSetupPort, SupportStreamURL, SupportHardwareAreaZoom, SupportClipBackup, ClipBackupPort, SupportHealthCheck, HealthCheckPort) VALUES (315, 312, 4104, 32, N'admin', N'', 9010, 0, N'', 16, 16, 1, 16, 1, 0, 1, 0, 0, 255, 1, 1, 255, 1, 1, 255, 255, 255, 255, 0, 0, 0, 0, 0, 1, 0, 0, 0, 0, 0, 0, 0, 0, 1, 2000);
INSERT INTO NetworkDeviceModels (NetworkDeviceModelID, DeviceModelID, DSIDeviceTypeID, DSIDeviceModelID, DefaultLoginName, DefaultPassword, DefaultPort, DefaultSearchPort, DefaultConfigURL, MaxCameraCount, MaxAudioInCount, MaxAudioOutCount, MaxSensorCount, MaxRelayCount, SupportsAbsolutePosition, SupportsMotionDetection, SupportsControlFrameRate, SupportsControlResolution, MaxPresetCount, SupportsMenu, SupportsPTZ, MaxAuxiliaryCount, SupportsLight, SupportsWiper, MaxPresetTourCount, MaxPatternTourCount, MaxSwingCount, MaxOtherTourCount, MaxStreamCount, SupportDualLiveStream, SingleLiveStreamNo, DivisionLiveStreamNo, SupportVideoAnalysis, SupportPTZSpeed, IsVariableUnitCount, SupportSearchPort, DefaultSetupPort, SupportSetupPort, SupportHardwareAreaZoom) VALUES (316, 313, 65535, 34,  N'admin', N'', 80, 0, N'', 2, 1, 1, 1, 1, 0, 0, 0, 0, 0, 0, 0, 0, 0, 0, 0, 0, 0, 0, 1, 0, 0, 0, 0, 0, 0, 0, 0, 0, 0);
INSERT INTO NetworkDeviceModels (NetworkDeviceModelID, DeviceModelID, DSIDeviceTypeID, DSIDeviceModelID, DefaultLoginName, DefaultPassword, DefaultPort, DefaultSearchPort, DefaultConfigURL, MaxCameraCount, MaxAudioInCount, MaxAudioOutCount, MaxSensorCount, MaxRelayCount, SupportsAbsolutePosition, SupportsMotionDetection, SupportsControlFrameRate, SupportsControlResolution, MaxPresetCount, SupportsMenu, SupportsPTZ, MaxAuxiliaryCount, SupportsLight, SupportsWiper, MaxPresetTourCount, MaxPatternTourCount, MaxSwingCount, MaxOtherTourCount, MaxStreamCount, SupportDualLiveStream, SingleLiveStreamNo, DivisionLiveStreamNo, SupportVideoAnalysis, SupportPTZSpeed, IsVariableUnitCount, SupportSearchPort, DefaultSetupPort, SupportSetupPort, SupportStreamURL, SupportHardwareAreaZoom, SupportClipBackup, ClipBackupPort, SupportHealthCheck, HealthCheckPort) VALUES (317, 314, 52, 1, N'root', N'pass', 1852, 0, N'', 1, 1, 1, 1, 1, 0, 0, 0, 0, 128, 0, 1, 0, 0, 1, 64, 0, 0, 0, 3, 0, 0, 0, 0, 1, 0, 0, 0, 0, 0, 0, 0, 0, 0, 0);
INSERT INTO NetworkDeviceModels (NetworkDeviceModelID, DeviceModelID, DSIDeviceTypeID, DSIDeviceModelID, DefaultLoginName, DefaultPassword, DefaultPort, DefaultSearchPort, DefaultConfigURL, MaxCameraCount, MaxAudioInCount, MaxAudioOutCount, MaxSensorCount, MaxRelayCount, SupportsAbsolutePosition, SupportsMotionDetection, SupportsControlFrameRate, SupportsControlResolution, MaxPresetCount, SupportsMenu, SupportsPTZ, MaxAuxiliaryCount, SupportsLight, SupportsWiper, MaxPresetTourCount, MaxPatternTourCount, MaxSwingCount, MaxOtherTourCount, MaxStreamCount, SupportDualLiveStream, SingleLiveStreamNo, DivisionLiveStreamNo, SupportVideoAnalysis, SupportPTZSpeed, IsVariableUnitCount, SupportSearchPort, DefaultSetupPort, SupportSetupPort, SupportStreamURL, SupportHardwareAreaZoom, SupportClipBackup, ClipBackupPort, SupportHealthCheck, HealthCheckPort) VALUES (318, 315, 52, 1, N'root', N'pass', 1852, 0, N'', 1, 1, 1, 1, 1, 0, 0, 0, 0, 128, 0, 1, 0, 0, 1, 64, 0, 0, 0, 3, 0, 0, 0, 0, 1, 0, 0, 0, 0, 0, 0, 0, 0, 0, 0);
INSERT INTO NetworkDeviceModels (NetworkDeviceModelID, DeviceModelID, DSIDeviceTypeID, DSIDeviceModelID, DefaultLoginName, DefaultPassword, DefaultPort, DefaultSearchPort, DefaultConfigURL, MaxCameraCount, MaxAudioInCount, MaxAudioOutCount, MaxSensorCount, MaxRelayCount, SupportsAbsolutePosition, SupportsMotionDetection, SupportsControlFrameRate, SupportsControlResolution, MaxPresetCount, SupportsMenu, SupportsPTZ, MaxAuxiliaryCount, SupportsLight, SupportsWiper, MaxPresetTourCount, MaxPatternTourCount, MaxSwingCount, MaxOtherTourCount, MaxStreamCount, SupportDualLiveStream, SingleLiveStreamNo, DivisionLiveStreamNo, SupportVideoAnalysis, SupportPTZSpeed, IsVariableUnitCount, SupportSearchPort, DefaultSetupPort, SupportSetupPort, SupportStreamURL, SupportHardwareAreaZoom, SupportClipBackup, ClipBackupPort, SupportHealthCheck, HealthCheckPort) VALUES (319, 316, 65535, 36, N'admin', N'4321', 80, 0, N'', 1, 1, 1, 1, 1, 0, 0, 0, 0, 255, 0, 1, 0, 0, 0, 255, 0, 0, 0, 3, 0, 0, 0, 0, 1, 0, 0, 0, 0, 0, 0, 0, 0, 0, 0);
INSERT INTO NetworkDeviceModels (NetworkDeviceModelID, DeviceModelID, DSIDeviceTypeID, DSIDeviceModelID, DefaultLoginName, DefaultPassword, DefaultPort, DefaultSearchPort, DefaultConfigURL, MaxCameraCount, MaxAudioInCount, MaxAudioOutCount, MaxSensorCount, MaxRelayCount, SupportsAbsolutePosition, SupportsMotionDetection, SupportsControlFrameRate, SupportsControlResolution, MaxPresetCount, SupportsMenu, SupportsPTZ, MaxAuxiliaryCount, SupportsLight, SupportsWiper, MaxPresetTourCount, MaxPatternTourCount, MaxSwingCount, MaxOtherTourCount, MaxStreamCount, SupportDualLiveStream, SingleLiveStreamNo, DivisionLiveStreamNo, SupportVideoAnalysis, SupportPTZSpeed, IsVariableUnitCount, SupportSearchPort, DefaultSetupPort, SupportSetupPort, SupportHardwareAreaZoom) VALUES (320, 317, 65535, 37,  N'root', N'root', 80, 0, N'', 1, 1, 1, 4, 1, 0, 0, 0, 0, 255, 0, 1, 0, 0, 0, 255, 0, 0, 0, 2, 0, 0, 0, 0, 1, 0, 0, 0, 0, 1);
INSERT INTO NetworkDeviceModels (NetworkDeviceModelID, DeviceModelID, DSIDeviceTypeID, DSIDeviceModelID, DefaultLoginName, DefaultPassword, DefaultPort, DefaultSearchPort, DefaultConfigURL, MaxCameraCount, MaxAudioInCount, MaxAudioOutCount, MaxSensorCount, MaxRelayCount, SupportsAbsolutePosition, SupportsMotionDetection, SupportsControlFrameRate, SupportsControlResolution, MaxPresetCount, SupportsMenu, SupportsPTZ, MaxAuxiliaryCount, SupportsLight, SupportsWiper, MaxPresetTourCount, MaxPatternTourCount, MaxSwingCount, MaxOtherTourCount, MaxStreamCount, SupportDualLiveStream, SingleLiveStreamNo, DivisionLiveStreamNo, SupportVideoAnalysis, SupportPTZSpeed, IsVariableUnitCount, SupportSearchPort, DefaultSetupPort, SupportSetupPort, SupportHardwareAreaZoom) VALUES (321, 318, 65535, 38,  N'root', N'root', 80, 0, N'', 1, 1, 1, 4, 1, 0, 0, 0, 0, 255, 0, 1, 0, 0, 0, 255, 0, 0, 0, 2, 0, 0, 0, 0, 1, 0, 0, 0, 0, 1);
INSERT INTO NetworkDeviceModels (NetworkDeviceModelID, DeviceModelID, DSIDeviceTypeID, DSIDeviceModelID, DefaultLoginName, DefaultPassword, DefaultPort, DefaultSearchPort, DefaultConfigURL, MaxCameraCount, MaxAudioInCount, MaxAudioOutCount, MaxSensorCount, MaxRelayCount, SupportsAbsolutePosition, SupportsMotionDetection, SupportsControlFrameRate, SupportsControlResolution, MaxPresetCount, SupportsMenu, SupportsPTZ, MaxAuxiliaryCount, SupportsLight, SupportsWiper, MaxPresetTourCount, MaxPatternTourCount, MaxSwingCount, MaxOtherTourCount, MaxStreamCount, SupportDualLiveStream, SingleLiveStreamNo, DivisionLiveStreamNo, SupportVideoAnalysis, SupportPTZSpeed, IsVariableUnitCount, SupportSearchPort, DefaultSetupPort, SupportSetupPort, SupportStreamURL, SupportHardwareAreaZoom, SupportClipBackup, ClipBackupPort, SupportHealthCheck, HealthCheckPort) VALUES (322, 319, 4116, 4097, N'admin', N'admin', 80, 0, N'', 1, 1, 1, 1, 1, 0, 1, 0, 0, 255, 0, 1, 0, 0, 0, 255, 0, 0, 0, 2, 1, 0, 0, 0, 1, 0, 0, 0, 0, 0, 0, 0, 0, 0, 0);
INSERT INTO NetworkDeviceModels (NetworkDeviceModelID, DeviceModelID, DSIDeviceTypeID, DSIDeviceModelID, DefaultLoginName, DefaultPassword, DefaultPort, DefaultSearchPort, DefaultConfigURL, MaxCameraCount, MaxAudioInCount, MaxAudioOutCount, MaxSensorCount, MaxRelayCount, SupportsAbsolutePosition, SupportsMotionDetection, SupportsControlFrameRate, SupportsControlResolution, MaxPresetCount, SupportsMenu, SupportsPTZ, MaxAuxiliaryCount, SupportsLight, SupportsWiper, MaxPresetTourCount, MaxPatternTourCount, MaxSwingCount, MaxOtherTourCount, MaxStreamCount, SupportDualLiveStream, SingleLiveStreamNo, DivisionLiveStreamNo, SupportVideoAnalysis, SupportPTZSpeed, IsVariableUnitCount, SupportSearchPort, DefaultSetupPort, SupportSetupPort, SupportStreamURL, SupportHardwareAreaZoom, SupportClipBackup, ClipBackupPort, SupportHealthCheck, HealthCheckPort) VALUES (323, 320, 65535, 39, N'root', N'', 80, 0, N'', 1, 1, 1, 1, 1, 0, 0, 0, 0, 255, 0, 1, 0, 0, 0, 255, 0, 0, 0, 1, 0, 0, 0, 0, 1, 0, 0, 0, 0, 0, 1, 0, 0, 0, 0);
INSERT INTO NetworkDeviceModels (NetworkDeviceModelID, DeviceModelID, DSIDeviceTypeID, DSIDeviceModelID, DefaultLoginName, DefaultPassword, DefaultPort, DefaultSearchPort, DefaultConfigURL, MaxCameraCount, MaxAudioInCount, MaxAudioOutCount, MaxSensorCount, MaxRelayCount, SupportsAbsolutePosition, SupportsMotionDetection, SupportsControlFrameRate, SupportsControlResolution, MaxPresetCount, SupportsMenu, SupportsPTZ, MaxAuxiliaryCount, SupportsLight, SupportsWiper, MaxPresetTourCount, MaxPatternTourCount, MaxSwingCount, MaxOtherTourCount, MaxStreamCount, SupportDualLiveStream, SingleLiveStreamNo, DivisionLiveStreamNo, SupportVideoAnalysis, SupportPTZSpeed, IsVariableUnitCount, SupportSearchPort, DefaultSetupPort, SupportSetupPort, SupportHardwareAreaZoom) VALUES (324, 321, 65535, 18, N'admin', N'', 80, 0, N'', 1, 1, 1, 2, 2, 0, 0, 0, 0, 255, 0, 1, 0, 0, 0, 255, 0, 0, 0, 2, 0, 0, 0, 0, 1, 0, 0, 0, 0, 0);
INSERT INTO NetworkDeviceModels (NetworkDeviceModelID, DeviceModelID, DSIDeviceTypeID, DSIDeviceModelID, DefaultLoginName, DefaultPassword, DefaultPort, DefaultSearchPort, DefaultConfigURL, MaxCameraCount, MaxAudioInCount, MaxAudioOutCount, MaxSensorCount, MaxRelayCount, SupportsAbsolutePosition, SupportsMotionDetection, SupportsControlFrameRate, SupportsControlResolution, MaxPresetCount, SupportsMenu, SupportsPTZ, MaxAuxiliaryCount, SupportsLight, SupportsWiper, MaxPresetTourCount, MaxPatternTourCount, MaxSwingCount, MaxOtherTourCount, MaxStreamCount, SupportDualLiveStream, SingleLiveStreamNo, DivisionLiveStreamNo, SupportVideoAnalysis, SupportPTZSpeed, IsVariableUnitCount, SupportSearchPort, DefaultSetupPort, SupportSetupPort, SupportStreamURL, SupportHardwareAreaZoom, SupportClipBackup, ClipBackupPort, SupportHealthCheck, HealthCheckPort) VALUES (325, 322, 65535, 40, N'admin', N'admin', 80, 0, N'', 1, 0, 0, 0, 0, 0, 0, 0, 0, 0, 0, 1, 0, 0, 0, 255, 0, 0, 0, 0, 0, 0, 0, 0, 0, 0, 0, 0, 0, 0, 0, 0, 0, 0, 0);
INSERT INTO NetworkDeviceModels (NetworkDeviceModelID, DeviceModelID, DSIDeviceTypeID, DSIDeviceModelID, DefaultLoginName, DefaultPassword, DefaultPort, DefaultSearchPort, DefaultConfigURL, MaxCameraCount, MaxAudioInCount, MaxAudioOutCount, MaxSensorCount, MaxRelayCount, SupportsAbsolutePosition, SupportsMotionDetection, SupportsControlFrameRate, SupportsControlResolution, MaxPresetCount, SupportsMenu, SupportsPTZ, MaxAuxiliaryCount, SupportsLight, SupportsWiper, MaxPresetTourCount, MaxPatternTourCount, MaxSwingCount, MaxOtherTourCount, MaxStreamCount, SupportDualLiveStream, SingleLiveStreamNo, DivisionLiveStreamNo, SupportVideoAnalysis, SupportPTZSpeed, IsVariableUnitCount, SupportSearchPort, DefaultSetupPort, SupportSetupPort, SupportStreamURL, SupportHardwareAreaZoom, SupportClipBackup, ClipBackupPort, SupportHealthCheck, HealthCheckPort) VALUES (326, 323, 4320, 4097, N'administrator', N'', 38880, 38880, N'', 1, 1, 1, 1, 1, 0, 1, 0, 0, 0, 0, 1, 0, 0, 0, 0, 0, 0, 0, 1, 0, 0, 0, 0, 1, 0, 0, 0, 0, 0, 0, 0, 0, 0, 0);
GO


/****** Table: Permissions   ******/
INSERT INTO Permissions (PermissionID, Name, DisplayNameResID, DescriptionResID, PermissionStyle, PermissionType, DefaultPrivLevel, IsListPermission, IsEditableByDefault) VALUES (1, N'Search', 60001, 61001, 0, 0, 0, 1, 1);
INSERT INTO Permissions (PermissionID, Name, DisplayNameResID, DescriptionResID, PermissionStyle, PermissionType, DefaultPrivLevel, IsListPermission, IsEditableByDefault) VALUES (2, N'ViewAlarms', 60002, 61002, 0, 0, 0, 1, 1);
INSERT INTO Permissions (PermissionID, Name, DisplayNameResID, DescriptionResID, PermissionStyle, PermissionType, DefaultPrivLevel, IsListPermission, IsEditableByDefault) VALUES (3, N'EditAlarms', 60003, 61003, 0, 0, 0, 1, 1);
INSERT INTO Permissions (PermissionID, Name, DisplayNameResID, DescriptionResID, PermissionStyle, PermissionType, DefaultPrivLevel, IsListPermission, IsEditableByDefault) VALUES (4, N'ViewMaps', 60004, 61004, 0, 0, 0, 1, 1);
INSERT INTO Permissions (PermissionID, Name, DisplayNameResID, DescriptionResID, PermissionStyle, PermissionType, DefaultPrivLevel, IsListPermission, IsEditableByDefault) VALUES (5, N'ConfigManager', 60005, 61005, 0, 0, 0, 0, 0);
INSERT INTO Permissions (PermissionID, Name, DisplayNameResID, DescriptionResID, PermissionStyle, PermissionType, DefaultPrivLevel, IsListPermission, IsEditableByDefault) VALUES (6, N'AdminTool', 60006, 61006, 0, 0, 0, 1, 1);
INSERT INTO Permissions (PermissionID, Name, DisplayNameResID, DescriptionResID, PermissionStyle, PermissionType, DefaultPrivLevel, IsListPermission, IsEditableByDefault) VALUES (7, N'ModifyLayouts', 60007, 61007, 0, 0, 0, 1, 1);
INSERT INTO Permissions (PermissionID, Name, DisplayNameResID, DescriptionResID, PermissionStyle, PermissionType, DefaultPrivLevel, IsListPermission, IsEditableByDefault) VALUES (8, N'AccessSite', 60008, 61008, 0, 1, 1, 0, 0);
INSERT INTO Permissions (PermissionID, Name, DisplayNameResID, DescriptionResID, PermissionStyle, PermissionType, DefaultPrivLevel, IsListPermission, IsEditableByDefault) VALUES (9, N'PTZLockAccessLevel', 60009, 61009, 1, 1, 5, 1, 0);
INSERT INTO Permissions (PermissionID, Name, DisplayNameResID, DescriptionResID, PermissionStyle, PermissionType, DefaultPrivLevel, IsListPermission, IsEditableByDefault) VALUES (10, N'InstantRecordingAccessLevel', 60010, 61010, 1, 1, 5, 1, 0);
INSERT INTO Permissions (PermissionID, Name, DisplayNameResID, DescriptionResID, PermissionStyle, PermissionType, DefaultPrivLevel, IsListPermission, IsEditableByDefault) VALUES (11, N'AccessDevice', 60011, 61011, 0, 2, 1, 0, 0);
INSERT INTO Permissions (PermissionID, Name, DisplayNameResID, DescriptionResID, PermissionStyle, PermissionType, DefaultPrivLevel, IsListPermission, IsEditableByDefault) VALUES (12, N'PTZControl', 60012, 61012, 0, 2, 0, 1, 1);
INSERT INTO Permissions (PermissionID, Name, DisplayNameResID, DescriptionResID, PermissionStyle, PermissionType, DefaultPrivLevel, IsListPermission, IsEditableByDefault) VALUES (13, N'PTZExclusiveLock', 60013, 61013, 0, 2, 0, 1, 1);
INSERT INTO Permissions (PermissionID, Name, DisplayNameResID, DescriptionResID, PermissionStyle, PermissionType, DefaultPrivLevel, IsListPermission, IsEditableByDefault) VALUES (14, N'InstantRecording', 60014, 61014, 0, 2, 0, 1, 1);
INSERT INTO Permissions (PermissionID, Name, DisplayNameResID, DescriptionResID, PermissionStyle, PermissionType, DefaultPrivLevel, IsListPermission, IsEditableByDefault) VALUES (15, N'ExportVideo', 60015, 61015, 0, 2, 0, 1, 1);
INSERT INTO Permissions (PermissionID, Name, DisplayNameResID, DescriptionResID, PermissionStyle, PermissionType, DefaultPrivLevel, IsListPermission, IsEditableByDefault) VALUES (16, N'PrintImages', 60016, 61016, 0, 2, 0, 1, 1);
INSERT INTO Permissions (PermissionID, Name, DisplayNameResID, DescriptionResID, PermissionStyle, PermissionType, DefaultPrivLevel, IsListPermission, IsEditableByDefault) VALUES (17, N'AccessMacro', 60017, 61017, 2, 3, 0, 0, 0);
INSERT INTO Permissions (PermissionID, Name, DisplayNameResID, DescriptionResID, PermissionStyle, PermissionType, DefaultPrivLevel, IsListPermission, IsEditableByDefault) VALUES (18, N'Recognition', 60018, 61018, 0, 0, 0, 1, 1);
INSERT INTO Permissions (PermissionID, Name, DisplayNameResID, DescriptionResID, PermissionStyle, PermissionType, DefaultPrivLevel, IsListPermission, IsEditableByDefault) VALUES (19, N'ViewLayout', 60019, 61019, 0, 4, 1, 0, 0);
INSERT INTO Permissions (PermissionID, Name, DisplayNameResID, DescriptionResID, PermissionStyle, PermissionType, DefaultPrivLevel, IsListPermission, IsEditableByDefault) VALUES (20, N'ModifyPresets', 60020, 61020, 0, 0, 0, 1, 1);
INSERT INTO Permissions (PermissionID, Name, DisplayNameResID, DescriptionResID, PermissionStyle, PermissionType, DefaultPrivLevel, IsListPermission, IsEditableByDefault) VALUES (21, N'EndPointLogin', 60021, 61021, 0, 5, 0, 0, 0);
INSERT INTO Permissions (PermissionID, Name, DisplayNameResID, DescriptionResID, PermissionStyle, PermissionType, DefaultPrivLevel, IsListPermission, IsEditableByDefault) VALUES (22, N'ExportImage', 60022, 61022, 0, 2, 0, 1, 1);
INSERT INTO Permissions (PermissionID, Name, DisplayNameResID, DescriptionResID, PermissionStyle, PermissionType, DefaultPrivLevel, IsListPermission, IsEditableByDefault) VALUES (23, N'ChangeExportExpirationDate', 60023, 61023, 0, 0, 0, 1, 1);
INSERT INTO Permissions (PermissionID, Name, DisplayNameResID, DescriptionResID, PermissionStyle, PermissionType, DefaultPrivLevel, IsListPermission, IsEditableByDefault) VALUES (24, N'RestartNetworkDevice', 60024, 61024, 2, 0, 0, 1, 1);
INSERT INTO Permissions (PermissionID, Name, DisplayNameResID, DescriptionResID, PermissionStyle, PermissionType, DefaultPrivLevel, IsListPermission, IsEditableByDefault) VALUES (25, N'ReconnectNetworkDevice', 60025, 61025, 2, 0, 0, 1, 1);
INSERT INTO Permissions (PermissionID, Name, DisplayNameResID, DescriptionResID, PermissionStyle, PermissionType, DefaultPrivLevel, IsListPermission, IsEditableByDefault) VALUES (26, N'DefaultAccessSite', 60026, 61026, 0, 0, 1, 0, 0);
INSERT INTO Permissions (PermissionID, Name, DisplayNameResID, DescriptionResID, PermissionStyle, PermissionType, DefaultPrivLevel, IsListPermission, IsEditableByDefault) VALUES (27, N'DefaultAccessDevice', 60027, 61027, 0, 0, 1, 0, 0);
INSERT INTO Permissions (PermissionID, Name, DisplayNameResID, DescriptionResID, PermissionStyle, PermissionType, DefaultPrivLevel, IsListPermission, IsEditableByDefault) VALUES (28, N'ExportViewImage', 60028, 61028, 0, 0, 0, 1, 1);
GO

/****** Table: RecognitionStates   ******/
INSERT INTO RecognitionStates (RecognitionStateID, RecognitionStateNameResID, IsDeleted) VALUES (1, 101001, 0);
INSERT INTO RecognitionStates (RecognitionStateID, RecognitionStateNameResID, IsDeleted) VALUES (2, 101002, 0);
INSERT INTO RecognitionStates (RecognitionStateID, RecognitionStateNameResID, IsDeleted) VALUES (3, 101003, 0);
INSERT INTO RecognitionStates (RecognitionStateID, RecognitionStateNameResID, IsDeleted) VALUES (4, 101004, 0);
INSERT INTO RecognitionStates (RecognitionStateID, RecognitionStateNameResID, IsDeleted) VALUES (5, 101005, 0);
INSERT INTO RecognitionStates (RecognitionStateID, RecognitionStateNameResID, IsDeleted) VALUES (6, 101006, 0);
GO

/****** Table: Resolutions   ******/
SET IDENTITY_INSERT [Resolutions] ON;
INSERT INTO Resolutions (ResolutionID, DisplayName, ResolutionWidth, ResolutionHeight) VALUES (1, N'320x240', 320, 240);
INSERT INTO Resolutions (ResolutionID, DisplayName, ResolutionWidth, ResolutionHeight) VALUES (2, N'640x480', 640, 480);
SET IDENTITY_INSERT [Resolutions] OFF;
GO

/****** Table: Resources   ******/
INSERT INTO Resources (ResourceID, Description) VALUES (1001, N'Camera (Action Group)');
INSERT INTO Resources (ResourceID, Description) VALUES (1002, N'Recording (Action Group)');
INSERT INTO Resources (ResourceID, Description) VALUES (1003, N'Relay (Action Group)');
INSERT INTO Resources (ResourceID, Description) VALUES (1004, N'System (Action Group)');
INSERT INTO Resources (ResourceID, Description) VALUES (1101, N'Camera (Event Group)');
INSERT INTO Resources (ResourceID, Description) VALUES (1102, N'Network Device (Event Group)');
INSERT INTO Resources (ResourceID, Description) VALUES (1103, N'Recording (Event Group)');
INSERT INTO Resources (ResourceID, Description) VALUES (1104, N'Relay (Event Group)');
INSERT INTO Resources (ResourceID, Description) VALUES (1105, N'Sensor (Event Group)');
INSERT INTO Resources (ResourceID, Description) VALUES (1106, N'System (Event Group)');
INSERT INTO Resources (ResourceID, Description) VALUES (1107, N'User (Event Group)');
INSERT INTO Resources (ResourceID, Description) VALUES (1108, N'Watchdog (Event Group)');
INSERT INTO Resources (ResourceID, Description) VALUES (1109, N'Schedule (Event Group)');
INSERT INTO Resources (ResourceID, Description) VALUES (1110, N'Metadata (Event Group)');
INSERT INTO Resources (ResourceID, Description) VALUES (1111, N'Security (Event Group)');
INSERT INTO Resources (ResourceID, Description) VALUES (1112, N'Video Analysis (Event Group)');
INSERT INTO Resources (ResourceID, Description) VALUES (1113, N'Setup (Event Group)');
INSERT INTO Resources (ResourceID, Description) VALUES (1114, N'Recognition Server (Event Group)');
INSERT INTO Resources (ResourceID, Description) VALUES (1115, N'Interop Server (Event Group)');
INSERT INTO Resources (ResourceID, Description) VALUES (2001, N'Camera Device Type');
INSERT INTO Resources (ResourceID, Description) VALUES (2002, N'PTZ Camera Device Type');
INSERT INTO Resources (ResourceID, Description) VALUES (2003, N'Encoder Device Type');
INSERT INTO Resources (ResourceID, Description) VALUES (2004, N'DVR Device Type');
INSERT INTO Resources (ResourceID, Description) VALUES (2005, N'Sensor Device Type');
INSERT INTO Resources (ResourceID, Description) VALUES (2006, N'Relay Device Type');
INSERT INTO Resources (ResourceID, Description) VALUES (2007, N'Dome Camera Device Type');
INSERT INTO Resources (ResourceID, Description) VALUES (2008, N'Dome Camera with PTZ Device Type');
INSERT INTO Resources (ResourceID, Description) VALUES (2009, N'Audio In Device Type');
INSERT INTO Resources (ResourceID, Description) VALUES (2010, N'Audio Out Device Type');
INSERT INTO Resources (ResourceID, Description) VALUES (2011, N'AVR Device Type');
INSERT INTO Resources (ResourceID, Description) VALUES (2012, N'Tracking Group Type');
INSERT INTO Resources (ResourceID, Description) VALUES (2013, N'Digital Board Type');
INSERT INTO Resources (ResourceID, Description) VALUES (2014, N'Movable Device');
INSERT INTO Resources (ResourceID, Description) VALUES (10101, N'PTZ Go to Preset (Action Type)');
INSERT INTO Resources (ResourceID, Description) VALUES (10102, N'PTZ Start Tour (Action Type)');
INSERT INTO Resources (ResourceID, Description) VALUES (10103, N'PTZ Stop Tour (Action Type)');
INSERT INTO Resources (ResourceID, Description) VALUES (10104, N'PTZ Light On (Action Type)');
INSERT INTO Resources (ResourceID, Description) VALUES (10105, N'PTZ Light Off (Action Type)');
INSERT INTO Resources (ResourceID, Description) VALUES (10106, N'PTZ Wiper On (Action Type)');
INSERT INTO Resources (ResourceID, Description) VALUES (10107, N'PTZ Wiper Off (Action Type)');
INSERT INTO Resources (ResourceID, Description) VALUES (10108, N'PTZ Aux On (Action Type)');
INSERT INTO Resources (ResourceID, Description) VALUES (10109, N'PTZ Aux Off (Action Type)');
INSERT INTO Resources (ResourceID, Description) VALUES (10110, N'Remote IPS Control (Action Type)');
INSERT INTO Resources (ResourceID, Description) VALUES (10201, N'Start Recording (Action Type)');
INSERT INTO Resources (ResourceID, Description) VALUES (10202, N'Stop Recording (Action Type)');
INSERT INTO Resources (ResourceID, Description) VALUES (10203, N'Start Instant Recording (Action Type)');
INSERT INTO Resources (ResourceID, Description) VALUES (10204, N'Stop Instant Recording (Action Type)');
INSERT INTO Resources (ResourceID, Description) VALUES (10301, N'Relay On (Action Type)');
INSERT INTO Resources (ResourceID, Description) VALUES (10302, N'Relay Off (Action Type)');
INSERT INTO Resources (ResourceID, Description) VALUES (10401, N'Trigger Alarm (Action Type)');
INSERT INTO Resources (ResourceID, Description) VALUES (10402, N'Trigger Macro (Action Type)');
INSERT INTO Resources (ResourceID, Description) VALUES (10403, N'Send Message (Action Type)');
INSERT INTO Resources (ResourceID, Description) VALUES (10404, N'Send Mail (Action Type)');
INSERT INTO Resources (ResourceID, Description) VALUES (10405, N'Send Alarm Mail (Action Type)');
INSERT INTO Resources (ResourceID, Description) VALUES (10406, N'Restart Server (Action Type)');
INSERT INTO Resources (ResourceID, Description) VALUES (10407, N'Restart Service (Action Type)');
INSERT INTO Resources (ResourceID, Description) VALUES (10408, N'Play Sound to Device (Action Type)');
INSERT INTO Resources (ResourceID, Description) VALUES (10409, N'Play Sound to Server (Action Type)');
INSERT INTO Resources (ResourceID, Description) VALUES (10410, N'Play Sound to User (Action Type)');
INSERT INTO Resources (ResourceID, Description) VALUES (10411, N'Assign Alarm (Action Type)');
INSERT INTO Resources (ResourceID, Description) VALUES (10412, N'Send SMS (Action Type)');
INSERT INTO Resources (ResourceID, Description) VALUES (20101, N'Motion Detected (Event Type)');
INSERT INTO Resources (ResourceID, Description) VALUES (20102, N'PTZ Tour Started (Event Type)');
INSERT INTO Resources (ResourceID, Description) VALUES (20103, N'PTZ Tour Stopped (Event Type)');
INSERT INTO Resources (ResourceID, Description) VALUES (20104, N'PTZ Preset Moved (Event Type)');
INSERT INTO Resources (ResourceID, Description) VALUES (20105, N'PTZ Light On (Event Type)');
INSERT INTO Resources (ResourceID, Description) VALUES (20106, N'PTZ Light Off (Event Type)');
INSERT INTO Resources (ResourceID, Description) VALUES (20107, N'PTZ Wiper On (Event Type)');
INSERT INTO Resources (ResourceID, Description) VALUES (20108, N'PTZ Wiper Off (Event Type)');
INSERT INTO Resources (ResourceID, Description) VALUES (20109, N'PTZ Lock Acquired (Event Type)');
INSERT INTO Resources (ResourceID, Description) VALUES (20110, N'PTZ Lock Released (Event Type)');
INSERT INTO Resources (ResourceID, Description) VALUES (20111, N'PTZ Action Record (Event Type)');
INSERT INTO Resources (ResourceID, Description) VALUES (20120, N'VA Object Presense (Event Type)');
INSERT INTO Resources (ResourceID, Description) VALUES (20121, N'VA Object Entered (Event Type)');
INSERT INTO Resources (ResourceID, Description) VALUES (20122, N'VA Object Exited (Event Type)');
INSERT INTO Resources (ResourceID, Description) VALUES (20123, N'VA Object Appear (Event Type)');
INSERT INTO Resources (ResourceID, Description) VALUES (20124, N'VA Object Disappear (Event Type)');
INSERT INTO Resources (ResourceID, Description) VALUES (20125, N'VA Object Stopped (Event Type)');
INSERT INTO Resources (ResourceID, Description) VALUES (20126, N'VA Dwell (Event Type)');
INSERT INTO Resources (ResourceID, Description) VALUES (20127, N'VA Direction Violation (Event Type)');
INSERT INTO Resources (ResourceID, Description) VALUES (20128, N'VA Speed Violation (Event Type)');
INSERT INTO Resources (ResourceID, Description) VALUES (20129, N'VA Tailgating (Event Type)');
INSERT INTO Resources (ResourceID, Description) VALUES (20130, N'VA Camera Tamper (Event Type)');
INSERT INTO Resources (ResourceID, Description) VALUES (20131, N'VA Smoke (Event Type)');
INSERT INTO Resources (ResourceID, Description) VALUES (20132, N'VA Fire (Event Type)');
INSERT INTO Resources (ResourceID, Description) VALUES (20133, N'VA Crashing (Event Type)');
INSERT INTO Resources (ResourceID, Description) VALUES (20134, N'VA Falling (Event Type)');
INSERT INTO Resources (ResourceID, Description) VALUES (20135, N'VA Fighting (Event Type)');
INSERT INTO Resources (ResourceID, Description) VALUES (20136, N'VA Crowding (Event Type)');
INSERT INTO Resources (ResourceID, Description) VALUES (20137, N'VA Abandoned (Event Type)');
INSERT INTO Resources (ResourceID, Description) VALUES (20138, N'VA Avandoned/Removed (Event Type)');
INSERT INTO Resources (ResourceID, Description) VALUES (20139, N'VA Color (Event Type)');
INSERT INTO Resources (ResourceID, Description) VALUES (20140, N'Traffic Jaywalk (Event Type)');
INSERT INTO Resources (ResourceID, Description) VALUES (20141, N'Traffic Flow Congest (Event Type)');
INSERT INTO Resources (ResourceID, Description) VALUES (20142, N'Traffic Delays (Event Type)');
INSERT INTO Resources (ResourceID, Description) VALUES (20143, N'Traffic Slow (Event Type)');
INSERT INTO Resources (ResourceID, Description) VALUES (20144, N'Traffic Flow Smooth (Event Type)');
INSERT INTO Resources (ResourceID, Description) VALUES (20145, N'Traffic None Information (Event Type)');
INSERT INTO Resources (ResourceID, Description) VALUES (20146, N'LPR Detection (Event Type)');
INSERT INTO Resources (ResourceID, Description) VALUES (20147, N'Getaway Car (Event Type)');
INSERT INTO Resources (ResourceID, Description) VALUES (20148, N'Remote IPS Control (Event Type)');
INSERT INTO Resources (ResourceID, Description) VALUES (20149, N'Water Level (Event Type)');
INSERT INTO Resources (ResourceID, Description) VALUES (20150, N'Door Forced Open (Event Type)');
INSERT INTO Resources (ResourceID, Description) VALUES (20151, N'Door Continued Open (Event Type)');
INSERT INTO Resources (ResourceID, Description) VALUES (20152, N'Electric Leakage (Event Type)');
INSERT INTO Resources (ResourceID, Description) VALUES (20171, N'VA Line Counter Direction IN (Event Type)');
INSERT INTO Resources (ResourceID, Description) VALUES (20172, N'VA Line Counter Direction OUT (Event Type)');
INSERT INTO Resources (ResourceID, Description) VALUES (20201, N'Device Connection OK (Event Type)');
INSERT INTO Resources (ResourceID, Description) VALUES (20202, N'Device Connection Loss (Event Type)');
INSERT INTO Resources (ResourceID, Description) VALUES (20203, N'Device Connection Warning (Event Type)');
INSERT INTO Resources (ResourceID, Description) VALUES (20204, N'Device Signal Loss (Event Type)');
INSERT INTO Resources (ResourceID, Description) VALUES (20205, N'Device Signal OK (Event Type)');
INSERT INTO Resources (ResourceID, Description) VALUES (20206, N'Device Signal Warning (Event Type)');
INSERT INTO Resources (ResourceID, Description) VALUES (20301, N'Storage Write Fail (Event Type)');
INSERT INTO Resources (ResourceID, Description) VALUES (20302, N'Recording Drive Unplugged (Event Type)');
INSERT INTO Resources (ResourceID, Description) VALUES (20303, N'Recording Drive Recovered (Event Type)');
INSERT INTO Resources (ResourceID, Description) VALUES (20304, N'Schedule Recording Started (Event Type)');
INSERT INTO Resources (ResourceID, Description) VALUES (20305, N'Schedule Recording Stopped (Event Type)');
INSERT INTO Resources (ResourceID, Description) VALUES (20306, N'Instant Recording Started (Event Type)');
INSERT INTO Resources (ResourceID, Description) VALUES (20307, N'Instant Recording Stopped (Event Type)');
INSERT INTO Resources (ResourceID, Description) VALUES (20308, N'Recording Folder Removed (Event Type)');
INSERT INTO Resources (ResourceID, Description) VALUES (20309, N'Recording Folder Created (Event Type)');
INSERT INTO Resources (ResourceID, Description) VALUES (20310, N'Recording File Deleted (Event Type)');
INSERT INTO Resources (ResourceID, Description) VALUES (20311, N'Recording File Added (Event Type)');
INSERT INTO Resources (ResourceID, Description) VALUES (20312, N'Recording Space Is Low (Event Type)');
INSERT INTO Resources (ResourceID, Description) VALUES (20313, N'Recording Signal Loss (Event Type)');
INSERT INTO Resources (ResourceID, Description) VALUES (20314, N'Recording Signal OK (Event Type)');
INSERT INTO Resources (ResourceID, Description) VALUES (20401, N'Relay On (Event Type)');
INSERT INTO Resources (ResourceID, Description) VALUES (20402, N'Relay Off (Event Type)');
INSERT INTO Resources (ResourceID, Description) VALUES (20501, N'Sensor Ack (Event Type)');
INSERT INTO Resources (ResourceID, Description) VALUES (20601, N'Undefined (Event Type)');
INSERT INTO Resources (ResourceID, Description) VALUES (20602, N'Backup Started (Event Type)');
INSERT INTO Resources (ResourceID, Description) VALUES (20603, N'Backup Stopped (Event Type)');
INSERT INTO Resources (ResourceID, Description) VALUES (20604, N'Backup Failed (Event Type)');
INSERT INTO Resources (ResourceID, Description) VALUES (20605, N'Remote Backup Started (Event Type)');
INSERT INTO Resources (ResourceID, Description) VALUES (20606, N'Remote Backup Stopped (Event Type)');
INSERT INTO Resources (ResourceID, Description) VALUES (20607, N'Remote Backup Failed (Event Type)');
INSERT INTO Resources (ResourceID, Description) VALUES (20608, N'Remote Backup Canceled (Event Type)');
INSERT INTO Resources (ResourceID, Description) VALUES (20609, N'Database Connection Lost (Event Type)');
INSERT INTO Resources (ResourceID, Description) VALUES (20610, N'Database Connection Recovered (Event Type)');
INSERT INTO Resources (ResourceID, Description) VALUES (20611, N'Database Space Full (Event Type)');
INSERT INTO Resources (ResourceID, Description) VALUES (20612, N'Server Connected (Event Type)');
INSERT INTO Resources (ResourceID, Description) VALUES (20613, N'Server Disconnected (Event Type)');
INSERT INTO Resources (ResourceID, Description) VALUES (20614, N'Configuration Changed (Event Type)');
INSERT INTO Resources (ResourceID, Description) VALUES (20615, N'Alarm Triggered (Event Type)');
INSERT INTO Resources (ResourceID, Description) VALUES (20616, N'Error Writing Application Log (Event Type)');
INSERT INTO Resources (ResourceID, Description) VALUES (20617, N'Search Module Record (Event Type)');
INSERT INTO Resources (ResourceID, Description) VALUES (20618, N'Resource Exhaustion Detector (Event Type)');
INSERT INTO Resources (ResourceID, Description) VALUES (20701, N'Data Exported (Event Type)');
INSERT INTO Resources (ResourceID, Description) VALUES (20702, N'Data Printed (Event Type)');
INSERT INTO Resources (ResourceID, Description) VALUES (20703, N'Data Sent To Mail (Event Type)');
INSERT INTO Resources (ResourceID, Description) VALUES (20704, N'User Logged In (Event Type)');
INSERT INTO Resources (ResourceID, Description) VALUES (20705, N'User Logged Off (Event Type)');
INSERT INTO Resources (ResourceID, Description) VALUES (20706, N'User Access Denied (Event Type)');
INSERT INTO Resources (ResourceID, Description) VALUES (20707, N'Device Login Failed (Event Type)');
INSERT INTO Resources (ResourceID, Description) VALUES (20708, N'Device Login Succeed (Event Type)');
INSERT INTO Resources (ResourceID, Description) VALUES (20709, N'Device Logged Off (Event Type)');
INSERT INTO Resources (ResourceID, Description) VALUES (20710, N'Device Setup Started (Event Type)');
INSERT INTO Resources (ResourceID, Description) VALUES (20711, N'Device Setup Ended (Event Type)');
INSERT INTO Resources (ResourceID, Description) VALUES (20712, N'Device Search Started (Event Type)');
INSERT INTO Resources (ResourceID, Description) VALUES (20713, N'Device Search Ended (Event Type)');
INSERT INTO Resources (ResourceID, Description) VALUES (20714, N'Device Backup Executed (Event Type)');
INSERT INTO Resources (ResourceID, Description) VALUES (20715, N'Device Live Started (Event Type)');
INSERT INTO Resources (ResourceID, Description) VALUES (20716, N'Device Live Ended (Event Type)');
INSERT INTO Resources (ResourceID, Description) VALUES (20717, N'Master Password Created (Event Type)');
INSERT INTO Resources (ResourceID, Description) VALUES (20801, N'High CPU (Event Type)');
INSERT INTO Resources (ResourceID, Description) VALUES (20802, N'CPU OK (Event Type)');
INSERT INTO Resources (ResourceID, Description) VALUES (20803, N'High Network Utilization (Event Type)');
INSERT INTO Resources (ResourceID, Description) VALUES (20804, N'Network OK (Event Type)');
INSERT INTO Resources (ResourceID, Description) VALUES (20901, N'Schedule Rise (Event Type)');
INSERT INTO Resources (ResourceID, Description) VALUES (20902, N'Schedule Fall (Event Type)');
INSERT INTO Resources (ResourceID, Description) VALUES (21001, N'Metadata Received (Event Type)');
INSERT INTO Resources (ResourceID, Description) VALUES (21101, N'USB Inserted (Event Type)');
INSERT INTO Resources (ResourceID, Description) VALUES (21102, N'USB Removed (Event Type)');
INSERT INTO Resources (ResourceID, Description) VALUES (21103, N'TCP Connected (Event Type)');
INSERT INTO Resources (ResourceID, Description) VALUES (21104, N'TCP Disconnected (Event Type)');
INSERT INTO Resources (ResourceID, Description) VALUES (21301, N'User Added (Event Type)');
INSERT INTO Resources (ResourceID, Description) VALUES (21302, N'User Deleted (Event Type)');
INSERT INTO Resources (ResourceID, Description) VALUES (21303, N'User Changed (Event Type)');
INSERT INTO Resources (ResourceID, Description) VALUES (21304, N'Device Added (Event Type)');
INSERT INTO Resources (ResourceID, Description) VALUES (21305, N'Device Deleted (Event Type)');
INSERT INTO Resources (ResourceID, Description) VALUES (21401, N'LPR Server Server Detected (Event Type)');
INSERT INTO Resources (ResourceID, Description) VALUES (21402, N'Face Recognition Detected (Event Type)');
INSERT INTO Resources (ResourceID, Description) VALUES (21501, N'Request Mobile Alarm (Event Type)');
INSERT INTO Resources (ResourceID, Description) VALUES (21502, N'Completed Mobile Alarm (Event Type)');
INSERT INTO Resources (ResourceID, Description) VALUES (21503, N'Mobile Emergency Notification (Event Type)');
INSERT INTO Resources (ResourceID, Description) VALUES (21504, N'Mobile Request Search Video (Event Type)');
INSERT INTO Resources (ResourceID, Description) VALUES (50001, N'English');
INSERT INTO Resources (ResourceID, Description) VALUES (50002, N'Korean');
INSERT INTO Resources (ResourceID, Description) VALUES (50003, N'Russian');
INSERT INTO Resources (ResourceID, Description) VALUES (50004, N'Turkmence');
INSERT INTO Resources (ResourceID, Description) VALUES (50005, N'Japanese');
INSERT INTO Resources (ResourceID, Description) VALUES (60001, N'System_Search_DisplayName');
INSERT INTO Resources (ResourceID, Description) VALUES (60002, N'System_ViewAlarms_DisplayName');
INSERT INTO Resources (ResourceID, Description) VALUES (60003, N'System_EditAlarms_DisplayName');
INSERT INTO Resources (ResourceID, Description) VALUES (60004, N'System_ViewMaps_DisplayName');
INSERT INTO Resources (ResourceID, Description) VALUES (60005, N'System_ConfigManager_DisplayName');
INSERT INTO Resources (ResourceID, Description) VALUES (60006, N'System_AdminTool_DisplayName');
INSERT INTO Resources (ResourceID, Description) VALUES (60007, N'System_ModifyLayouts_DisplayName');
INSERT INTO Resources (ResourceID, Description) VALUES (60008, N'Site_AccessSite_DisplayName');
INSERT INTO Resources (ResourceID, Description) VALUES (60009, N'Site_PTZLockAccessLevel_DisplayName');
INSERT INTO Resources (ResourceID, Description) VALUES (60010, N'Site_InstantRecordingAccessLevel_DisplayName');
INSERT INTO Resources (ResourceID, Description) VALUES (60011, N'Device_AccessDevice_DisplayName');
INSERT INTO Resources (ResourceID, Description) VALUES (60012, N'Device_PTZControl_DisplayName');
INSERT INTO Resources (ResourceID, Description) VALUES (60013, N'Device_PTZExclusiveLock_DisplayName');
INSERT INTO Resources (ResourceID, Description) VALUES (60014, N'Device_InstantRecording_DisplayName');
INSERT INTO Resources (ResourceID, Description) VALUES (60015, N'Device_ExportVideo_DisplayName');
INSERT INTO Resources (ResourceID, Description) VALUES (60016, N'Device_PrintImages_DisplayName');
INSERT INTO Resources (ResourceID, Description) VALUES (60017, N'Macro_AccessMacro_DisplayName');
INSERT INTO Resources (ResourceID, Description) VALUES (60018, N'System_Recognition_DisplayName');
INSERT INTO Resources (ResourceID, Description) VALUES (60019, N'System_ViewLayout_DisplayName');
INSERT INTO Resources (ResourceID, Description) VALUES (60020, N'System_ModifyPresets_DisplayName');
INSERT INTO Resources (ResourceID, Description) VALUES (60021, N'IPDevice_EndPointLogin_DisplayName');
INSERT INTO Resources (ResourceID, Description) VALUES (60022, N'Device_ExportImage_DisplayName');
INSERT INTO Resources (ResourceID, Description) VALUES (60023, N'System_ChangeExportExpirationDate_DisplayName');
INSERT INTO Resources (ResourceID, Description) VALUES (60024, N'System_RestartNetworkDevice_DisplayName');
INSERT INTO Resources (ResourceID, Description) VALUES (60025, N'System_ReconnectNetworkDevice_DisplayName');
INSERT INTO Resources (ResourceID, Description) VALUES (60026, N'System_DefaultAccessSite_DisplayName');
INSERT INTO Resources (ResourceID, Description) VALUES (60027, N'System_DefaultAccessDevice_DisplayName');
INSERT INTO Resources (ResourceID, Description) VALUES (60028, N'System_ExportViewImage_DisplayName');
INSERT INTO Resources (ResourceID, Description) VALUES (61001, N'System_Search_Description');
INSERT INTO Resources (ResourceID, Description) VALUES (61002, N'System_ViewAlarms_Description');
INSERT INTO Resources (ResourceID, Description) VALUES (61003, N'System_EditAlarms_Description');
INSERT INTO Resources (ResourceID, Description) VALUES (61004, N'System_ViewMaps_Description');
INSERT INTO Resources (ResourceID, Description) VALUES (61005, N'System_ConfigManager_Description');
INSERT INTO Resources (ResourceID, Description) VALUES (61006, N'System_AdminTool_Description');
INSERT INTO Resources (ResourceID, Description) VALUES (61007, N'System_ModifyLayouts_Description');
INSERT INTO Resources (ResourceID, Description) VALUES (61008, N'Site_AccessSite_Description');
INSERT INTO Resources (ResourceID, Description) VALUES (61009, N'Site_PTZLockAccessLevel_Description');
INSERT INTO Resources (ResourceID, Description) VALUES (61010, N'Site_InstantRecordingAccessLevel_Description');
INSERT INTO Resources (ResourceID, Description) VALUES (61011, N'Device_AccessDevice_Description');
INSERT INTO Resources (ResourceID, Description) VALUES (61012, N'Device_PTZControl_Description');
INSERT INTO Resources (ResourceID, Description) VALUES (61013, N'Device_PTZExclusiveLock_Description');
INSERT INTO Resources (ResourceID, Description) VALUES (61014, N'Device_InstantRecording_Description');
INSERT INTO Resources (ResourceID, Description) VALUES (61015, N'Device_ExportVideo_Description');
INSERT INTO Resources (ResourceID, Description) VALUES (61016, N'Device_PrintImages_Description');
INSERT INTO Resources (ResourceID, Description) VALUES (61017, N'Macro_AccessMacro_Description');
INSERT INTO Resources (ResourceID, Description) VALUES (61018, N'System_Recognition_Description');
INSERT INTO Resources (ResourceID, Description) VALUES (61019, N'System_ViewLayout_Description');
INSERT INTO Resources (ResourceID, Description) VALUES (61020, N'System_ModifyPresets_Description');
INSERT INTO Resources (ResourceID, Description) VALUES (61021, N'IPDevice_EndPointLogin_Description');
INSERT INTO Resources (ResourceID, Description) VALUES (61022, N'Device_ExportImage_Description');
INSERT INTO Resources (ResourceID, Description) VALUES (61023, N'System_ChangeExportExpirationDate_Description');
INSERT INTO Resources (ResourceID, Description) VALUES (61024, N'System_RestartNetworkDevice_Description');
INSERT INTO Resources (ResourceID, Description) VALUES (61025, N'System_ReconnectNetworkDevice_Description');
INSERT INTO Resources (ResourceID, Description) VALUES (61026, N'System_DefaultAccessSite_Description');
INSERT INTO Resources (ResourceID, Description) VALUES (61027, N'System_DefaultAccessDevice_Description');
INSERT INTO Resources (ResourceID, Description) VALUES (61028, N'System_ExportViewImage_Description');
INSERT INTO Resources (ResourceID, Description) VALUES (70001, N'Korea (Country)');
INSERT INTO Resources (ResourceID, Description) VALUES (70002, N'United States (Country)');
INSERT INTO Resources (ResourceID, Description) VALUES (71001, N'Guro (State)');
INSERT INTO Resources (ResourceID, Description) VALUES (71002, N'Washington (State)');
INSERT INTO Resources (ResourceID, Description) VALUES (71003, N'New York (State)');
INSERT INTO Resources (ResourceID, Description) VALUES (72001, N'Seoul (City)');
INSERT INTO Resources (ResourceID, Description) VALUES (72002, N'Spokane (City)');
INSERT INTO Resources (ResourceID, Description) VALUES (72003, N'New York (City)');
INSERT INTO Resources (ResourceID, Description) VALUES (80001, N'Pending Review (Alarm Status)');
INSERT INTO Resources (ResourceID, Description) VALUES (80002, N'Open (Alarm Status)');
INSERT INTO Resources (ResourceID, Description) VALUES (80003, N'Confirmed (Alarm Status)');
INSERT INTO Resources (ResourceID, Description) VALUES (80004, N'Discarded (Alarm Status)');
INSERT INTO Resources (ResourceID, Description) VALUES (80005, N'Processing (Alarm Status)');
INSERT INTO Resources (ResourceID, Description) VALUES (80006, N'Unresolved (Alarm Status)');
INSERT INTO Resources (ResourceID, Description) VALUES (80007, N'Resolved (Alarm Status)');
INSERT INTO Resources (ResourceID, Description) VALUES (80008, N'Close (Alarm Status)');
INSERT INTO Resources (ResourceID, Description) VALUES (80009, N'Not Processed (Alarm Status)');
INSERT INTO Resources (ResourceID, Description) VALUES (81001, N'User Defined Alarm Category 1');
INSERT INTO Resources (ResourceID, Description) VALUES (81002, N'User Defined Alarm Category 2');
INSERT INTO Resources (ResourceID, Description) VALUES (81003, N'User Defined Alarm Category 3');
INSERT INTO Resources (ResourceID, Description) VALUES (82001, N'Low (Alarm Priority)');
INSERT INTO Resources (ResourceID, Description) VALUES (82002, N'Normal (Alarm Priority)');
INSERT INTO Resources (ResourceID, Description) VALUES (82003, N'High (Alarm Priority)');
INSERT INTO Resources (ResourceID, Description) VALUES (82004, N'Schedule (Alarm Priority)');
INSERT INTO Resources (ResourceID, Description) VALUES (83001, N'None (Action Taken)');
INSERT INTO Resources (ResourceID, Description) VALUES (90001, N'Device Name (Node Column)');
INSERT INTO Resources (ResourceID, Description) VALUES (90002, N'Description (Node Column)');
INSERT INTO Resources (ResourceID, Description) VALUES (90003, N'Displayed Text (Node Column)');
INSERT INTO Resources (ResourceID, Description) VALUES (90004, N'IP Address (Node Column)');
INSERT INTO Resources (ResourceID, Description) VALUES (90005, N'Port (Node Column)');
INSERT INTO Resources (ResourceID, Description) VALUES (90006, N'Host Name (Node Column)');
INSERT INTO Resources (ResourceID, Description) VALUES (90007, N'User Name (Node Column)');
INSERT INTO Resources (ResourceID, Description) VALUES (90008, N'First Name (Node Column)');
INSERT INTO Resources (ResourceID, Description) VALUES (90009, N'Last Name (Node Column)');
INSERT INTO Resources (ResourceID, Description) VALUES (100001, N'Custom View for Service Code');
INSERT INTO Resources (ResourceID, Description) VALUES (100002, N'Recognition View for Service Code');
INSERT INTO Resources (ResourceID, Description) VALUES (100003, N'Tracking View for Service Code');
INSERT INTO Resources (ResourceID, Description) VALUES (101001, N'Recognition Completion');
INSERT INTO Resources (ResourceID, Description) VALUES (101002, N'Recognition Failure');
INSERT INTO Resources (ResourceID, Description) VALUES (101003, N'Recognition Settlement');
INSERT INTO Resources (ResourceID, Description) VALUES (101004, N'Recognition Cancellation Custody');
INSERT INTO Resources (ResourceID, Description) VALUES (101005, N'First Step');
INSERT INTO Resources (ResourceID, Description) VALUES (101006, N'Waiting Settlement');
INSERT INTO Resources (ResourceID, Description) VALUES (102001, N'GIS Safety Event Standby');
INSERT INTO Resources (ResourceID, Description) VALUES (102002, N'GIS Safety Event Transfer');
INSERT INTO Resources (ResourceID, Description) VALUES (102003, N'GIS Safety Event Direct Handle');
INSERT INTO Resources (ResourceID, Description) VALUES (102004, N'GIS Safety Event Completion');
INSERT INTO Resources (ResourceID, Description) VALUES (103001, N'Usage Purpose (EventDataType)');
INSERT INTO Resources (ResourceID, Description) VALUES (103002, N'Related Camera (EventDataType)');
INSERT INTO Resources (ResourceID, Description) VALUES (104001, N'Client request (UsagePurpose)');
INSERT INTO Resources (ResourceID, Description) VALUES (104002, N'Law enforcement agencies request (UsagePurpose)');
INSERT INTO Resources (ResourceID, Description) VALUES (104003, N'Confirmed business / Audit (UsagePurpose)');
INSERT INTO Resources (ResourceID, Description) VALUES (104004, N'Maintenance (UsagePurpose)');
INSERT INTO Resources (ResourceID, Description) VALUES (104005, N'Others (UsagePurpose)');
GO

/****** Table: ResourceTexts   ******/
INSERT INTO ResourceTexts (ResourceTextID, ResourceID, LanguageID, Text) VALUES (1, 1001, 1,  N'Camera');
INSERT INTO ResourceTexts (ResourceTextID, ResourceID, LanguageID, Text) VALUES (2, 1002, 1,  N'Recording');
INSERT INTO ResourceTexts (ResourceTextID, ResourceID, LanguageID, Text) VALUES (3, 1003, 1,  N'Relay');
INSERT INTO ResourceTexts (ResourceTextID, ResourceID, LanguageID, Text) VALUES (4, 1004, 1,  N'System');
INSERT INTO ResourceTexts (ResourceTextID, ResourceID, LanguageID, Text) VALUES (5, 1101, 1,  N'Camera');
INSERT INTO ResourceTexts (ResourceTextID, ResourceID, LanguageID, Text) VALUES (6, 1102, 1,  N'Network Device');
INSERT INTO ResourceTexts (ResourceTextID, ResourceID, LanguageID, Text) VALUES (7, 1103, 1,  N'Recording');
INSERT INTO ResourceTexts (ResourceTextID, ResourceID, LanguageID, Text) VALUES (8, 1104, 1,  N'Relay');
INSERT INTO ResourceTexts (ResourceTextID, ResourceID, LanguageID, Text) VALUES (9, 1105, 1,  N'Sensor');
INSERT INTO ResourceTexts (ResourceTextID, ResourceID, LanguageID, Text) VALUES (10, 1106, 1,  N'System');
INSERT INTO ResourceTexts (ResourceTextID, ResourceID, LanguageID, Text) VALUES (11, 1107, 1,  N'User');
INSERT INTO ResourceTexts (ResourceTextID, ResourceID, LanguageID, Text) VALUES (12, 1108, 1,  N'Watchdog');
INSERT INTO ResourceTexts (ResourceTextID, ResourceID, LanguageID, Text) VALUES (13, 1109, 1,  N'Schedule');
INSERT INTO ResourceTexts (ResourceTextID, ResourceID, LanguageID, Text) VALUES (14, 1110, 1,  N'Metadata');
INSERT INTO ResourceTexts (ResourceTextID, ResourceID, LanguageID, Text) VALUES (15, 1111, 1,  N'Security');
INSERT INTO ResourceTexts (ResourceTextID, ResourceID, LanguageID, Text) VALUES (16, 1112, 1,  N'Video Analysis');
INSERT INTO ResourceTexts (ResourceTextID, ResourceID, LanguageID, Text) VALUES (17, 1113, 1,  N'Setup');
INSERT INTO ResourceTexts (ResourceTextID, ResourceID, LanguageID, Text) VALUES (18, 1114, 1,  N'Recognition Server');
INSERT INTO ResourceTexts (ResourceTextID, ResourceID, LanguageID, Text) VALUES (19, 1115, 1,  N'Interop Server');
INSERT INTO ResourceTexts (ResourceTextID, ResourceID, LanguageID, Text) VALUES (20, 2001, 1,  N'Camera');
INSERT INTO ResourceTexts (ResourceTextID, ResourceID, LanguageID, Text) VALUES (21, 2002, 1,  N'Camera With PTZ');
INSERT INTO ResourceTexts (ResourceTextID, ResourceID, LanguageID, Text) VALUES (22, 2003, 1,  N'Encoder');
INSERT INTO ResourceTexts (ResourceTextID, ResourceID, LanguageID, Text) VALUES (23, 2004, 1,  N'DVR');
INSERT INTO ResourceTexts (ResourceTextID, ResourceID, LanguageID, Text) VALUES (24, 2005, 1,  N'Sensor');
INSERT INTO ResourceTexts (ResourceTextID, ResourceID, LanguageID, Text) VALUES (25, 2006, 1,  N'Relay');
INSERT INTO ResourceTexts (ResourceTextID, ResourceID, LanguageID, Text) VALUES (26, 2007, 1,  N'Dome Camera');
INSERT INTO ResourceTexts (ResourceTextID, ResourceID, LanguageID, Text) VALUES (27, 2008, 1,  N'Dome Camera With PTZ');
INSERT INTO ResourceTexts (ResourceTextID, ResourceID, LanguageID, Text) VALUES (28, 2009, 1,  N'Audio In');
INSERT INTO ResourceTexts (ResourceTextID, ResourceID, LanguageID, Text) VALUES (29, 2010, 1,  N'Audio Out');
INSERT INTO ResourceTexts (ResourceTextID, ResourceID, LanguageID, Text) VALUES (30, 2011, 1,  N'AVR');
INSERT INTO ResourceTexts (ResourceTextID, ResourceID, LanguageID, Text) VALUES (31, 2012, 1,  N'Tracking Group');
INSERT INTO ResourceTexts (ResourceTextID, ResourceID, LanguageID, Text) VALUES (32, 2013, 2,  N'전광판');
INSERT INTO ResourceTexts (ResourceTextID, ResourceID, LanguageID, Text) VALUES (33, 2013, 1,  N'Digital Board');
INSERT INTO ResourceTexts (ResourceTextID, ResourceID, LanguageID, Text) VALUES (34, 2014, 2,  N'이동형 장치');
INSERT INTO ResourceTexts (ResourceTextID, ResourceID, LanguageID, Text) VALUES (35, 2014, 1,  N'Movable Device');
INSERT INTO ResourceTexts (ResourceTextID, ResourceID, LanguageID, Text) VALUES (36, 10101, 1,  N'PTZ Go to Preset');
INSERT INTO ResourceTexts (ResourceTextID, ResourceID, LanguageID, Text) VALUES (37, 10101, 2,  N'카메라 프리셋 이동');
INSERT INTO ResourceTexts (ResourceTextID, ResourceID, LanguageID, Text) VALUES (38, 10102, 2,  N'카메라 투어 시작');
INSERT INTO ResourceTexts (ResourceTextID, ResourceID, LanguageID, Text) VALUES (39, 10102, 1,  N'PTZ Start Tour');
INSERT INTO ResourceTexts (ResourceTextID, ResourceID, LanguageID, Text) VALUES (40, 10103, 2,  N'카메라 투어 중지');
INSERT INTO ResourceTexts (ResourceTextID, ResourceID, LanguageID, Text) VALUES (41, 10103, 1,  N'PTZ Stop Tour');
INSERT INTO ResourceTexts (ResourceTextID, ResourceID, LanguageID, Text) VALUES (42, 10104, 1,  N'PTZ Light On');
INSERT INTO ResourceTexts (ResourceTextID, ResourceID, LanguageID, Text) VALUES (43, 10104, 2,  N'카메라 라이트 켜기');
INSERT INTO ResourceTexts (ResourceTextID, ResourceID, LanguageID, Text) VALUES (44, 10105, 1,  N'PTZ Light Off');
INSERT INTO ResourceTexts (ResourceTextID, ResourceID, LanguageID, Text) VALUES (45, 10105, 2,  N'카메라 라이트 끄기');
INSERT INTO ResourceTexts (ResourceTextID, ResourceID, LanguageID, Text) VALUES (46, 10106, 2,  N'카메라 와이퍼 켜기');
INSERT INTO ResourceTexts (ResourceTextID, ResourceID, LanguageID, Text) VALUES (47, 10106, 1,  N'PTZ Wiper On');
INSERT INTO ResourceTexts (ResourceTextID, ResourceID, LanguageID, Text) VALUES (48, 10107, 2,  N'카메라 와이퍼 끄기');
INSERT INTO ResourceTexts (ResourceTextID, ResourceID, LanguageID, Text) VALUES (49, 10107, 1,  N'PTZ Wiper Off');
INSERT INTO ResourceTexts (ResourceTextID, ResourceID, LanguageID, Text) VALUES (50, 10108, 2,  N'카메라 보조장치 켜기');
INSERT INTO ResourceTexts (ResourceTextID, ResourceID, LanguageID, Text) VALUES (51, 10108, 1,  N'PTZ Aux On');
INSERT INTO ResourceTexts (ResourceTextID, ResourceID, LanguageID, Text) VALUES (52, 10109, 2,  N'카메라 보조장치 끄기');
INSERT INTO ResourceTexts (ResourceTextID, ResourceID, LanguageID, Text) VALUES (53, 10109, 1,  N'PTZ Aux Off');
INSERT INTO ResourceTexts (ResourceTextID, ResourceID, LanguageID, Text) VALUES (54, 10110, 2,  N'불법주정차 원격 제어');
INSERT INTO ResourceTexts (ResourceTextID, ResourceID, LanguageID, Text) VALUES (55, 10110, 1,  N'Remote IPS Control');
INSERT INTO ResourceTexts (ResourceTextID, ResourceID, LanguageID, Text) VALUES (56, 10201, 1,  N'Start Recording');
INSERT INTO ResourceTexts (ResourceTextID, ResourceID, LanguageID, Text) VALUES (57, 10201, 2,  N'녹화 시작');
INSERT INTO ResourceTexts (ResourceTextID, ResourceID, LanguageID, Text) VALUES (58, 10202, 1,  N'Stop Recording');
INSERT INTO ResourceTexts (ResourceTextID, ResourceID, LanguageID, Text) VALUES (59, 10202, 2,  N'녹화 중지');
INSERT INTO ResourceTexts (ResourceTextID, ResourceID, LanguageID, Text) VALUES (60, 10203, 2,  N'즉시 녹화 시작');
INSERT INTO ResourceTexts (ResourceTextID, ResourceID, LanguageID, Text) VALUES (61, 10203, 1,  N'Start Instant Recording');
INSERT INTO ResourceTexts (ResourceTextID, ResourceID, LanguageID, Text) VALUES (62, 10204, 2,  N'즉시 녹화 중지');
INSERT INTO ResourceTexts (ResourceTextID, ResourceID, LanguageID, Text) VALUES (63, 10204, 1,  N'Stop Instant Recording');
INSERT INTO ResourceTexts (ResourceTextID, ResourceID, LanguageID, Text) VALUES (64, 10301, 1,  N'Relay On');
INSERT INTO ResourceTexts (ResourceTextID, ResourceID, LanguageID, Text) VALUES (65, 10301, 2,  N'릴레이 켜기');
INSERT INTO ResourceTexts (ResourceTextID, ResourceID, LanguageID, Text) VALUES (66, 10302, 1,  N'Relay Off');
INSERT INTO ResourceTexts (ResourceTextID, ResourceID, LanguageID, Text) VALUES (67, 10302, 2,  N'릴레이 끄기');
INSERT INTO ResourceTexts (ResourceTextID, ResourceID, LanguageID, Text) VALUES (68, 10401, 1,  N'Trigger Alarm');
INSERT INTO ResourceTexts (ResourceTextID, ResourceID, LanguageID, Text) VALUES (69, 10401, 2,  N'알람 실행');
INSERT INTO ResourceTexts (ResourceTextID, ResourceID, LanguageID, Text) VALUES (70, 10402, 1,  N'Trigger Macro');
INSERT INTO ResourceTexts (ResourceTextID, ResourceID, LanguageID, Text) VALUES (71, 10402, 2,  N'매크로 실행');
INSERT INTO ResourceTexts (ResourceTextID, ResourceID, LanguageID, Text) VALUES (72, 10403, 1,  N'Send Message');
INSERT INTO ResourceTexts (ResourceTextID, ResourceID, LanguageID, Text) VALUES (73, 10403, 2,  N'메시지 보내기');
INSERT INTO ResourceTexts (ResourceTextID, ResourceID, LanguageID, Text) VALUES (74, 10404, 1,  N'Send Mail');
INSERT INTO ResourceTexts (ResourceTextID, ResourceID, LanguageID, Text) VALUES (75, 10404, 2,  N'메일 보내기');
INSERT INTO ResourceTexts (ResourceTextID, ResourceID, LanguageID, Text) VALUES (76, 10405, 2,  N'알람 메일 보내기');
INSERT INTO ResourceTexts (ResourceTextID, ResourceID, LanguageID, Text) VALUES (77, 10405, 1,  N'Send Alarm Mail');
INSERT INTO ResourceTexts (ResourceTextID, ResourceID, LanguageID, Text) VALUES (78, 10406, 1,  N'Restart Server');
INSERT INTO ResourceTexts (ResourceTextID, ResourceID, LanguageID, Text) VALUES (79, 10406, 2,  N'서버 재시작');
INSERT INTO ResourceTexts (ResourceTextID, ResourceID, LanguageID, Text) VALUES (80, 10407, 1,  N'Restart Service');
INSERT INTO ResourceTexts (ResourceTextID, ResourceID, LanguageID, Text) VALUES (81, 10407, 2,  N'서비스 재시작');
INSERT INTO ResourceTexts (ResourceTextID, ResourceID, LanguageID, Text) VALUES (82, 10408, 2,  N'장치에서 소리 재생');
INSERT INTO ResourceTexts (ResourceTextID, ResourceID, LanguageID, Text) VALUES (83, 10408, 1,  N'Play Sound to Device');
INSERT INTO ResourceTexts (ResourceTextID, ResourceID, LanguageID, Text) VALUES (84, 10409, 1,  N'Play Sound to Server');
INSERT INTO ResourceTexts (ResourceTextID, ResourceID, LanguageID, Text) VALUES (85, 10409, 2,  N'서버에서 소리 재생');
INSERT INTO ResourceTexts (ResourceTextID, ResourceID, LanguageID, Text) VALUES (86, 10410, 2,  N'사용자에 대해 소리 재생');
INSERT INTO ResourceTexts (ResourceTextID, ResourceID, LanguageID, Text) VALUES (87, 10410, 1,  N'Play Sound to User');
INSERT INTO ResourceTexts (ResourceTextID, ResourceID, LanguageID, Text) VALUES (88, 10411, 2,  N'알람 이관');
INSERT INTO ResourceTexts (ResourceTextID, ResourceID, LanguageID, Text) VALUES (89, 10411, 1,  N'Assign Alarm');
INSERT INTO ResourceTexts (ResourceTextID, ResourceID, LanguageID, Text) VALUES (90, 10412, 2,  N'문자 보내기');
INSERT INTO ResourceTexts (ResourceTextID, ResourceID, LanguageID, Text) VALUES (91, 10412, 1,  N'Send SMS');
INSERT INTO ResourceTexts (ResourceTextID, ResourceID, LanguageID, Text) VALUES (92, 20101, 1,  N'Motion Detected');
INSERT INTO ResourceTexts (ResourceTextID, ResourceID, LanguageID, Text) VALUES (93, 20101, 2,  N'움직임 검출');
INSERT INTO ResourceTexts (ResourceTextID, ResourceID, LanguageID, Text) VALUES (94, 20102, 1,  N'PTZ Tour Started');
INSERT INTO ResourceTexts (ResourceTextID, ResourceID, LanguageID, Text) VALUES (95, 20102, 2,  N'카메라 투어 시작');
INSERT INTO ResourceTexts (ResourceTextID, ResourceID, LanguageID, Text) VALUES (96, 20103, 1,  N'PTZ Tour Stopped');
INSERT INTO ResourceTexts (ResourceTextID, ResourceID, LanguageID, Text) VALUES (97, 20103, 2,  N'카메라 투어 중지');
INSERT INTO ResourceTexts (ResourceTextID, ResourceID, LanguageID, Text) VALUES (98, 20104, 1,  N'PTZ Preset Moved');
INSERT INTO ResourceTexts (ResourceTextID, ResourceID, LanguageID, Text) VALUES (99, 20104, 2,  N'카메라 프리셋 이동');
INSERT INTO ResourceTexts (ResourceTextID, ResourceID, LanguageID, Text) VALUES (100, 20105, 1,  N'PTZ Light On');
INSERT INTO ResourceTexts (ResourceTextID, ResourceID, LanguageID, Text) VALUES (101, 20105, 2,  N'카메라 라이트 켜짐');
INSERT INTO ResourceTexts (ResourceTextID, ResourceID, LanguageID, Text) VALUES (102, 20106, 1,  N'PTZ Light Off');
INSERT INTO ResourceTexts (ResourceTextID, ResourceID, LanguageID, Text) VALUES (103, 20106, 2,  N'카메라 라이트 꺼짐');
INSERT INTO ResourceTexts (ResourceTextID, ResourceID, LanguageID, Text) VALUES (104, 20107, 1,  N'PTZ Wiper On');
INSERT INTO ResourceTexts (ResourceTextID, ResourceID, LanguageID, Text) VALUES (105, 20107, 2,  N'카메라 와이퍼 켜짐');
INSERT INTO ResourceTexts (ResourceTextID, ResourceID, LanguageID, Text) VALUES (106, 20108, 2,  N'카메라 와이퍼 꺼짐');
INSERT INTO ResourceTexts (ResourceTextID, ResourceID, LanguageID, Text) VALUES (107, 20108, 1,  N'PTZ Wiper Off');
INSERT INTO ResourceTexts (ResourceTextID, ResourceID, LanguageID, Text) VALUES (108, 20109, 1,  N'PTZ Lock Acquired');
INSERT INTO ResourceTexts (ResourceTextID, ResourceID, LanguageID, Text) VALUES (109, 20109, 2,  N'카메라 독점 사용 시작');
INSERT INTO ResourceTexts (ResourceTextID, ResourceID, LanguageID, Text) VALUES (110, 20110, 2,  N'카메라 독점 사용 해제');
INSERT INTO ResourceTexts (ResourceTextID, ResourceID, LanguageID, Text) VALUES (111, 20110, 1,  N'PTZ Lock Released');
INSERT INTO ResourceTexts (ResourceTextID, ResourceID, LanguageID, Text) VALUES (112, 20111, 2,  N'카메라 PTZ 사용 이력');
INSERT INTO ResourceTexts (ResourceTextID, ResourceID, LanguageID, Text) VALUES (113, 20111, 1,  N'PTZ Action Record');
INSERT INTO ResourceTexts (ResourceTextID, ResourceID, LanguageID, Text) VALUES (114, 20120, 2,  N'움직임 감지');
INSERT INTO ResourceTexts (ResourceTextID, ResourceID, LanguageID, Text) VALUES (115, 20120, 1,  N'VA Object Presense');
INSERT INTO ResourceTexts (ResourceTextID, ResourceID, LanguageID, Text) VALUES (116, 20121, 2,  N'물체 침입');
INSERT INTO ResourceTexts (ResourceTextID, ResourceID, LanguageID, Text) VALUES (117, 20121, 1,  N'VA Object Entered');
INSERT INTO ResourceTexts (ResourceTextID, ResourceID, LanguageID, Text) VALUES (118, 20122, 2,  N'물체 나감');
INSERT INTO ResourceTexts (ResourceTextID, ResourceID, LanguageID, Text) VALUES (119, 20122, 1,  N'VA Object Exited');
INSERT INTO ResourceTexts (ResourceTextID, ResourceID, LanguageID, Text) VALUES (120, 20123, 2,  N'물체 나타남');
INSERT INTO ResourceTexts (ResourceTextID, ResourceID, LanguageID, Text) VALUES (121, 20123, 1,  N'VA Object Appear');
INSERT INTO ResourceTexts (ResourceTextID, ResourceID, LanguageID, Text) VALUES (122, 20124, 2,  N'물체 사라짐');
INSERT INTO ResourceTexts (ResourceTextID, ResourceID, LanguageID, Text) VALUES (123, 20124, 1,  N'VA Object Disappear');
INSERT INTO ResourceTexts (ResourceTextID, ResourceID, LanguageID, Text) VALUES (124, 20125, 2,  N'물체 멈춤');
INSERT INTO ResourceTexts (ResourceTextID, ResourceID, LanguageID, Text) VALUES (125, 20125, 1,  N'VA Object Stopped');
INSERT INTO ResourceTexts (ResourceTextID, ResourceID, LanguageID, Text) VALUES (126, 20126, 2,  N'배회 감지');
INSERT INTO ResourceTexts (ResourceTextID, ResourceID, LanguageID, Text) VALUES (127, 20126, 1,  N'VA Dwell');
INSERT INTO ResourceTexts (ResourceTextID, ResourceID, LanguageID, Text) VALUES (128, 20127, 2,  N'방향 위반');
INSERT INTO ResourceTexts (ResourceTextID, ResourceID, LanguageID, Text) VALUES (129, 20127, 1,  N'VA Direction Violation');
INSERT INTO ResourceTexts (ResourceTextID, ResourceID, LanguageID, Text) VALUES (130, 20128, 2,  N'속도 위반');
INSERT INTO ResourceTexts (ResourceTextID, ResourceID, LanguageID, Text) VALUES (131, 20128, 1,  N'VA Speed Violation');
INSERT INTO ResourceTexts (ResourceTextID, ResourceID, LanguageID, Text) VALUES (132, 20129, 2,  N'따라감');
INSERT INTO ResourceTexts (ResourceTextID, ResourceID, LanguageID, Text) VALUES (133, 20129, 1,  N'VA Tailgating');
INSERT INTO ResourceTexts (ResourceTextID, ResourceID, LanguageID, Text) VALUES (134, 20130, 2,  N'카메라 방해');
INSERT INTO ResourceTexts (ResourceTextID, ResourceID, LanguageID, Text) VALUES (135, 20130, 1,  N'VA Camera Tamper');
INSERT INTO ResourceTexts (ResourceTextID, ResourceID, LanguageID, Text) VALUES (136, 20131, 2,  N'연기 감지');
INSERT INTO ResourceTexts (ResourceTextID, ResourceID, LanguageID, Text) VALUES (137, 20131, 1,  N'VA Smoke');
INSERT INTO ResourceTexts (ResourceTextID, ResourceID, LanguageID, Text) VALUES (138, 20132, 2,  N'화재 감지');
INSERT INTO ResourceTexts (ResourceTextID, ResourceID, LanguageID, Text) VALUES (139, 20132, 1,  N'VA Fire');
INSERT INTO ResourceTexts (ResourceTextID, ResourceID, LanguageID, Text) VALUES (140, 20133, 2,  N'추돌 사고');
INSERT INTO ResourceTexts (ResourceTextID, ResourceID, LanguageID, Text) VALUES (141, 20133, 1,  N'VA Crashing');
INSERT INTO ResourceTexts (ResourceTextID, ResourceID, LanguageID, Text) VALUES (142, 20134, 2,  N'쓰러짐');
INSERT INTO ResourceTexts (ResourceTextID, ResourceID, LanguageID, Text) VALUES (143, 20134, 1,  N'VA Falling');
INSERT INTO ResourceTexts (ResourceTextID, ResourceID, LanguageID, Text) VALUES (144, 20135, 2,  N'싸움');
INSERT INTO ResourceTexts (ResourceTextID, ResourceID, LanguageID, Text) VALUES (145, 20135, 1,  N'VA Fighting');
INSERT INTO ResourceTexts (ResourceTextID, ResourceID, LanguageID, Text) VALUES (146, 20136, 2,  N'군집');
INSERT INTO ResourceTexts (ResourceTextID, ResourceID, LanguageID, Text) VALUES (147, 20136, 1,  N'VA Crowding');
INSERT INTO ResourceTexts (ResourceTextID, ResourceID, LanguageID, Text) VALUES (148, 20137, 2,  N'물체 유기');
INSERT INTO ResourceTexts (ResourceTextID, ResourceID, LanguageID, Text) VALUES (149, 20137, 1,  N'VA Abandoned');
INSERT INTO ResourceTexts (ResourceTextID, ResourceID, LanguageID, Text) VALUES (150, 20138, 2,  N'도난');
INSERT INTO ResourceTexts (ResourceTextID, ResourceID, LanguageID, Text) VALUES (151, 20138, 1,  N'VA Removed');
INSERT INTO ResourceTexts (ResourceTextID, ResourceID, LanguageID, Text) VALUES (152, 20139, 2,  N'색상 검출');
INSERT INTO ResourceTexts (ResourceTextID, ResourceID, LanguageID, Text) VALUES (153, 20139, 1,  N'VA Color');
INSERT INTO ResourceTexts (ResourceTextID, ResourceID, LanguageID, Text) VALUES (154, 20140, 2,  N'무단 횡단');
INSERT INTO ResourceTexts (ResourceTextID, ResourceID, LanguageID, Text) VALUES (155, 20140, 1,  N'Traffic Jaywalk');
INSERT INTO ResourceTexts (ResourceTextID, ResourceID, LanguageID, Text) VALUES (156, 20141, 2,  N'교통 정체');
INSERT INTO ResourceTexts (ResourceTextID, ResourceID, LanguageID, Text) VALUES (157, 20141, 1,  N'Traffic Flow Congest');
INSERT INTO ResourceTexts (ResourceTextID, ResourceID, LanguageID, Text) VALUES (158, 20142, 2,  N'교통 지체');
INSERT INTO ResourceTexts (ResourceTextID, ResourceID, LanguageID, Text) VALUES (159, 20142, 1,  N'Traffic Delays');
INSERT INTO ResourceTexts (ResourceTextID, ResourceID, LanguageID, Text) VALUES (160, 20143, 2,  N'교통 서행');
INSERT INTO ResourceTexts (ResourceTextID, ResourceID, LanguageID, Text) VALUES (161, 20143, 1,  N'Traffic Slow');
INSERT INTO ResourceTexts (ResourceTextID, ResourceID, LanguageID, Text) VALUES (162, 20144, 2,  N'교통 원활');
INSERT INTO ResourceTexts (ResourceTextID, ResourceID, LanguageID, Text) VALUES (163, 20144, 1,  N'Traffic Flow Smooth');
INSERT INTO ResourceTexts (ResourceTextID, ResourceID, LanguageID, Text) VALUES (164, 20145, 2,  N'정보 없음');
INSERT INTO ResourceTexts (ResourceTextID, ResourceID, LanguageID, Text) VALUES (165, 20145, 1,  N'Traffic None Information');
INSERT INTO ResourceTexts (ResourceTextID, ResourceID, LanguageID, Text) VALUES (166, 20146, 2,  N'번호판 검출');
INSERT INTO ResourceTexts (ResourceTextID, ResourceID, LanguageID, Text) VALUES (167, 20146, 1,  N'LPR Detection');
INSERT INTO ResourceTexts (ResourceTextID, ResourceID, LanguageID, Text) VALUES (168, 20147, 2,  N'수배 차량');
INSERT INTO ResourceTexts (ResourceTextID, ResourceID, LanguageID, Text) VALUES (169, 20147, 1,  N'Getaway Car');
INSERT INTO ResourceTexts (ResourceTextID, ResourceID, LanguageID, Text) VALUES (170, 20148, 2,  N'주정차 원격 제어');
INSERT INTO ResourceTexts (ResourceTextID, ResourceID, LanguageID, Text) VALUES (171, 20148, 1,  N'Remote IPS Control');
INSERT INTO ResourceTexts (ResourceTextID, ResourceID, LanguageID, Text) VALUES (172, 20171, 2,  N'카운터 라인: IN');
INSERT INTO ResourceTexts (ResourceTextID, ResourceID, LanguageID, Text) VALUES (173, 20171, 1,  N'VA Line Counter Direction IN');
INSERT INTO ResourceTexts (ResourceTextID, ResourceID, LanguageID, Text) VALUES (174, 20172, 2,  N'카운터 라인: OUT');
INSERT INTO ResourceTexts (ResourceTextID, ResourceID, LanguageID, Text) VALUES (175, 20172, 1,  N'VA Line Counter Direction OUT');
INSERT INTO ResourceTexts (ResourceTextID, ResourceID, LanguageID, Text) VALUES (176, 20201, 2,  N'장치와의 연결이 이루어짐');
INSERT INTO ResourceTexts (ResourceTextID, ResourceID, LanguageID, Text) VALUES (177, 20201, 1,  N'Device Connection OK');
INSERT INTO ResourceTexts (ResourceTextID, ResourceID, LanguageID, Text) VALUES (178, 20202, 2,  N'장치와의 연결이 끊어짐');
INSERT INTO ResourceTexts (ResourceTextID, ResourceID, LanguageID, Text) VALUES (179, 20202, 1,  N'Device Connection Loss');
INSERT INTO ResourceTexts (ResourceTextID, ResourceID, LanguageID, Text) VALUES (180, 20203, 1,  N'Device Connection Warning');
INSERT INTO ResourceTexts (ResourceTextID, ResourceID, LanguageID, Text) VALUES (181, 20203, 2,  N'장치와의 연결에 문제 발생');
INSERT INTO ResourceTexts (ResourceTextID, ResourceID, LanguageID, Text) VALUES (182, 20204, 1,  N'Device Signal Loss');
INSERT INTO ResourceTexts (ResourceTextID, ResourceID, LanguageID, Text) VALUES (183, 20204, 2,  N'장치의 시그널이 없음');
INSERT INTO ResourceTexts (ResourceTextID, ResourceID, LanguageID, Text) VALUES (184, 20205, 2,  N'장치의 시그널이 정상');
INSERT INTO ResourceTexts (ResourceTextID, ResourceID, LanguageID, Text) VALUES (185, 20205, 1,  N'Device Signal OK');
INSERT INTO ResourceTexts (ResourceTextID, ResourceID, LanguageID, Text) VALUES (186, 20206, 1,  N'Device Signal Warning');
INSERT INTO ResourceTexts (ResourceTextID, ResourceID, LanguageID, Text) VALUES (187, 20206, 2,  N'장치의 시그널이 이상함');
INSERT INTO ResourceTexts (ResourceTextID, ResourceID, LanguageID, Text) VALUES (188, 20301, 1,  N'Storage Write Fail');
INSERT INTO ResourceTexts (ResourceTextID, ResourceID, LanguageID, Text) VALUES (189, 20301, 2,  N'저장이 실패함');
INSERT INTO ResourceTexts (ResourceTextID, ResourceID, LanguageID, Text) VALUES (190, 20302, 1,  N'Recording Drive Unplugged');
INSERT INTO ResourceTexts (ResourceTextID, ResourceID, LanguageID, Text) VALUES (191, 20302, 2,  N'레코딩 드라이브 제거됨');
INSERT INTO ResourceTexts (ResourceTextID, ResourceID, LanguageID, Text) VALUES (192, 20303, 2,  N'레코딩 드라이브 복구됨');
INSERT INTO ResourceTexts (ResourceTextID, ResourceID, LanguageID, Text) VALUES (193, 20303, 1,  N'Recording Drive Recovered');
INSERT INTO ResourceTexts (ResourceTextID, ResourceID, LanguageID, Text) VALUES (194, 20304, 2,  N'녹화 일정이 시작됨');
INSERT INTO ResourceTexts (ResourceTextID, ResourceID, LanguageID, Text) VALUES (195, 20304, 1,  N'Schedule Recording Started');
INSERT INTO ResourceTexts (ResourceTextID, ResourceID, LanguageID, Text) VALUES (196, 20305, 2,  N'녹화 일정이 중지됨');
INSERT INTO ResourceTexts (ResourceTextID, ResourceID, LanguageID, Text) VALUES (197, 20305, 1,  N'Schedule Recording Stopped');
INSERT INTO ResourceTexts (ResourceTextID, ResourceID, LanguageID, Text) VALUES (198, 20306, 2,  N'즉시 녹화가 시작됨');
INSERT INTO ResourceTexts (ResourceTextID, ResourceID, LanguageID, Text) VALUES (199, 20306, 1,  N'Instant Recording Started');
INSERT INTO ResourceTexts (ResourceTextID, ResourceID, LanguageID, Text) VALUES (200, 20307, 2,  N'즉시 녹화가 중지됨');
INSERT INTO ResourceTexts (ResourceTextID, ResourceID, LanguageID, Text) VALUES (201, 20307, 1,  N'Instant Recording Stopped');
INSERT INTO ResourceTexts (ResourceTextID, ResourceID, LanguageID, Text) VALUES (202, 20308, 1,  N'Recording Folder Removed');
INSERT INTO ResourceTexts (ResourceTextID, ResourceID, LanguageID, Text) VALUES (203, 20308, 2,  N'녹화 폴더가 삭제됨');
INSERT INTO ResourceTexts (ResourceTextID, ResourceID, LanguageID, Text) VALUES (204, 20309, 2,  N'녹화 폴더가 생성됨');
INSERT INTO ResourceTexts (ResourceTextID, ResourceID, LanguageID, Text) VALUES (205, 20309, 1,  N'Recording Folder Created');
INSERT INTO ResourceTexts (ResourceTextID, ResourceID, LanguageID, Text) VALUES (206, 20310, 2,  N'녹화 파일이 삭제됨');
INSERT INTO ResourceTexts (ResourceTextID, ResourceID, LanguageID, Text) VALUES (207, 20310, 1,  N'Recording File Deleted');
INSERT INTO ResourceTexts (ResourceTextID, ResourceID, LanguageID, Text) VALUES (208, 20311, 2,  N'녹화 파일이 생성됨');
INSERT INTO ResourceTexts (ResourceTextID, ResourceID, LanguageID, Text) VALUES (209, 20311, 1,  N'Recording File Added');
INSERT INTO ResourceTexts (ResourceTextID, ResourceID, LanguageID, Text) VALUES (210, 20312, 2,  N'녹화 공간이 부족함');
INSERT INTO ResourceTexts (ResourceTextID, ResourceID, LanguageID, Text) VALUES (211, 20312, 1,  N'Recording Space Is Low');
INSERT INTO ResourceTexts (ResourceTextID, ResourceID, LanguageID, Text) VALUES (212, 20313, 2,  N'녹화 시그널 손실');
INSERT INTO ResourceTexts (ResourceTextID, ResourceID, LanguageID, Text) VALUES (213, 20313, 1,  N'Recording Signal Loss');
INSERT INTO ResourceTexts (ResourceTextID, ResourceID, LanguageID, Text) VALUES (214, 20314, 2,  N'녹화 시그널 정상');
INSERT INTO ResourceTexts (ResourceTextID, ResourceID, LanguageID, Text) VALUES (215, 20314, 1,  N'Recording Signal OK');
INSERT INTO ResourceTexts (ResourceTextID, ResourceID, LanguageID, Text) VALUES (216, 20401, 1,  N'Relay On');
INSERT INTO ResourceTexts (ResourceTextID, ResourceID, LanguageID, Text) VALUES (217, 20401, 2,  N'릴레이가 켜짐');
INSERT INTO ResourceTexts (ResourceTextID, ResourceID, LanguageID, Text) VALUES (218, 20402, 2,  N'릴레이가 꺼짐');
INSERT INTO ResourceTexts (ResourceTextID, ResourceID, LanguageID, Text) VALUES (219, 20402, 1,  N'Relay Off');
INSERT INTO ResourceTexts (ResourceTextID, ResourceID, LanguageID, Text) VALUES (220, 20501, 1,  N'Sensor Ack');
INSERT INTO ResourceTexts (ResourceTextID, ResourceID, LanguageID, Text) VALUES (221, 20501, 2,  N'센서가 동작함');
INSERT INTO ResourceTexts (ResourceTextID, ResourceID, LanguageID, Text) VALUES (222, 20601, 1,  N'Undefined');
INSERT INTO ResourceTexts (ResourceTextID, ResourceID, LanguageID, Text) VALUES (223, 20601, 2,  N'정의되지 않음');
INSERT INTO ResourceTexts (ResourceTextID, ResourceID, LanguageID, Text) VALUES (224, 20602, 2,  N'백업이 시작함');
INSERT INTO ResourceTexts (ResourceTextID, ResourceID, LanguageID, Text) VALUES (225, 20602, 1,  N'Backup Started');
INSERT INTO ResourceTexts (ResourceTextID, ResourceID, LanguageID, Text) VALUES (226, 20603, 1,  N'Backup Stopped');
INSERT INTO ResourceTexts (ResourceTextID, ResourceID, LanguageID, Text) VALUES (227, 20603, 2,  N'백업이 종료함');
INSERT INTO ResourceTexts (ResourceTextID, ResourceID, LanguageID, Text) VALUES (228, 20604, 2,  N'백업이 실패함');
INSERT INTO ResourceTexts (ResourceTextID, ResourceID, LanguageID, Text) VALUES (229, 20604, 1,  N'Backup Failed');
INSERT INTO ResourceTexts (ResourceTextID, ResourceID, LanguageID, Text) VALUES (230, 20605, 2,  N'원격 백업이 시작됨');
INSERT INTO ResourceTexts (ResourceTextID, ResourceID, LanguageID, Text) VALUES (231, 20605, 1,  N'Remote Backup Started');
INSERT INTO ResourceTexts (ResourceTextID, ResourceID, LanguageID, Text) VALUES (232, 20606, 1,  N'Remote Backup Stopped');
INSERT INTO ResourceTexts (ResourceTextID, ResourceID, LanguageID, Text) VALUES (233, 20606, 2,  N'원격 백업이 종료됨');
INSERT INTO ResourceTexts (ResourceTextID, ResourceID, LanguageID, Text) VALUES (234, 20607, 1,  N'Remote Backup Failed');
INSERT INTO ResourceTexts (ResourceTextID, ResourceID, LanguageID, Text) VALUES (235, 20607, 2,  N'원격 백업이 실패됨');
INSERT INTO ResourceTexts (ResourceTextID, ResourceID, LanguageID, Text) VALUES (236, 20608, 2,  N'원격 백업이 취소됨');
INSERT INTO ResourceTexts (ResourceTextID, ResourceID, LanguageID, Text) VALUES (237, 20608, 1,  N'Remote Backup Canceled');
INSERT INTO ResourceTexts (ResourceTextID, ResourceID, LanguageID, Text) VALUES (238, 20609, 2,  N'데이터베이스와 연결 되지 못함');
INSERT INTO ResourceTexts (ResourceTextID, ResourceID, LanguageID, Text) VALUES (239, 20609, 1,  N'Database Connection Lost');
INSERT INTO ResourceTexts (ResourceTextID, ResourceID, LanguageID, Text) VALUES (240, 20610, 1,  N'Database Connection Recovered');
INSERT INTO ResourceTexts (ResourceTextID, ResourceID, LanguageID, Text) VALUES (241, 20610, 2,  N'데이터베이스와 연결됨');
INSERT INTO ResourceTexts (ResourceTextID, ResourceID, LanguageID, Text) VALUES (242, 20611, 1,  N'Database Space Full');
INSERT INTO ResourceTexts (ResourceTextID, ResourceID, LanguageID, Text) VALUES (243, 20611, 2,  N'데이터베이스의 공간이 부족함');
INSERT INTO ResourceTexts (ResourceTextID, ResourceID, LanguageID, Text) VALUES (244, 20612, 1,  N'Server Connected');
INSERT INTO ResourceTexts (ResourceTextID, ResourceID, LanguageID, Text) VALUES (245, 20612, 2,  N'서버가 연결됨');
INSERT INTO ResourceTexts (ResourceTextID, ResourceID, LanguageID, Text) VALUES (246, 20613, 2,  N'서버의 연결이 끊어짐');
INSERT INTO ResourceTexts (ResourceTextID, ResourceID, LanguageID, Text) VALUES (247, 20613, 1,  N'Server Disconnected');
INSERT INTO ResourceTexts (ResourceTextID, ResourceID, LanguageID, Text) VALUES (248, 20614, 1,  N'Configuration Changed');
INSERT INTO ResourceTexts (ResourceTextID, ResourceID, LanguageID, Text) VALUES (249, 20614, 2,  N'설정이 변경됨');
INSERT INTO ResourceTexts (ResourceTextID, ResourceID, LanguageID, Text) VALUES (250, 20615, 1,  N'Alarm Triggered');
INSERT INTO ResourceTexts (ResourceTextID, ResourceID, LanguageID, Text) VALUES (251, 20615, 2,  N'알람이 발생함');
INSERT INTO ResourceTexts (ResourceTextID, ResourceID, LanguageID, Text) VALUES (252, 20616, 2,  N'프로그램 로그 쓰기가 실패함');
INSERT INTO ResourceTexts (ResourceTextID, ResourceID, LanguageID, Text) VALUES (253, 20616, 1,  N'Error Writing Application Log');
INSERT INTO ResourceTexts (ResourceTextID, ResourceID, LanguageID, Text) VALUES (254, 20617, 2,  N'녹화 검색 사용 이력');
INSERT INTO ResourceTexts (ResourceTextID, ResourceID, LanguageID, Text) VALUES (255, 20617, 1,  N'Search Module Record');
INSERT INTO ResourceTexts (ResourceTextID, ResourceID, LanguageID, Text) VALUES (256, 20701, 2,  N'사용자가 동영상/이미지 저장을 함');
INSERT INTO ResourceTexts (ResourceTextID, ResourceID, LanguageID, Text) VALUES (257, 20701, 1,  N'Data Exported');
INSERT INTO ResourceTexts (ResourceTextID, ResourceID, LanguageID, Text) VALUES (258, 20702, 2,  N'사용자가 프린트함');
INSERT INTO ResourceTexts (ResourceTextID, ResourceID, LanguageID, Text) VALUES (259, 20702, 1,  N'Data Printed');
INSERT INTO ResourceTexts (ResourceTextID, ResourceID, LanguageID, Text) VALUES (260, 20703, 1,  N'Data Sent To Mail');
INSERT INTO ResourceTexts (ResourceTextID, ResourceID, LanguageID, Text) VALUES (261, 20703, 2,  N'메일을 전송함');
INSERT INTO ResourceTexts (ResourceTextID, ResourceID, LanguageID, Text) VALUES (262, 20704, 1,  N'User Logged In');
INSERT INTO ResourceTexts (ResourceTextID, ResourceID, LanguageID, Text) VALUES (263, 20704, 2,  N'사용자가 로그인함');
INSERT INTO ResourceTexts (ResourceTextID, ResourceID, LanguageID, Text) VALUES (264, 20705, 1,  N'User Logged Off');
INSERT INTO ResourceTexts (ResourceTextID, ResourceID, LanguageID, Text) VALUES (265, 20705, 2,  N'사용자가 로그오프함');
INSERT INTO ResourceTexts (ResourceTextID, ResourceID, LanguageID, Text) VALUES (266, 20706, 2,  N'사용자의 권한이 거부됨');
INSERT INTO ResourceTexts (ResourceTextID, ResourceID, LanguageID, Text) VALUES (267, 20706, 1,  N'User Access Denied');
INSERT INTO ResourceTexts (ResourceTextID, ResourceID, LanguageID, Text) VALUES (268, 20707, 2,  N'장치 인증에 실패함');
INSERT INTO ResourceTexts (ResourceTextID, ResourceID, LanguageID, Text) VALUES (269, 20707, 1,  N'Device Login Failed');
INSERT INTO ResourceTexts (ResourceTextID, ResourceID, LanguageID, Text) VALUES (270, 20708, 2,  N'장치 인증에 성공함');
INSERT INTO ResourceTexts (ResourceTextID, ResourceID, LanguageID, Text) VALUES (271, 20708, 1,  N'Device Login Succeed');
INSERT INTO ResourceTexts (ResourceTextID, ResourceID, LanguageID, Text) VALUES (272, 20709, 2,  N'장치로부터 로그오프함');
INSERT INTO ResourceTexts (ResourceTextID, ResourceID, LanguageID, Text) VALUES (273, 20709, 1,  N'Device Logged Off');
INSERT INTO ResourceTexts (ResourceTextID, ResourceID, LanguageID, Text) VALUES (274, 20710, 2,  N'장치 설정을 시작함');
INSERT INTO ResourceTexts (ResourceTextID, ResourceID, LanguageID, Text) VALUES (275, 20710, 1,  N'Device Setup Started');
INSERT INTO ResourceTexts (ResourceTextID, ResourceID, LanguageID, Text) VALUES (276, 20711, 2,  N'장치 설정을 종료함');
INSERT INTO ResourceTexts (ResourceTextID, ResourceID, LanguageID, Text) VALUES (277, 20711, 1,  N'Device Setup Ended');
INSERT INTO ResourceTexts (ResourceTextID, ResourceID, LanguageID, Text) VALUES (278, 20712, 2,  N'장치 검색을 시작함');
INSERT INTO ResourceTexts (ResourceTextID, ResourceID, LanguageID, Text) VALUES (279, 20712, 1,  N'Device Search Started');
INSERT INTO ResourceTexts (ResourceTextID, ResourceID, LanguageID, Text) VALUES (280, 20713, 2,  N'장치 검색을 종료함');
INSERT INTO ResourceTexts (ResourceTextID, ResourceID, LanguageID, Text) VALUES (281, 20713, 1,  N'Device Search Ended');
INSERT INTO ResourceTexts (ResourceTextID, ResourceID, LanguageID, Text) VALUES (282, 20714, 2,  N'장치 백업을 실행함');
INSERT INTO ResourceTexts (ResourceTextID, ResourceID, LanguageID, Text) VALUES (283, 20714, 1,  N'Device Backup Executed');
INSERT INTO ResourceTexts (ResourceTextID, ResourceID, LanguageID, Text) VALUES (284, 20715, 2,  N'장치 실시간 영상 감시 시작함');
INSERT INTO ResourceTexts (ResourceTextID, ResourceID, LanguageID, Text) VALUES (285, 20715, 1,  N'Device Live Started');
INSERT INTO ResourceTexts (ResourceTextID, ResourceID, LanguageID, Text) VALUES (286, 20716, 2,  N'장치 실시간 영상 감시 종료함');
INSERT INTO ResourceTexts (ResourceTextID, ResourceID, LanguageID, Text) VALUES (287, 20716, 1,  N'Device Live Ended');
INSERT INTO ResourceTexts (ResourceTextID, ResourceID, LanguageID, Text) VALUES (288, 20717, 1,  N'Master Password Created');
INSERT INTO ResourceTexts (ResourceTextID, ResourceID, LanguageID, Text) VALUES (289, 20717, 2,  N'임시 암호 생성됨');
INSERT INTO ResourceTexts (ResourceTextID, ResourceID, LanguageID, Text) VALUES (290, 20801, 2,  N'CPU 사용률이 높음');
INSERT INTO ResourceTexts (ResourceTextID, ResourceID, LanguageID, Text) VALUES (291, 20801, 1,  N'High CPU');
INSERT INTO ResourceTexts (ResourceTextID, ResourceID, LanguageID, Text) VALUES (292, 20802, 1,  N'CPU OK');
INSERT INTO ResourceTexts (ResourceTextID, ResourceID, LanguageID, Text) VALUES (293, 20802, 2,  N'CPU 사용률이 정상임');
INSERT INTO ResourceTexts (ResourceTextID, ResourceID, LanguageID, Text) VALUES (294, 20803, 2,  N'네트워크 사용률이 높음');
INSERT INTO ResourceTexts (ResourceTextID, ResourceID, LanguageID, Text) VALUES (295, 20803, 1,  N'High Network Utilization');
INSERT INTO ResourceTexts (ResourceTextID, ResourceID, LanguageID, Text) VALUES (296, 20804, 1,  N'Network OK');
INSERT INTO ResourceTexts (ResourceTextID, ResourceID, LanguageID, Text) VALUES (297, 20804, 2,  N'네트워크 사용률이 정상임');
INSERT INTO ResourceTexts (ResourceTextID, ResourceID, LanguageID, Text) VALUES (298, 20901, 1,  N'Schedule Rise');
INSERT INTO ResourceTexts (ResourceTextID, ResourceID, LanguageID, Text) VALUES (299, 20901, 2,  N'일정이 실행됨');
INSERT INTO ResourceTexts (ResourceTextID, ResourceID, LanguageID, Text) VALUES (300, 20902, 2,  N'일정이 종료됨');
INSERT INTO ResourceTexts (ResourceTextID, ResourceID, LanguageID, Text) VALUES (301, 20902, 1,  N'Schedule Fall');
INSERT INTO ResourceTexts (ResourceTextID, ResourceID, LanguageID, Text) VALUES (302, 21001, 2,  N'메타데이터를 받았슴');
INSERT INTO ResourceTexts (ResourceTextID, ResourceID, LanguageID, Text) VALUES (303, 21001, 1,  N'Metadata Received');
INSERT INTO ResourceTexts (ResourceTextID, ResourceID, LanguageID, Text) VALUES (304, 21101, 2,  N'USB 삽입됨');
INSERT INTO ResourceTexts (ResourceTextID, ResourceID, LanguageID, Text) VALUES (305, 21101, 1,  N'USB Inserted');
INSERT INTO ResourceTexts (ResourceTextID, ResourceID, LanguageID, Text) VALUES (306, 21102, 2,  N'USB 제거됨');
INSERT INTO ResourceTexts (ResourceTextID, ResourceID, LanguageID, Text) VALUES (307, 21102, 1,  N'USB Removed');
INSERT INTO ResourceTexts (ResourceTextID, ResourceID, LanguageID, Text) VALUES (308, 21103, 2,  N'TCP 접속됨');
INSERT INTO ResourceTexts (ResourceTextID, ResourceID, LanguageID, Text) VALUES (309, 21103, 1,  N'TCP Connected');
INSERT INTO ResourceTexts (ResourceTextID, ResourceID, LanguageID, Text) VALUES (310, 21104, 2,  N'TCP 종료됨');
INSERT INTO ResourceTexts (ResourceTextID, ResourceID, LanguageID, Text) VALUES (311, 21104, 1,  N'TCP Disconnected');
INSERT INTO ResourceTexts (ResourceTextID, ResourceID, LanguageID, Text) VALUES (312, 21301, 1,  N'User Added');
INSERT INTO ResourceTexts (ResourceTextID, ResourceID, LanguageID, Text) VALUES (313, 21301, 2,  N'사용자가 추가됨');
INSERT INTO ResourceTexts (ResourceTextID, ResourceID, LanguageID, Text) VALUES (314, 21302, 1,  N'User Deleted');
INSERT INTO ResourceTexts (ResourceTextID, ResourceID, LanguageID, Text) VALUES (315, 21302, 2,  N'사용자가 삭제됨');
INSERT INTO ResourceTexts (ResourceTextID, ResourceID, LanguageID, Text) VALUES (316, 21303, 1,  N'User Changed');
INSERT INTO ResourceTexts (ResourceTextID, ResourceID, LanguageID, Text) VALUES (317, 21303, 2,  N'사용자가 변경됨');
INSERT INTO ResourceTexts (ResourceTextID, ResourceID, LanguageID, Text) VALUES (318, 21304, 1,  N'Device Added');
INSERT INTO ResourceTexts (ResourceTextID, ResourceID, LanguageID, Text) VALUES (319, 21304, 2,  N'장치가 추가됨');
INSERT INTO ResourceTexts (ResourceTextID, ResourceID, LanguageID, Text) VALUES (320, 21305, 1,  N'Device Deleted');
INSERT INTO ResourceTexts (ResourceTextID, ResourceID, LanguageID, Text) VALUES (321, 21305, 2,  N'장치가 삭제됨');
INSERT INTO ResourceTexts (ResourceTextID, ResourceID, LanguageID, Text) VALUES (322, 21401, 1,  N'LPR Server Detected');
INSERT INTO ResourceTexts (ResourceTextID, ResourceID, LanguageID, Text) VALUES (323, 21401, 2,  N'번호 인식 서버 이벤트');
INSERT INTO ResourceTexts (ResourceTextID, ResourceID, LanguageID, Text) VALUES (324, 21402, 1,  N'Face Recognition Detected');
INSERT INTO ResourceTexts (ResourceTextID, ResourceID, LanguageID, Text) VALUES (325, 21402, 2,  N'안면 인식 서버 이벤트');
INSERT INTO ResourceTexts (ResourceTextID, ResourceID, LanguageID, Text) VALUES (326, 21501, 1,  N'Request Mobile Alarm');
INSERT INTO ResourceTexts (ResourceTextID, ResourceID, LanguageID, Text) VALUES (327, 21501, 2,  N'모바일 영상 요청 이벤트');
INSERT INTO ResourceTexts (ResourceTextID, ResourceID, LanguageID, Text) VALUES (328, 21502, 1,  N'Completed Mobile Alarm');
INSERT INTO ResourceTexts (ResourceTextID, ResourceID, LanguageID, Text) VALUES (329, 21502, 2,  N'모바일 상황 종료 이벤트');
INSERT INTO ResourceTexts (ResourceTextID, ResourceID, LanguageID, Text) VALUES (330, 21503, 1,  N'Mobile Emergency Notification');
INSERT INTO ResourceTexts (ResourceTextID, ResourceID, LanguageID, Text) VALUES (331, 21503, 2,  N'모바일 긴급 상황 알림');
INSERT INTO ResourceTexts (ResourceTextID, ResourceID, LanguageID, Text) VALUES (332, 21504, 1,  N'Mobile Request Search Video');
INSERT INTO ResourceTexts (ResourceTextID, ResourceID, LanguageID, Text) VALUES (333, 21504, 2,  N'모바일 저장 영상 요청');
INSERT INTO ResourceTexts (ResourceTextID, ResourceID, LanguageID, Text) VALUES (334, 50001, 1,  N'English');
INSERT INTO ResourceTexts (ResourceTextID, ResourceID, LanguageID, Text) VALUES (335, 50001, 2,  N'영어');
INSERT INTO ResourceTexts (ResourceTextID, ResourceID, LanguageID, Text) VALUES (336, 50002, 2,  N'한국어');
INSERT INTO ResourceTexts (ResourceTextID, ResourceID, LanguageID, Text) VALUES (337, 50002, 1,  N'Korean');
INSERT INTO ResourceTexts (ResourceTextID, ResourceID, LanguageID, Text) VALUES (338, 50003, 1,  N'Russian');
INSERT INTO ResourceTexts (ResourceTextID, ResourceID, LanguageID, Text) VALUES (339, 50003, 2,  N'러시아어');
INSERT INTO ResourceTexts (ResourceTextID, ResourceID, LanguageID, Text) VALUES (340, 50004, 2,  N'투르크멘어');
INSERT INTO ResourceTexts (ResourceTextID, ResourceID, LanguageID, Text) VALUES (341, 50004, 1,  N'Turkmence');
INSERT INTO ResourceTexts (ResourceTextID, ResourceID, LanguageID, Text) VALUES (342, 60001, 1,  N'Search');
INSERT INTO ResourceTexts (ResourceTextID, ResourceID, LanguageID, Text) VALUES (343, 60001, 2,  N'검색');
INSERT INTO ResourceTexts (ResourceTextID, ResourceID, LanguageID, Text) VALUES (344, 60002, 1,  N'View Alarms');
INSERT INTO ResourceTexts (ResourceTextID, ResourceID, LanguageID, Text) VALUES (345, 60002, 2,  N'알람 보기');
INSERT INTO ResourceTexts (ResourceTextID, ResourceID, LanguageID, Text) VALUES (346, 60003, 2,  N'알람 편집');
INSERT INTO ResourceTexts (ResourceTextID, ResourceID, LanguageID, Text) VALUES (347, 60003, 1,  N'Edit Alarms');
INSERT INTO ResourceTexts (ResourceTextID, ResourceID, LanguageID, Text) VALUES (348, 60004, 1,  N'View Maps');
INSERT INTO ResourceTexts (ResourceTextID, ResourceID, LanguageID, Text) VALUES (349, 60004, 2,  N'지도 보기');
INSERT INTO ResourceTexts (ResourceTextID, ResourceID, LanguageID, Text) VALUES (350, 60005, 2,  N'설정 관리자');
INSERT INTO ResourceTexts (ResourceTextID, ResourceID, LanguageID, Text) VALUES (351, 60005, 1,  N'Config Manager');
INSERT INTO ResourceTexts (ResourceTextID, ResourceID, LanguageID, Text) VALUES (352, 60006, 1,  N'Admin Tool');
INSERT INTO ResourceTexts (ResourceTextID, ResourceID, LanguageID, Text) VALUES (353, 60006, 2,  N'관리자 도구');
INSERT INTO ResourceTexts (ResourceTextID, ResourceID, LanguageID, Text) VALUES (354, 60007, 1,  N'Modify Layouts');
INSERT INTO ResourceTexts (ResourceTextID, ResourceID, LanguageID, Text) VALUES (355, 60007, 2,  N'채널 수정');
INSERT INTO ResourceTexts (ResourceTextID, ResourceID, LanguageID, Text) VALUES (356, 60008, 1,  N'Access Site');
INSERT INTO ResourceTexts (ResourceTextID, ResourceID, LanguageID, Text) VALUES (357, 60008, 2,  N'사이트 접근');
INSERT INTO ResourceTexts (ResourceTextID, ResourceID, LanguageID, Text) VALUES (358, 60009, 1,  N'PTZ Exclusive Lock');
INSERT INTO ResourceTexts (ResourceTextID, ResourceID, LanguageID, Text) VALUES (359, 60009, 2,  N'PTZ 독점');
INSERT INTO ResourceTexts (ResourceTextID, ResourceID, LanguageID, Text) VALUES (360, 60010, 1,  N'Instant Recording');
INSERT INTO ResourceTexts (ResourceTextID, ResourceID, LanguageID, Text) VALUES (361, 60010, 2,  N'즉시 녹화');
INSERT INTO ResourceTexts (ResourceTextID, ResourceID, LanguageID, Text) VALUES (362, 60011, 1,  N'Access Device');
INSERT INTO ResourceTexts (ResourceTextID, ResourceID, LanguageID, Text) VALUES (363, 60011, 2,  N'장치 접근');
INSERT INTO ResourceTexts (ResourceTextID, ResourceID, LanguageID, Text) VALUES (364, 60012, 2,  N'PTZ 사용');
INSERT INTO ResourceTexts (ResourceTextID, ResourceID, LanguageID, Text) VALUES (365, 60012, 1,  N'PTZ Control');
INSERT INTO ResourceTexts (ResourceTextID, ResourceID, LanguageID, Text) VALUES (366, 60013, 1,  N'PTZ Exclusive Lock');
INSERT INTO ResourceTexts (ResourceTextID, ResourceID, LanguageID, Text) VALUES (367, 60013, 2,  N'PTZ 독점');
INSERT INTO ResourceTexts (ResourceTextID, ResourceID, LanguageID, Text) VALUES (368, 60014, 2,  N'즉시 녹화');
INSERT INTO ResourceTexts (ResourceTextID, ResourceID, LanguageID, Text) VALUES (369, 60014, 1,  N'Instant Recording');
INSERT INTO ResourceTexts (ResourceTextID, ResourceID, LanguageID, Text) VALUES (370, 60015, 1,  N'Export Video');
INSERT INTO ResourceTexts (ResourceTextID, ResourceID, LanguageID, Text) VALUES (371, 60015, 2,  N'영상 내보내기');
INSERT INTO ResourceTexts (ResourceTextID, ResourceID, LanguageID, Text) VALUES (372, 60016, 2,  N'그림 인쇄');
INSERT INTO ResourceTexts (ResourceTextID, ResourceID, LanguageID, Text) VALUES (373, 60016, 1,  N'Print Images');
INSERT INTO ResourceTexts (ResourceTextID, ResourceID, LanguageID, Text) VALUES (374, 60017, 2,  N'매크로 접근');
INSERT INTO ResourceTexts (ResourceTextID, ResourceID, LanguageID, Text) VALUES (375, 60017, 1,  N'Access Macro');
INSERT INTO ResourceTexts (ResourceTextID, ResourceID, LanguageID, Text) VALUES (376, 60018, 2,  N'번호판 인식');
INSERT INTO ResourceTexts (ResourceTextID, ResourceID, LanguageID, Text) VALUES (377, 60018, 1,  N'Recognition');
INSERT INTO ResourceTexts (ResourceTextID, ResourceID, LanguageID, Text) VALUES (378, 60019, 2,  N'영상 채널 접근');
INSERT INTO ResourceTexts (ResourceTextID, ResourceID, LanguageID, Text) VALUES (379, 60019, 1,  N'ViewLayout');
INSERT INTO ResourceTexts (ResourceTextID, ResourceID, LanguageID, Text) VALUES (380, 60020, 2,  N'프리셋 설정');
INSERT INTO ResourceTexts (ResourceTextID, ResourceID, LanguageID, Text) VALUES (381, 60020, 1,  N'Modify Presets');
INSERT INTO ResourceTexts (ResourceTextID, ResourceID, LanguageID, Text) VALUES (382, 60021, 2,  N'장치 바로 연결');
INSERT INTO ResourceTexts (ResourceTextID, ResourceID, LanguageID, Text) VALUES (383, 60021, 1,  N'EndPoint Login');
INSERT INTO ResourceTexts (ResourceTextID, ResourceID, LanguageID, Text) VALUES (384, 60022, 1,  N'Export Image');
INSERT INTO ResourceTexts (ResourceTextID, ResourceID, LanguageID, Text) VALUES (385, 60022, 2,  N'영상 이미지 저장');
INSERT INTO ResourceTexts (ResourceTextID, ResourceID, LanguageID, Text) VALUES (386, 60023, 1,  N'Change Expiration Date For Export');
INSERT INTO ResourceTexts (ResourceTextID, ResourceID, LanguageID, Text) VALUES (387, 60023, 2,  N'영상 내보내기 만료 기간 변경');
INSERT INTO ResourceTexts (ResourceTextID, ResourceID, LanguageID, Text) VALUES (388, 60024, 1,  N'Restart module for network device');
INSERT INTO ResourceTexts (ResourceTextID, ResourceID, LanguageID, Text) VALUES (389, 60024, 2,  N'네트워크 장치 재시작');
INSERT INTO ResourceTexts (ResourceTextID, ResourceID, LanguageID, Text) VALUES (390, 60025, 1,  N'Reconnect to network device');
INSERT INTO ResourceTexts (ResourceTextID, ResourceID, LanguageID, Text) VALUES (391, 60025, 2,  N'네트워크 장치 재연결');
INSERT INTO ResourceTexts (ResourceTextID, ResourceID, LanguageID, Text) VALUES (392, 60026, 1, N'Default Access Site');
INSERT INTO ResourceTexts (ResourceTextID, ResourceID, LanguageID, Text) VALUES (393, 60026, 2, N'기본 위치 접근');
INSERT INTO ResourceTexts (ResourceTextID, ResourceID, LanguageID, Text) VALUES (394, 60027, 1, N'Default Access Device');
INSERT INTO ResourceTexts (ResourceTextID, ResourceID, LanguageID, Text) VALUES (395, 60027, 2, N'기본 장치 접근');
INSERT INTO ResourceTexts (ResourceTextID, ResourceID, LanguageID, Text) VALUES (396, 61001, 1,  N'Allow access to search features in the Remote Client.');
INSERT INTO ResourceTexts (ResourceTextID, ResourceID, LanguageID, Text) VALUES (397, 61001, 2,  N'원격영상관리자에서 검색 기능 접근을 허락합니다.');
INSERT INTO ResourceTexts (ResourceTextID, ResourceID, LanguageID, Text) VALUES (398, 61002, 2,  N'원격영상관리자에서 알람 보기와 알람 감시 열기를 허락합니다.');
INSERT INTO ResourceTexts (ResourceTextID, ResourceID, LanguageID, Text) VALUES (399, 61002, 1,  N'Allow viewing alarms and opening the Alarm Manager in the Remote Client.');
INSERT INTO ResourceTexts (ResourceTextID, ResourceID, LanguageID, Text) VALUES (400, 61003, 1,  N'Allow updating alarms in the Remote Client. Requires permission to "View Alarms".');
INSERT INTO ResourceTexts (ResourceTextID, ResourceID, LanguageID, Text) VALUES (401, 61003, 2,  N'원격영상관리자에서 알람 갱신을 허락합니다. "알람 보기" 권한이 먼저 요구됩니다.');
INSERT INTO ResourceTexts (ResourceTextID, ResourceID, LanguageID, Text) VALUES (402, 61004, 2,  N'원격영상관리자에서 지도 보기를 허락합니다.');
INSERT INTO ResourceTexts (ResourceTextID, ResourceID, LanguageID, Text) VALUES (403, 61004, 1,  N'Allow viewing Maps in the Remote Client.');
INSERT INTO ResourceTexts (ResourceTextID, ResourceID, LanguageID, Text) VALUES (404, 61005, 1,  N'Allow running the Config Manager.');
INSERT INTO ResourceTexts (ResourceTextID, ResourceID, LanguageID, Text) VALUES (405, 61005, 2,  N'설정 관리자 실행을 허락합니다.');
INSERT INTO ResourceTexts (ResourceTextID, ResourceID, LanguageID, Text) VALUES (406, 61006, 2,  N'서버 관리를 위한 관리자 도구 실행을 허락합니다.');
INSERT INTO ResourceTexts (ResourceTextID, ResourceID, LanguageID, Text) VALUES (407, 61006, 1,  N'Allow running the Admin Tool, used for server administration.');
INSERT INTO ResourceTexts (ResourceTextID, ResourceID, LanguageID, Text) VALUES (408, 61007, 2,  N'화면 분할 변경을 허락합니다. 권한이 없으면 사용자는 기본 분할 화면만을 볼 수 있습니다.');
INSERT INTO ResourceTexts (ResourceTextID, ResourceID, LanguageID, Text) VALUES (409, 61007, 1,  N'Allow making changes to Views and tile layouts. If denied, the user may only load public Views.');
INSERT INTO ResourceTexts (ResourceTextID, ResourceID, LanguageID, Text) VALUES (410, 61008, 1,  N'Allow the user to view the site and access all of its devices.');
INSERT INTO ResourceTexts (ResourceTextID, ResourceID, LanguageID, Text) VALUES (411, 61008, 2,  N'사용자가 사이트와 속한 모든 장비들의 접근을 허락합니다.');
INSERT INTO ResourceTexts (ResourceTextID, ResourceID, LanguageID, Text) VALUES (412, 61009, 2,  N'두명의 사용자가 동시에 PTZ 독점을 요구 할 때 우선순위를 결정하는 접근 레벨을 설정합니다.');
INSERT INTO ResourceTexts (ResourceTextID, ResourceID, LanguageID, Text) VALUES (413, 61009, 1,  N'Sets the access level used to determine who has priority if two users attempt to acquire a PTZ lock at the same time.');
INSERT INTO ResourceTexts (ResourceTextID, ResourceID, LanguageID, Text) VALUES (414, 61010, 2,  N'두명의 사용자가 동시에 즉시 녹화 기능을 실행 할 때 우선순위를 결정하는 접근 레벨을 설정합니다.');
INSERT INTO ResourceTexts (ResourceTextID, ResourceID, LanguageID, Text) VALUES (415, 61010, 1,  N'Sets the access level used to determine who has priority if two users attempt to perform instant record functions at the same time.');
INSERT INTO ResourceTexts (ResourceTextID, ResourceID, LanguageID, Text) VALUES (416, 61011, 1,  N'Allow the user to access the device, if they have access to the site the device belongs to. Defaults to true.');
INSERT INTO ResourceTexts (ResourceTextID, ResourceID, LanguageID, Text) VALUES (417, 61011, 2,  N'해당 장비가 속해 있는 사이트의 권한을 가지고 있을 경우 장비에 대한 접근을 허락합니다. 기본값은 True 입니다.');
INSERT INTO ResourceTexts (ResourceTextID, ResourceID, LanguageID, Text) VALUES (418, 61012, 1,  N'Allow the user to control the PTZ functions of the camera.');
INSERT INTO ResourceTexts (ResourceTextID, ResourceID, LanguageID, Text) VALUES (419, 61012, 2,  N'해당 카메라의 PTZ 기능 제어를 허락합니다.');
INSERT INTO ResourceTexts (ResourceTextID, ResourceID, LanguageID, Text) VALUES (420, 61013, 1,  N'Allow the user to acquire exclusive access to PTZ functions.');
INSERT INTO ResourceTexts (ResourceTextID, ResourceID, LanguageID, Text) VALUES (421, 61013, 2,  N'PTZ 기능 독점 권한 요구를 허락합니다.');
INSERT INTO ResourceTexts (ResourceTextID, ResourceID, LanguageID, Text) VALUES (422, 61014, 2,  N'실시간 영상에서 즉시 녹화를 허락합니다.');
INSERT INTO ResourceTexts (ResourceTextID, ResourceID, LanguageID, Text) VALUES (423, 61014, 1,  N'Allow instant recording in Live Viewer (manual recording).');
INSERT INTO ResourceTexts (ResourceTextID, ResourceID, LanguageID, Text) VALUES (424, 61015, 2,  N'검색이나 알람 보기에서 영상 내보내기를 허락합니다.');
INSERT INTO ResourceTexts (ResourceTextID, ResourceID, LanguageID, Text) VALUES (425, 61015, 1,  N'Allow the user to export video from Search or Alarms.');
INSERT INTO ResourceTexts (ResourceTextID, ResourceID, LanguageID, Text) VALUES (426, 61016, 1,  N'Allow the user to print images from Live, Search, or Alarms.');
INSERT INTO ResourceTexts (ResourceTextID, ResourceID, LanguageID, Text) VALUES (427, 61016, 2,  N'실시간 영상, 검색, 알람 보기에서 그림 인쇄를 허락합니다.');
INSERT INTO ResourceTexts (ResourceTextID, ResourceID, LanguageID, Text) VALUES (428, 61017, 1,  N'Allow the user to view and execute the Macro in the Remote Client.');
INSERT INTO ResourceTexts (ResourceTextID, ResourceID, LanguageID, Text) VALUES (429, 61017, 2,  N'Remote Client 에서 매크로 보기와 실행을 허락합니다.');
INSERT INTO ResourceTexts (ResourceTextID, ResourceID, LanguageID, Text) VALUES (430, 61018, 1,  N'Allow access to recognition features in the Remote Client.');
INSERT INTO ResourceTexts (ResourceTextID, ResourceID, LanguageID, Text) VALUES (431, 61018, 2,  N'원격영상관리자에서 번호판 인식 기능을 허락합니다.');
INSERT INTO ResourceTexts (ResourceTextID, ResourceID, LanguageID, Text) VALUES (432, 61019, 1,  N'Allow access to ViewLayout.');
INSERT INTO ResourceTexts (ResourceTextID, ResourceID, LanguageID, Text) VALUES (433, 61019, 2,  N'영상 채널 보기 기능을 허락합니다.');
INSERT INTO ResourceTexts (ResourceTextID, ResourceID, LanguageID, Text) VALUES (434, 61020, 1,  N'Allow access to modify preset.');
INSERT INTO ResourceTexts (ResourceTextID, ResourceID, LanguageID, Text) VALUES (435, 61020, 2,  N'원격영상관리자에서 프리셋 설정 기능을 허락합니다.');
INSERT INTO ResourceTexts (ResourceTextID, ResourceID, LanguageID, Text) VALUES (436, 61021, 1,  N'Allow the user to login to network device from live, search.');
INSERT INTO ResourceTexts (ResourceTextID, ResourceID, LanguageID, Text) VALUES (437, 61021, 2,  N'실시간 영상 확인 및 검색을 위해 장치로 바로 연결할 수 있습니다.');
INSERT INTO ResourceTexts (ResourceTextID, ResourceID, LanguageID, Text) VALUES (438, 61022, 2,  N'선택된 카메라의 영상을 이미지로 저장할 수 있습니다.');
INSERT INTO ResourceTexts (ResourceTextID, ResourceID, LanguageID, Text) VALUES (439, 61022, 1,  N'Allow the user to export image from Search or Alarms');
INSERT INTO ResourceTexts (ResourceTextID, ResourceID, LanguageID, Text) VALUES (440, 61023, 1,  N'Allow generate to key for changing expiration date for backuped video as archive format.');
INSERT INTO ResourceTexts (ResourceTextID, ResourceID, LanguageID, Text) VALUES (441, 61023, 2,  N'저장 포맷으로 백업된 영상의 만료 기간 연장을 위한 키를 생성할 수 있습니다.');
INSERT INTO ResourceTexts (ResourceTextID, ResourceID, LanguageID, Text) VALUES (442, 61024, 1,  N'Allow the user to restart module for network device.');
INSERT INTO ResourceTexts (ResourceTextID, ResourceID, LanguageID, Text) VALUES (443, 61024, 2,  N'네트워크 장치를 위한 모듈을 재시작할 수 있습니다.');
INSERT INTO ResourceTexts (ResourceTextID, ResourceID, LanguageID, Text) VALUES (444, 61025, 1,  N'Allow the user to reconnect to network device.');
INSERT INTO ResourceTexts (ResourceTextID, ResourceID, LanguageID, Text) VALUES (445, 61025, 2,  N'네트워크 장치를 재연결할 수 있습니다.');
INSERT INTO ResourceTexts (ResourceTextID, ResourceID, LanguageID, Text) VALUES (446, 61026, 1, N'Allow the user to access the site by default.');
INSERT INTO ResourceTexts (ResourceTextID, ResourceID, LanguageID, Text) VALUES (447, 61026, 2, N'위치에 있는 장치들을 기본적으로 사용할 수 있습니다.');
INSERT INTO ResourceTexts (ResourceTextID, ResourceID, LanguageID, Text) VALUES (448, 61027, 1, N'Allow the user to access the device by default.');
INSERT INTO ResourceTexts (ResourceTextID, ResourceID, LanguageID, Text) VALUES (449, 61027, 2, N'장치를 기본적으로 사용할 수 있습니다.');
INSERT INTO ResourceTexts (ResourceTextID, ResourceID, LanguageID, Text) VALUES (450, 70001, 2,  N'한국');
INSERT INTO ResourceTexts (ResourceTextID, ResourceID, LanguageID, Text) VALUES (451, 70001, 1,  N'Korea');
INSERT INTO ResourceTexts (ResourceTextID, ResourceID, LanguageID, Text) VALUES (452, 70001, 1,  N'Korea');
INSERT INTO ResourceTexts (ResourceTextID, ResourceID, LanguageID, Text) VALUES (453, 70002, 1,  N'United States');
INSERT INTO ResourceTexts (ResourceTextID, ResourceID, LanguageID, Text) VALUES (454, 70002, 2,  N'미국');
INSERT INTO ResourceTexts (ResourceTextID, ResourceID, LanguageID, Text) VALUES (455, 71001, 1,  N'Guro');
INSERT INTO ResourceTexts (ResourceTextID, ResourceID, LanguageID, Text) VALUES (456, 71002, 1,  N'Washington');
INSERT INTO ResourceTexts (ResourceTextID, ResourceID, LanguageID, Text) VALUES (457, 71003, 1,  N'New York City');
INSERT INTO ResourceTexts (ResourceTextID, ResourceID, LanguageID, Text) VALUES (458, 72001, 1,  N'Seoul');
INSERT INTO ResourceTexts (ResourceTextID, ResourceID, LanguageID, Text) VALUES (459, 72002, 1,  N'Spokane');
INSERT INTO ResourceTexts (ResourceTextID, ResourceID, LanguageID, Text) VALUES (460, 72003, 1,  N'New York');
INSERT INTO ResourceTexts (ResourceTextID, ResourceID, LanguageID, Text) VALUES (461, 80001, 1,  N'Pending Review');
INSERT INTO ResourceTexts (ResourceTextID, ResourceID, LanguageID, Text) VALUES (462, 80001, 2,  N'미확인');
INSERT INTO ResourceTexts (ResourceTextID, ResourceID, LanguageID, Text) VALUES (463, 80002, 1,  N'Open');
INSERT INTO ResourceTexts (ResourceTextID, ResourceID, LanguageID, Text) VALUES (464, 80002, 2,  N'열림');
INSERT INTO ResourceTexts (ResourceTextID, ResourceID, LanguageID, Text) VALUES (465, 80003, 2,  N'확인');
INSERT INTO ResourceTexts (ResourceTextID, ResourceID, LanguageID, Text) VALUES (466, 80003, 1,  N'Confirmed');
INSERT INTO ResourceTexts (ResourceTextID, ResourceID, LanguageID, Text) VALUES (467, 80004, 1,  N'Discarded');
INSERT INTO ResourceTexts (ResourceTextID, ResourceID, LanguageID, Text) VALUES (468, 80004, 2,  N'제거');
INSERT INTO ResourceTexts (ResourceTextID, ResourceID, LanguageID, Text) VALUES (469, 80005, 1,  N'Processing');
INSERT INTO ResourceTexts (ResourceTextID, ResourceID, LanguageID, Text) VALUES (470, 80005, 2,  N'처리중');
INSERT INTO ResourceTexts (ResourceTextID, ResourceID, LanguageID, Text) VALUES (471, 80006, 1,  N'Unresolved');
INSERT INTO ResourceTexts (ResourceTextID, ResourceID, LanguageID, Text) VALUES (472, 80006, 2,  N'미해결');
INSERT INTO ResourceTexts (ResourceTextID, ResourceID, LanguageID, Text) VALUES (473, 80007, 1,  N'Resolved');
INSERT INTO ResourceTexts (ResourceTextID, ResourceID, LanguageID, Text) VALUES (474, 80007, 2,  N'해결');
INSERT INTO ResourceTexts (ResourceTextID, ResourceID, LanguageID, Text) VALUES (475, 80008, 1,  N'Close');
INSERT INTO ResourceTexts (ResourceTextID, ResourceID, LanguageID, Text) VALUES (476, 80008, 2,  N'종료');
INSERT INTO ResourceTexts (ResourceTextID, ResourceID, LanguageID, Text) VALUES (477, 80009, 1,  N'Not Processed');
INSERT INTO ResourceTexts (ResourceTextID, ResourceID, LanguageID, Text) VALUES (478, 80009, 2,  N'미처리');
INSERT INTO ResourceTexts (ResourceTextID, ResourceID, LanguageID, Text) VALUES (479, 81001, 1,  N'User Defined 1');
INSERT INTO ResourceTexts (ResourceTextID, ResourceID, LanguageID, Text) VALUES (480, 81001, 2,  N'사용자 정의 1');
INSERT INTO ResourceTexts (ResourceTextID, ResourceID, LanguageID, Text) VALUES (481, 81002, 2,  N'사용자 정의 2');
INSERT INTO ResourceTexts (ResourceTextID, ResourceID, LanguageID, Text) VALUES (482, 81002, 1,  N'User Defined 2');
INSERT INTO ResourceTexts (ResourceTextID, ResourceID, LanguageID, Text) VALUES (483, 81003, 1,  N'User Defined 3');
INSERT INTO ResourceTexts (ResourceTextID, ResourceID, LanguageID, Text) VALUES (484, 81003, 2,  N'사용자 정의 3');
INSERT INTO ResourceTexts (ResourceTextID, ResourceID, LanguageID, Text) VALUES (485, 82001, 2,  N'낮음');
INSERT INTO ResourceTexts (ResourceTextID, ResourceID, LanguageID, Text) VALUES (486, 82001, 1,  N'Low');
INSERT INTO ResourceTexts (ResourceTextID, ResourceID, LanguageID, Text) VALUES (487, 82002, 1,  N'Normal');
INSERT INTO ResourceTexts (ResourceTextID, ResourceID, LanguageID, Text) VALUES (488, 82002, 2,  N'보통');
INSERT INTO ResourceTexts (ResourceTextID, ResourceID, LanguageID, Text) VALUES (489, 82003, 2,  N'높음');
INSERT INTO ResourceTexts (ResourceTextID, ResourceID, LanguageID, Text) VALUES (490, 82003, 1,  N'High');
INSERT INTO ResourceTexts (ResourceTextID, ResourceID, LanguageID, Text) VALUES (491, 83001, 1,  N'None');
INSERT INTO ResourceTexts (ResourceTextID, ResourceID, LanguageID, Text) VALUES (492, 90001, 1,  N'Device Name');
INSERT INTO ResourceTexts (ResourceTextID, ResourceID, LanguageID, Text) VALUES (493, 90002, 1,  N'Description');
INSERT INTO ResourceTexts (ResourceTextID, ResourceID, LanguageID, Text) VALUES (494, 90003, 1,  N'Displayed Text');
INSERT INTO ResourceTexts (ResourceTextID, ResourceID, LanguageID, Text) VALUES (495, 90004, 1,  N'IP Address');
INSERT INTO ResourceTexts (ResourceTextID, ResourceID, LanguageID, Text) VALUES (496, 90005, 1,  N'Port');
INSERT INTO ResourceTexts (ResourceTextID, ResourceID, LanguageID, Text) VALUES (497, 90006, 1,  N'Host Name');
INSERT INTO ResourceTexts (ResourceTextID, ResourceID, LanguageID, Text) VALUES (498, 90007, 1,  N'User Name');
INSERT INTO ResourceTexts (ResourceTextID, ResourceID, LanguageID, Text) VALUES (499, 90008, 1,  N'First Name');
INSERT INTO ResourceTexts (ResourceTextID, ResourceID, LanguageID, Text) VALUES (500, 90009, 1,  N'Last Name');
INSERT INTO ResourceTexts (ResourceTextID, ResourceID, LanguageID, Text) VALUES (501, 100001, 2,  N'CCTV 감시');
INSERT INTO ResourceTexts (ResourceTextID, ResourceID, LanguageID, Text) VALUES (502, 100001, 1,  N'Custom View for Service Code');
INSERT INTO ResourceTexts (ResourceTextID, ResourceID, LanguageID, Text) VALUES (503, 100002, 2,  N'불법 주정차 감시');
INSERT INTO ResourceTexts (ResourceTextID, ResourceID, LanguageID, Text) VALUES (504, 100002, 1,  N'Recognition View for Service Code');
INSERT INTO ResourceTexts (ResourceTextID, ResourceID, LanguageID, Text) VALUES (505, 100003, 2,  N'검지 추적 감시');
INSERT INTO ResourceTexts (ResourceTextID, ResourceID, LanguageID, Text) VALUES (506, 100003, 1,  N'Tracking View for Service Code');
INSERT INTO ResourceTexts (ResourceTextID, ResourceID, LanguageID, Text) VALUES (507, 101001, 1,  N'Recognition Completion');
INSERT INTO ResourceTexts (ResourceTextID, ResourceID, LanguageID, Text) VALUES (508, 101001, 2,  N'단속 완료');
INSERT INTO ResourceTexts (ResourceTextID, ResourceID, LanguageID, Text) VALUES (509, 101002, 2,  N'계도 처리');
INSERT INTO ResourceTexts (ResourceTextID, ResourceID, LanguageID, Text) VALUES (510, 101002, 1,  N'Recognition Failure');
INSERT INTO ResourceTexts (ResourceTextID, ResourceID, LanguageID, Text) VALUES (511, 101003, 2,  N'단속 확정');
INSERT INTO ResourceTexts (ResourceTextID, ResourceID, LanguageID, Text) VALUES (512, 101003, 1,  N'Recognition Settlement');
INSERT INTO ResourceTexts (ResourceTextID, ResourceID, LanguageID, Text) VALUES (513, 101004, 2,  N'취소 보관');
INSERT INTO ResourceTexts (ResourceTextID, ResourceID, LanguageID, Text) VALUES (514, 101004, 1,  N'Recognition Cancellation Custody');
INSERT INTO ResourceTexts (ResourceTextID, ResourceID, LanguageID, Text) VALUES (515, 101005, 2,  N'1차 단속');
INSERT INTO ResourceTexts (ResourceTextID, ResourceID, LanguageID, Text) VALUES (516, 101005, 1,  N'First Step');
INSERT INTO ResourceTexts (ResourceTextID, ResourceID, LanguageID, Text) VALUES (517, 101006, 2,  N'확정 대기');
INSERT INTO ResourceTexts (ResourceTextID, ResourceID, LanguageID, Text) VALUES (518, 101006, 1,  N'Waiting Settlement');
INSERT INTO ResourceTexts (ResourceTextID, ResourceID, LanguageID, Text) VALUES (519, 102001, 2,  N'처리 대기');
INSERT INTO ResourceTexts (ResourceTextID, ResourceID, LanguageID, Text) VALUES (520, 102001, 1,  N'GIS Safety Event Standby');
INSERT INTO ResourceTexts (ResourceTextID, ResourceID, LanguageID, Text) VALUES (521, 102002, 1,  N'GIS Safety Event Transfer');
INSERT INTO ResourceTexts (ResourceTextID, ResourceID, LanguageID, Text) VALUES (522, 102002, 2,  N'처리 이관');
INSERT INTO ResourceTexts (ResourceTextID, ResourceID, LanguageID, Text) VALUES (523, 102003, 1,  N'GIS Safety Event Direct Handle');
INSERT INTO ResourceTexts (ResourceTextID, ResourceID, LanguageID, Text) VALUES (524, 102003, 2,  N'직접 처리');
INSERT INTO ResourceTexts (ResourceTextID, ResourceID, LanguageID, Text) VALUES (525, 102004, 1,  N'GIS Safety Event Completion');
INSERT INTO ResourceTexts (ResourceTextID, ResourceID, LanguageID, Text) VALUES (526, 102004, 2,  N'처리 완료');
INSERT INTO ResourceTexts (ResourceTextID, ResourceID, LanguageID, Text) VALUES (527, 60028, 1, N'Export View Image');
INSERT INTO ResourceTexts (ResourceTextID, ResourceID, LanguageID, Text) VALUES (528, 60028, 2, N'영상 출력 영역 이미지 저장');
INSERT INTO ResourceTexts (ResourceTextID, ResourceID, LanguageID, Text) VALUES (529, 61028, 1, N'Allow the user to export image from live or search');
INSERT INTO ResourceTexts (ResourceTextID, ResourceID, LanguageID, Text) VALUES (530, 61028, 2, N'영상 출력 영역을 이미지로 저장할 수 있습니다.');
INSERT INTO ResourceTexts (ResourceTextID, ResourceID, LanguageID, Text) VALUES (531, 20149, 2,  N'수위 알람');
INSERT INTO ResourceTexts (ResourceTextID, ResourceID, LanguageID, Text) VALUES (532, 20149, 1,  N'Water Level');
INSERT INTO ResourceTexts (ResourceTextID, ResourceID, LanguageID, Text) VALUES (533, 104001, 1, N'Client request');
INSERT INTO ResourceTexts (ResourceTextID, ResourceID, LanguageID, Text) VALUES (534, 104001, 2, N'고객요청 열람');
INSERT INTO ResourceTexts (ResourceTextID, ResourceID, LanguageID, Text) VALUES (535, 104002, 1, N'Law enforcement agencies request');
INSERT INTO ResourceTexts (ResourceTextID, ResourceID, LanguageID, Text) VALUES (536, 104002, 2, N'수사기관 등 열람/제공');
INSERT INTO ResourceTexts (ResourceTextID, ResourceID, LanguageID, Text) VALUES (537, 104003, 1, N'Confirmed business / Audit');
INSERT INTO ResourceTexts (ResourceTextID, ResourceID, LanguageID, Text) VALUES (538, 104003, 2, N'업무내용 확인/대내외 감사');
INSERT INTO ResourceTexts (ResourceTextID, ResourceID, LanguageID, Text) VALUES (539, 104004, 1, N'Maintenance');
INSERT INTO ResourceTexts (ResourceTextID, ResourceID, LanguageID, Text) VALUES (540, 104004, 2, N'유지보수(장비상태 점검)');
INSERT INTO ResourceTexts (ResourceTextID, ResourceID, LanguageID, Text) VALUES (541, 104005, 1, N'Others');
INSERT INTO ResourceTexts (ResourceTextID, ResourceID, LanguageID, Text) VALUES (542, 104005, 2, N'기타');
INSERT INTO ResourceTexts (ResourceTextID, ResourceID, LanguageID, Text) VALUES (543, 103001, 1, N'Usage Purpose');
INSERT INTO ResourceTexts (ResourceTextID, ResourceID, LanguageID, Text) VALUES (544, 103001, 2, N'사용 목적');
INSERT INTO ResourceTexts (ResourceTextID, ResourceID, LanguageID, Text) VALUES (545, 50005, 2,  N'일본어');
INSERT INTO ResourceTexts (ResourceTextID, ResourceID, LanguageID, Text) VALUES (546, 50005, 1,  N'Japanese');
INSERT INTO ResourceTexts (ResourceTextID, ResourceID, LanguageID, Text) VALUES (547, 1001, 5, N'カメラ');
INSERT INTO ResourceTexts (ResourceTextID, ResourceID, LanguageID, Text) VALUES (548, 1002, 5, N'録画');
INSERT INTO ResourceTexts (ResourceTextID, ResourceID, LanguageID, Text) VALUES (549, 1003, 5, N'リレー');
INSERT INTO ResourceTexts (ResourceTextID, ResourceID, LanguageID, Text) VALUES (550, 1004, 5, N'システム');
INSERT INTO ResourceTexts (ResourceTextID, ResourceID, LanguageID, Text) VALUES (551, 1101, 5, N'カメラ');
INSERT INTO ResourceTexts (ResourceTextID, ResourceID, LanguageID, Text) VALUES (552, 1102, 5, N'ネットワーク装置');
INSERT INTO ResourceTexts (ResourceTextID, ResourceID, LanguageID, Text) VALUES (553, 1103, 5, N'録画');
INSERT INTO ResourceTexts (ResourceTextID, ResourceID, LanguageID, Text) VALUES (554, 1104, 5, N'リレー');
INSERT INTO ResourceTexts (ResourceTextID, ResourceID, LanguageID, Text) VALUES (555, 1105, 5, N'センサー');
INSERT INTO ResourceTexts (ResourceTextID, ResourceID, LanguageID, Text) VALUES (556, 1106, 5, N'システム');
INSERT INTO ResourceTexts (ResourceTextID, ResourceID, LanguageID, Text) VALUES (557, 1107, 5, N'使用者');
INSERT INTO ResourceTexts (ResourceTextID, ResourceID, LanguageID, Text) VALUES (558, 1108, 5, N'監視サービス');
INSERT INTO ResourceTexts (ResourceTextID, ResourceID, LanguageID, Text) VALUES (559, 1109, 5, N'日程');
INSERT INTO ResourceTexts (ResourceTextID, ResourceID, LanguageID, Text) VALUES (560, 1110, 5, N'メタデータ');
INSERT INTO ResourceTexts (ResourceTextID, ResourceID, LanguageID, Text) VALUES (561, 1111, 5, N'保安');
INSERT INTO ResourceTexts (ResourceTextID, ResourceID, LanguageID, Text) VALUES (562, 1112, 5, N'映像分析');
INSERT INTO ResourceTexts (ResourceTextID, ResourceID, LanguageID, Text) VALUES (563, 1113, 5, N'設定');
INSERT INTO ResourceTexts (ResourceTextID, ResourceID, LanguageID, Text) VALUES (564, 1114, 5, N'取り締まりサーバ');
INSERT INTO ResourceTexts (ResourceTextID, ResourceID, LanguageID, Text) VALUES (565, 1115, 5, N'サーバ連動');
INSERT INTO ResourceTexts (ResourceTextID, ResourceID, LanguageID, Text) VALUES (566, 2001, 5, N'カメラ');
INSERT INTO ResourceTexts (ResourceTextID, ResourceID, LanguageID, Text) VALUES (567, 2002, 5, N'PTZカメラ');
INSERT INTO ResourceTexts (ResourceTextID, ResourceID, LanguageID, Text) VALUES (568, 2003, 5, N'エンコーダ');
INSERT INTO ResourceTexts (ResourceTextID, ResourceID, LanguageID, Text) VALUES (569, 2004, 5, N'DVR');
INSERT INTO ResourceTexts (ResourceTextID, ResourceID, LanguageID, Text) VALUES (570, 2005, 5, N'センサー');
INSERT INTO ResourceTexts (ResourceTextID, ResourceID, LanguageID, Text) VALUES (571, 2006, 5, N'リレー');
INSERT INTO ResourceTexts (ResourceTextID, ResourceID, LanguageID, Text) VALUES (572, 2007, 5, N'ドーム型カメラ ');
INSERT INTO ResourceTexts (ResourceTextID, ResourceID, LanguageID, Text) VALUES (573, 2008, 5, N'PTZ機能のドーム型カメラ');
INSERT INTO ResourceTexts (ResourceTextID, ResourceID, LanguageID, Text) VALUES (574, 2009, 5, N'音声入力');
INSERT INTO ResourceTexts (ResourceTextID, ResourceID, LanguageID, Text) VALUES (575, 2010, 5, N'音声出力');
INSERT INTO ResourceTexts (ResourceTextID, ResourceID, LanguageID, Text) VALUES (576, 2011, 5, N'AVR');
INSERT INTO ResourceTexts (ResourceTextID, ResourceID, LanguageID, Text) VALUES (577, 2012, 5, N'追跡グループ');
INSERT INTO ResourceTexts (ResourceTextID, ResourceID, LanguageID, Text) VALUES (578, 2013, 5, N'デジタルボード');
INSERT INTO ResourceTexts (ResourceTextID, ResourceID, LanguageID, Text) VALUES (579, 2014, 5, N'移動装置');
INSERT INTO ResourceTexts (ResourceTextID, ResourceID, LanguageID, Text) VALUES (580, 10101, 5, N'カメラプリセット移動');
INSERT INTO ResourceTexts (ResourceTextID, ResourceID, LanguageID, Text) VALUES (581, 10102, 5, N'カメラツアー開始');
INSERT INTO ResourceTexts (ResourceTextID, ResourceID, LanguageID, Text) VALUES (582, 10103, 5, N'カメラツアー中止');
INSERT INTO ResourceTexts (ResourceTextID, ResourceID, LanguageID, Text) VALUES (583, 10104, 5, N'カメラライトオン');
INSERT INTO ResourceTexts (ResourceTextID, ResourceID, LanguageID, Text) VALUES (584, 10105, 5, N'カメラライトオフ');
INSERT INTO ResourceTexts (ResourceTextID, ResourceID, LanguageID, Text) VALUES (585, 10106, 5, N'カメラワイパーオン');
INSERT INTO ResourceTexts (ResourceTextID, ResourceID, LanguageID, Text) VALUES (586, 10107, 5, N'カメラワイパーオフ');
INSERT INTO ResourceTexts (ResourceTextID, ResourceID, LanguageID, Text) VALUES (587, 10108, 5, N'カメラ補助装置　オン');
INSERT INTO ResourceTexts (ResourceTextID, ResourceID, LanguageID, Text) VALUES (588, 10109, 5, N'カメラ補助装置　オフ');
INSERT INTO ResourceTexts (ResourceTextID, ResourceID, LanguageID, Text) VALUES (589, 10110, 5, N'不法駐停車の遠隔制御');
INSERT INTO ResourceTexts (ResourceTextID, ResourceID, LanguageID, Text) VALUES (590, 10201, 5, N'録画開始');
INSERT INTO ResourceTexts (ResourceTextID, ResourceID, LanguageID, Text) VALUES (591, 10202, 5, N'録画停止');
INSERT INTO ResourceTexts (ResourceTextID, ResourceID, LanguageID, Text) VALUES (592, 10203, 5, N'直ちに録画開始');
INSERT INTO ResourceTexts (ResourceTextID, ResourceID, LanguageID, Text) VALUES (593, 10204, 5, N'直ちに録画中止');
INSERT INTO ResourceTexts (ResourceTextID, ResourceID, LanguageID, Text) VALUES (594, 10301, 5, N'リレーオン');
INSERT INTO ResourceTexts (ResourceTextID, ResourceID, LanguageID, Text) VALUES (595, 10302, 5, N'リレーオフ');
INSERT INTO ResourceTexts (ResourceTextID, ResourceID, LanguageID, Text) VALUES (596, 10401, 5, N'アラーム実行');
INSERT INTO ResourceTexts (ResourceTextID, ResourceID, LanguageID, Text) VALUES (597, 10402, 5, N'マクロ実行');
INSERT INTO ResourceTexts (ResourceTextID, ResourceID, LanguageID, Text) VALUES (598, 10403, 5, N'メッセージ送信');
INSERT INTO ResourceTexts (ResourceTextID, ResourceID, LanguageID, Text) VALUES (599, 10404, 5, N'メール送信');
INSERT INTO ResourceTexts (ResourceTextID, ResourceID, LanguageID, Text) VALUES (600, 10405, 5, N'アラームメール送信');
INSERT INTO ResourceTexts (ResourceTextID, ResourceID, LanguageID, Text) VALUES (601, 10406, 5, N'サーバの再開始');
INSERT INTO ResourceTexts (ResourceTextID, ResourceID, LanguageID, Text) VALUES (602, 10407, 5, N'サービスの再開始');
INSERT INTO ResourceTexts (ResourceTextID, ResourceID, LanguageID, Text) VALUES (603, 10408, 5, N'装置から音声再生');
INSERT INTO ResourceTexts (ResourceTextID, ResourceID, LanguageID, Text) VALUES (604, 10409, 5, N'サーバから音声再生');
INSERT INTO ResourceTexts (ResourceTextID, ResourceID, LanguageID, Text) VALUES (605, 10410, 5, N'使用者に対して音の再生');
INSERT INTO ResourceTexts (ResourceTextID, ResourceID, LanguageID, Text) VALUES (606, 10411, 5, N'アラーム移管');
INSERT INTO ResourceTexts (ResourceTextID, ResourceID, LanguageID, Text) VALUES (607, 10412, 5, N'文字メッセージ送信');
INSERT INTO ResourceTexts (ResourceTextID, ResourceID, LanguageID, Text) VALUES (608, 20101, 5, N'動き検知');
INSERT INTO ResourceTexts (ResourceTextID, ResourceID, LanguageID, Text) VALUES (609, 20102, 5, N'カメラツアー開始');
INSERT INTO ResourceTexts (ResourceTextID, ResourceID, LanguageID, Text) VALUES (610, 20103, 5, N'カメラツアー中止');
INSERT INTO ResourceTexts (ResourceTextID, ResourceID, LanguageID, Text) VALUES (611, 20104, 5, N'カメラプリセット移動');
INSERT INTO ResourceTexts (ResourceTextID, ResourceID, LanguageID, Text) VALUES (612, 20105, 5, N'カメラライトオン');
INSERT INTO ResourceTexts (ResourceTextID, ResourceID, LanguageID, Text) VALUES (613, 20106, 5, N'カメラライトオフ');
INSERT INTO ResourceTexts (ResourceTextID, ResourceID, LanguageID, Text) VALUES (614, 20107, 5, N'カメラワイパーオン');
INSERT INTO ResourceTexts (ResourceTextID, ResourceID, LanguageID, Text) VALUES (615, 20108, 5, N'カメラワイパーオフ');
INSERT INTO ResourceTexts (ResourceTextID, ResourceID, LanguageID, Text) VALUES (616, 20109, 5, N'カメラ独占使用開始');
INSERT INTO ResourceTexts (ResourceTextID, ResourceID, LanguageID, Text) VALUES (617, 20110, 5, N'カメラ独占使用解除');
INSERT INTO ResourceTexts (ResourceTextID, ResourceID, LanguageID, Text) VALUES (618, 20111, 5, N'カメラPTZ使用履歴');
INSERT INTO ResourceTexts (ResourceTextID, ResourceID, LanguageID, Text) VALUES (619, 20120, 5, N'VA 動き検知');
INSERT INTO ResourceTexts (ResourceTextID, ResourceID, LanguageID, Text) VALUES (620, 20121, 5, N'VA 物体進入');
INSERT INTO ResourceTexts (ResourceTextID, ResourceID, LanguageID, Text) VALUES (621, 20122, 5, N'VA 物体終了');
INSERT INTO ResourceTexts (ResourceTextID, ResourceID, LanguageID, Text) VALUES (622, 20123, 5, N'VA 物体現れる');
INSERT INTO ResourceTexts (ResourceTextID, ResourceID, LanguageID, Text) VALUES (623, 20124, 5, N'VA 物体消える');
INSERT INTO ResourceTexts (ResourceTextID, ResourceID, LanguageID, Text) VALUES (624, 20125, 5, N'VA 物体停止');
INSERT INTO ResourceTexts (ResourceTextID, ResourceID, LanguageID, Text) VALUES (625, 20126, 5, N'VA 徘徊検知');
INSERT INTO ResourceTexts (ResourceTextID, ResourceID, LanguageID, Text) VALUES (626, 20127, 5, N'VA 方向違反');
INSERT INTO ResourceTexts (ResourceTextID, ResourceID, LanguageID, Text) VALUES (627, 20128, 5, N'VA 速度違反');
INSERT INTO ResourceTexts (ResourceTextID, ResourceID, LanguageID, Text) VALUES (628, 20129, 5, N'VA ついていく');
INSERT INTO ResourceTexts (ResourceTextID, ResourceID, LanguageID, Text) VALUES (629, 20130, 5, N'VA カメラ妨害');
INSERT INTO ResourceTexts (ResourceTextID, ResourceID, LanguageID, Text) VALUES (630, 20131, 5, N'VA 煙検知');
INSERT INTO ResourceTexts (ResourceTextID, ResourceID, LanguageID, Text) VALUES (631, 20132, 5, N'VA 火災検知');
INSERT INTO ResourceTexts (ResourceTextID, ResourceID, LanguageID, Text) VALUES (632, 20133, 5, N'VA 追突事故');
INSERT INTO ResourceTexts (ResourceTextID, ResourceID, LanguageID, Text) VALUES (633, 20134, 5, N'VA 倒れる');
INSERT INTO ResourceTexts (ResourceTextID, ResourceID, LanguageID, Text) VALUES (634, 20135, 5, N'VA 喧嘩');
INSERT INTO ResourceTexts (ResourceTextID, ResourceID, LanguageID, Text) VALUES (635, 20136, 5, N'VA 群集');
INSERT INTO ResourceTexts (ResourceTextID, ResourceID, LanguageID, Text) VALUES (636, 20137, 5, N'VA 遺棄');
INSERT INTO ResourceTexts (ResourceTextID, ResourceID, LanguageID, Text) VALUES (637, 20138, 5, N'VA 盗難');
INSERT INTO ResourceTexts (ResourceTextID, ResourceID, LanguageID, Text) VALUES (638, 20139, 5, N'VA 色相検出');
INSERT INTO ResourceTexts (ResourceTextID, ResourceID, LanguageID, Text) VALUES (639, 20140, 5, N'無断横断');
INSERT INTO ResourceTexts (ResourceTextID, ResourceID, LanguageID, Text) VALUES (640, 20141, 5, N'交通渋滞');
INSERT INTO ResourceTexts (ResourceTextID, ResourceID, LanguageID, Text) VALUES (641, 20142, 5, N'交通渋滞');
INSERT INTO ResourceTexts (ResourceTextID, ResourceID, LanguageID, Text) VALUES (642, 20143, 5, N'交通徐行');
INSERT INTO ResourceTexts (ResourceTextID, ResourceID, LanguageID, Text) VALUES (643, 20144, 5, N'交通円滑');
INSERT INTO ResourceTexts (ResourceTextID, ResourceID, LanguageID, Text) VALUES (644, 20145, 5, N'情報なし');
INSERT INTO ResourceTexts (ResourceTextID, ResourceID, LanguageID, Text) VALUES (645, 20146, 5, N'プレートナンバー検出');
INSERT INTO ResourceTexts (ResourceTextID, ResourceID, LanguageID, Text) VALUES (646, 20147, 5, N'手配車両');
INSERT INTO ResourceTexts (ResourceTextID, ResourceID, LanguageID, Text) VALUES (647, 20148, 5, N'駐停車遠隔制御');
INSERT INTO ResourceTexts (ResourceTextID, ResourceID, LanguageID, Text) VALUES (648, 20149, 5, N'水位アラーム');
INSERT INTO ResourceTexts (ResourceTextID, ResourceID, LanguageID, Text) VALUES (649, 20171, 5, N'VA カウンター　イン');
INSERT INTO ResourceTexts (ResourceTextID, ResourceID, LanguageID, Text) VALUES (650, 20172, 5, N'VA カウンター　イン');
INSERT INTO ResourceTexts (ResourceTextID, ResourceID, LanguageID, Text) VALUES (651, 20201, 5, N'装置と接続される');
INSERT INTO ResourceTexts (ResourceTextID, ResourceID, LanguageID, Text) VALUES (652, 20202, 5, N'装置と接続途切れる');
INSERT INTO ResourceTexts (ResourceTextID, ResourceID, LanguageID, Text) VALUES (653, 20203, 5, N'装置と接続に問題発生');
INSERT INTO ResourceTexts (ResourceTextID, ResourceID, LanguageID, Text) VALUES (654, 20204, 5, N'装置のシグナルなし');
INSERT INTO ResourceTexts (ResourceTextID, ResourceID, LanguageID, Text) VALUES (655, 20205, 5, N'装置のシグナル正常');
INSERT INTO ResourceTexts (ResourceTextID, ResourceID, LanguageID, Text) VALUES (656, 20206, 5, N'装置のシグナル異常');
INSERT INTO ResourceTexts (ResourceTextID, ResourceID, LanguageID, Text) VALUES (657, 20301, 5, N'保存失敗');
INSERT INTO ResourceTexts (ResourceTextID, ResourceID, LanguageID, Text) VALUES (658, 20302, 5, N'録画ドライブ除去される');
INSERT INTO ResourceTexts (ResourceTextID, ResourceID, LanguageID, Text) VALUES (659, 20303, 5, N'録画ドライブ復旧される');
INSERT INTO ResourceTexts (ResourceTextID, ResourceID, LanguageID, Text) VALUES (660, 20304, 5, N'録画日程開始される');
INSERT INTO ResourceTexts (ResourceTextID, ResourceID, LanguageID, Text) VALUES (661, 20305, 5, N'録画日程中止される');
INSERT INTO ResourceTexts (ResourceTextID, ResourceID, LanguageID, Text) VALUES (662, 20306, 5, N'直ちに録画開始');
INSERT INTO ResourceTexts (ResourceTextID, ResourceID, LanguageID, Text) VALUES (663, 20307, 5, N'直ちに録画中止');
INSERT INTO ResourceTexts (ResourceTextID, ResourceID, LanguageID, Text) VALUES (664, 20308, 5, N'録画フォルダー削除');
INSERT INTO ResourceTexts (ResourceTextID, ResourceID, LanguageID, Text) VALUES (665, 20309, 5, N'録画フォルダー生成');
INSERT INTO ResourceTexts (ResourceTextID, ResourceID, LanguageID, Text) VALUES (666, 20310, 5, N'録画ファイル削除');
INSERT INTO ResourceTexts (ResourceTextID, ResourceID, LanguageID, Text) VALUES (667, 20311, 5, N'録画ファイル生成');
INSERT INTO ResourceTexts (ResourceTextID, ResourceID, LanguageID, Text) VALUES (668, 20312, 5, N'録画空間不足');
INSERT INTO ResourceTexts (ResourceTextID, ResourceID, LanguageID, Text) VALUES (669, 20313, 5, N'録画信号の損失');
INSERT INTO ResourceTexts (ResourceTextID, ResourceID, LanguageID, Text) VALUES (670, 20314, 5, N'録画信号の確認');
INSERT INTO ResourceTexts (ResourceTextID, ResourceID, LanguageID, Text) VALUES (671, 20401, 5, N'リレーオン');
INSERT INTO ResourceTexts (ResourceTextID, ResourceID, LanguageID, Text) VALUES (672, 20402, 5, N'リレーオフ');
INSERT INTO ResourceTexts (ResourceTextID, ResourceID, LanguageID, Text) VALUES (673, 20501, 5, N'センサー動作');
INSERT INTO ResourceTexts (ResourceTextID, ResourceID, LanguageID, Text) VALUES (674, 20601, 5, N'定義されない');
INSERT INTO ResourceTexts (ResourceTextID, ResourceID, LanguageID, Text) VALUES (675, 20602, 5, N'バックアップ開始');
INSERT INTO ResourceTexts (ResourceTextID, ResourceID, LanguageID, Text) VALUES (676, 20603, 5, N'バックアップ停止');
INSERT INTO ResourceTexts (ResourceTextID, ResourceID, LanguageID, Text) VALUES (677, 20604, 5, N'バックアップ失敗');
INSERT INTO ResourceTexts (ResourceTextID, ResourceID, LanguageID, Text) VALUES (678, 20605, 5, N'遠隔バックアップ開始');
INSERT INTO ResourceTexts (ResourceTextID, ResourceID, LanguageID, Text) VALUES (679, 20606, 5, N'遠隔バックアップ終了');
INSERT INTO ResourceTexts (ResourceTextID, ResourceID, LanguageID, Text) VALUES (680, 20607, 5, N'遠隔バックアップ失敗');
INSERT INTO ResourceTexts (ResourceTextID, ResourceID, LanguageID, Text) VALUES (681, 20608, 5, N'遠隔バックアップ取消し');
INSERT INTO ResourceTexts (ResourceTextID, ResourceID, LanguageID, Text) VALUES (682, 20609, 5, N'データベースと接続できない');
INSERT INTO ResourceTexts (ResourceTextID, ResourceID, LanguageID, Text) VALUES (683, 20610, 5, N'データベースと接続できる');
INSERT INTO ResourceTexts (ResourceTextID, ResourceID, LanguageID, Text) VALUES (684, 20611, 5, N'データ空間不足');
INSERT INTO ResourceTexts (ResourceTextID, ResourceID, LanguageID, Text) VALUES (685, 20612, 5, N'サーバ接続');
INSERT INTO ResourceTexts (ResourceTextID, ResourceID, LanguageID, Text) VALUES (686, 20613, 5, N'サーバ中止');
INSERT INTO ResourceTexts (ResourceTextID, ResourceID, LanguageID, Text) VALUES (687, 20614, 5, N'設定変更');
INSERT INTO ResourceTexts (ResourceTextID, ResourceID, LanguageID, Text) VALUES (688, 20615, 5, N'アラーム発生');
INSERT INTO ResourceTexts (ResourceTextID, ResourceID, LanguageID, Text) VALUES (689, 20616, 5, N'プログラムログライティング失敗');
INSERT INTO ResourceTexts (ResourceTextID, ResourceID, LanguageID, Text) VALUES (690, 20617, 5, N'録画検索の使用履歴');
INSERT INTO ResourceTexts (ResourceTextID, ResourceID, LanguageID, Text) VALUES (691, 20701, 5, N'使用者の動画やイメージの保存');
INSERT INTO ResourceTexts (ResourceTextID, ResourceID, LanguageID, Text) VALUES (692, 20702, 5, N'データ印刷');
INSERT INTO ResourceTexts (ResourceTextID, ResourceID, LanguageID, Text) VALUES (693, 20703, 5, N'メール転送');
INSERT INTO ResourceTexts (ResourceTextID, ResourceID, LanguageID, Text) VALUES (694, 20704, 5, N'使用者ログイン');
INSERT INTO ResourceTexts (ResourceTextID, ResourceID, LanguageID, Text) VALUES (695, 20705, 5, N'使用者ログオフ');
INSERT INTO ResourceTexts (ResourceTextID, ResourceID, LanguageID, Text) VALUES (696, 20706, 5, N'使用者の権限が拒否される');
INSERT INTO ResourceTexts (ResourceTextID, ResourceID, LanguageID, Text) VALUES (697, 20707, 5, N'装置の認証に失敗');
INSERT INTO ResourceTexts (ResourceTextID, ResourceID, LanguageID, Text) VALUES (698, 20708, 5, N'装置の認証に成功');
INSERT INTO ResourceTexts (ResourceTextID, ResourceID, LanguageID, Text) VALUES (699, 20709, 5, N'装置からログオフ');
INSERT INTO ResourceTexts (ResourceTextID, ResourceID, LanguageID, Text) VALUES (700, 20710, 5, N'装置設定の開始');
INSERT INTO ResourceTexts (ResourceTextID, ResourceID, LanguageID, Text) VALUES (701, 20711, 5, N'装置設定の終了');
INSERT INTO ResourceTexts (ResourceTextID, ResourceID, LanguageID, Text) VALUES (702, 20712, 5, N'装置検索の開始');
INSERT INTO ResourceTexts (ResourceTextID, ResourceID, LanguageID, Text) VALUES (703, 20713, 5, N'装置検索の終了');
INSERT INTO ResourceTexts (ResourceTextID, ResourceID, LanguageID, Text) VALUES (704, 20714, 5, N'装置のバックアップ実行');
INSERT INTO ResourceTexts (ResourceTextID, ResourceID, LanguageID, Text) VALUES (705, 20715, 5, N'装置のライブ映像の監視を開始');
INSERT INTO ResourceTexts (ResourceTextID, ResourceID, LanguageID, Text) VALUES (706, 20716, 5, N'装置のライブ映像の監視を開始');
INSERT INTO ResourceTexts (ResourceTextID, ResourceID, LanguageID, Text) VALUES (707, 20717, 5, N'臨時パスワード生成');
INSERT INTO ResourceTexts (ResourceTextID, ResourceID, LanguageID, Text) VALUES (708, 20801, 5, N'CPUの使用率が高い');
INSERT INTO ResourceTexts (ResourceTextID, ResourceID, LanguageID, Text) VALUES (709, 20802, 5, N'CPUの使用率正常');
INSERT INTO ResourceTexts (ResourceTextID, ResourceID, LanguageID, Text) VALUES (710, 20803, 5, N'ネットワーク使用率が高い');
INSERT INTO ResourceTexts (ResourceTextID, ResourceID, LanguageID, Text) VALUES (711, 20804, 5, N'ネットワーク使用率正常');
INSERT INTO ResourceTexts (ResourceTextID, ResourceID, LanguageID, Text) VALUES (712, 20901, 5, N'日程実行');
INSERT INTO ResourceTexts (ResourceTextID, ResourceID, LanguageID, Text) VALUES (713, 20902, 5, N'日程終了');
INSERT INTO ResourceTexts (ResourceTextID, ResourceID, LanguageID, Text) VALUES (714, 21001, 5, N'メタデータ受信');
INSERT INTO ResourceTexts (ResourceTextID, ResourceID, LanguageID, Text) VALUES (715, 21101, 5, N'USB 挿入');
INSERT INTO ResourceTexts (ResourceTextID, ResourceID, LanguageID, Text) VALUES (716, 21102, 5, N'USB 除去');
INSERT INTO ResourceTexts (ResourceTextID, ResourceID, LanguageID, Text) VALUES (717, 21103, 5, N'TCP 接続');
INSERT INTO ResourceTexts (ResourceTextID, ResourceID, LanguageID, Text) VALUES (718, 21104, 5, N'TCP 終了');
INSERT INTO ResourceTexts (ResourceTextID, ResourceID, LanguageID, Text) VALUES (719, 21301, 5, N'使用者の追加');
INSERT INTO ResourceTexts (ResourceTextID, ResourceID, LanguageID, Text) VALUES (720, 21302, 5, N'使用者の削除');
INSERT INTO ResourceTexts (ResourceTextID, ResourceID, LanguageID, Text) VALUES (721, 21303, 5, N'使用者の変更');
INSERT INTO ResourceTexts (ResourceTextID, ResourceID, LanguageID, Text) VALUES (722, 21304, 5, N'装置の追加');
INSERT INTO ResourceTexts (ResourceTextID, ResourceID, LanguageID, Text) VALUES (723, 21305, 5, N'装置の除去');
INSERT INTO ResourceTexts (ResourceTextID, ResourceID, LanguageID, Text) VALUES (724, 21401, 5, N'番号認識サーバイベント');
INSERT INTO ResourceTexts (ResourceTextID, ResourceID, LanguageID, Text) VALUES (725, 21402, 5, N'顔面認識サーバイベント');
INSERT INTO ResourceTexts (ResourceTextID, ResourceID, LanguageID, Text) VALUES (726, 21501, 5, N'モバイル映像イベント');
INSERT INTO ResourceTexts (ResourceTextID, ResourceID, LanguageID, Text) VALUES (727, 21502, 5, N'モバイル状況の終了イベント');
INSERT INTO ResourceTexts (ResourceTextID, ResourceID, LanguageID, Text) VALUES (728, 21503, 5, N'モバイル緊急状況アラーム');
INSERT INTO ResourceTexts (ResourceTextID, ResourceID, LanguageID, Text) VALUES (729, 21504, 5, N'モバイル保存映像のイベント');
INSERT INTO ResourceTexts (ResourceTextID, ResourceID, LanguageID, Text) VALUES (730, 50001, 5, N'英語');
INSERT INTO ResourceTexts (ResourceTextID, ResourceID, LanguageID, Text) VALUES (731, 50002, 5, N'韓国語');
INSERT INTO ResourceTexts (ResourceTextID, ResourceID, LanguageID, Text) VALUES (732, 50003, 5, N'ロシア語');
INSERT INTO ResourceTexts (ResourceTextID, ResourceID, LanguageID, Text) VALUES (733, 50004, 5, N'トルクメン語');
INSERT INTO ResourceTexts (ResourceTextID, ResourceID, LanguageID, Text) VALUES (734, 60001, 5, N'検索');
INSERT INTO ResourceTexts (ResourceTextID, ResourceID, LanguageID, Text) VALUES (735, 60002, 5, N'アラーム表示');
INSERT INTO ResourceTexts (ResourceTextID, ResourceID, LanguageID, Text) VALUES (736, 60003, 5, N'アラーム編集');
INSERT INTO ResourceTexts (ResourceTextID, ResourceID, LanguageID, Text) VALUES (737, 60004, 5, N'地図表示');
INSERT INTO ResourceTexts (ResourceTextID, ResourceID, LanguageID, Text) VALUES (738, 60005, 5, N'設定管理者');
INSERT INTO ResourceTexts (ResourceTextID, ResourceID, LanguageID, Text) VALUES (739, 60006, 5, N'管理者ツール');
INSERT INTO ResourceTexts (ResourceTextID, ResourceID, LanguageID, Text) VALUES (740, 60007, 5, N'チャンネル修正');
INSERT INTO ResourceTexts (ResourceTextID, ResourceID, LanguageID, Text) VALUES (741, 60008, 5, N'サイトアクセス');
INSERT INTO ResourceTexts (ResourceTextID, ResourceID, LanguageID, Text) VALUES (742, 60009, 5, N'PTZ 独占');
INSERT INTO ResourceTexts (ResourceTextID, ResourceID, LanguageID, Text) VALUES (743, 60010, 5, N'即時録画');
INSERT INTO ResourceTexts (ResourceTextID, ResourceID, LanguageID, Text) VALUES (744, 60011, 5, N'装置アクセス');
INSERT INTO ResourceTexts (ResourceTextID, ResourceID, LanguageID, Text) VALUES (745, 60012, 5, N'PTZ制御 ');
INSERT INTO ResourceTexts (ResourceTextID, ResourceID, LanguageID, Text) VALUES (746, 60013, 5, N'PTZ 独占');
INSERT INTO ResourceTexts (ResourceTextID, ResourceID, LanguageID, Text) VALUES (747, 60014, 5, N'即時録画');
INSERT INTO ResourceTexts (ResourceTextID, ResourceID, LanguageID, Text) VALUES (748, 60015, 5, N'映像エキスポート');
INSERT INTO ResourceTexts (ResourceTextID, ResourceID, LanguageID, Text) VALUES (749, 60016, 5, N'イメージ印刷');
INSERT INTO ResourceTexts (ResourceTextID, ResourceID, LanguageID, Text) VALUES (750, 60017, 5, N'マクロアクセス');
INSERT INTO ResourceTexts (ResourceTextID, ResourceID, LanguageID, Text) VALUES (751, 60018, 5, N'プレートナンバー認識');
INSERT INTO ResourceTexts (ResourceTextID, ResourceID, LanguageID, Text) VALUES (752, 60019, 5, N'映像チャンネルのアクセス');
INSERT INTO ResourceTexts (ResourceTextID, ResourceID, LanguageID, Text) VALUES (753, 60020, 5, N'プリセットの設定');
INSERT INTO ResourceTexts (ResourceTextID, ResourceID, LanguageID, Text) VALUES (754, 60021, 5, N'装置にすぐ接続');
INSERT INTO ResourceTexts (ResourceTextID, ResourceID, LanguageID, Text) VALUES (755, 60022, 5, N'映像イメージの保存');
INSERT INTO ResourceTexts (ResourceTextID, ResourceID, LanguageID, Text) VALUES (756, 60023, 5, N'映像エキスポートの満了期間の延長');
INSERT INTO ResourceTexts (ResourceTextID, ResourceID, LanguageID, Text) VALUES (757, 60024, 5, N'ネットワーク装置の再開始');
INSERT INTO ResourceTexts (ResourceTextID, ResourceID, LanguageID, Text) VALUES (758, 60025, 5, N'ネットワーク装置の再接続');
INSERT INTO ResourceTexts (ResourceTextID, ResourceID, LanguageID, Text) VALUES (759, 60026, 5, N'基本位置アクセス');
INSERT INTO ResourceTexts (ResourceTextID, ResourceID, LanguageID, Text) VALUES (760, 60027, 5, N'基本装置アクセス');
INSERT INTO ResourceTexts (ResourceTextID, ResourceID, LanguageID, Text) VALUES (761, 60028, 5, N'映像出力領域のイメージ保存');
INSERT INTO ResourceTexts (ResourceTextID, ResourceID, LanguageID, Text) VALUES (762, 61001, 5, N'遠隔映像管理者から検索機能のアクセスを許可します。');
INSERT INTO ResourceTexts (ResourceTextID, ResourceID, LanguageID, Text) VALUES (763, 61002, 5, N'遠隔映像管理者からアラーム表示とアラーム監視開くを許可します。');
INSERT INTO ResourceTexts (ResourceTextID, ResourceID, LanguageID, Text) VALUES (764, 61003, 5, N'遠隔映像管理者からアラーム更新を許可します。"アラーム表示"の権限が先に求められます。');
INSERT INTO ResourceTexts (ResourceTextID, ResourceID, LanguageID, Text) VALUES (765, 61004, 5, N'遠隔映像管理者から地図表示を許可します。');
INSERT INTO ResourceTexts (ResourceTextID, ResourceID, LanguageID, Text) VALUES (766, 61005, 5, N'設定管理者の実行を許可します。');
INSERT INTO ResourceTexts (ResourceTextID, ResourceID, LanguageID, Text) VALUES (767, 61006, 5, N'サーバ管理のための管理者ツールの実行を許可します。');
INSERT INTO ResourceTexts (ResourceTextID, ResourceID, LanguageID, Text) VALUES (768, 61007, 5, N'画面分割の変更を許可します。権限がなければ使用者は基本分割の画面のみ、見ることができます。');
INSERT INTO ResourceTexts (ResourceTextID, ResourceID, LanguageID, Text) VALUES (769, 61008, 5, N'使用者がサイトと属している全ての装置に対するアクセスを許可します。');
INSERT INTO ResourceTexts (ResourceTextID, ResourceID, LanguageID, Text) VALUES (770, 61009, 5, N'二人以上の使用者が同時にPTZ独占を求める時、優先順位を決定するアクセスのレベルを設定します。 ');
INSERT INTO ResourceTexts (ResourceTextID, ResourceID, LanguageID, Text) VALUES (771, 61010, 5, N'二人以上の使用者が同時に即時録画の機能を実行する時、優先順位を決定するアクセスのレベルを設定します。');
INSERT INTO ResourceTexts (ResourceTextID, ResourceID, LanguageID, Text) VALUES (772, 61011, 5, N'該当装置が属しているサイトの権限がある場合、装置に対するアクセスを許可します。基本値はTrue です。');
INSERT INTO ResourceTexts (ResourceTextID, ResourceID, LanguageID, Text) VALUES (773, 61012, 5, N'該当カメラのPTZ機能の制御を許可します。 ');
INSERT INTO ResourceTexts (ResourceTextID, ResourceID, LanguageID, Text) VALUES (774, 61013, 5, N'PTZ機能の独占権限の要求を許可します。 ');
INSERT INTO ResourceTexts (ResourceTextID, ResourceID, LanguageID, Text) VALUES (775, 61014, 5, N'ライブ映像から即時録画を許可します。');
INSERT INTO ResourceTexts (ResourceTextID, ResourceID, LanguageID, Text) VALUES (776, 61015, 5, N'検索また、アラーム表示から映像エキスポートを許可します。');
INSERT INTO ResourceTexts (ResourceTextID, ResourceID, LanguageID, Text) VALUES (777, 61016, 5, N'ライブ映像の検索アラーム表示からイメージ印刷を許可します。');
INSERT INTO ResourceTexts (ResourceTextID, ResourceID, LanguageID, Text) VALUES (778, 61017, 5, N'遠隔映像管理者からマクロ表示と実行を許可します。');
INSERT INTO ResourceTexts (ResourceTextID, ResourceID, LanguageID, Text) VALUES (779, 61018, 5, N'遠隔映像管理者からプレートナンバーの認識機能を許可します。');
INSERT INTO ResourceTexts (ResourceTextID, ResourceID, LanguageID, Text) VALUES (780, 61019, 5, N'映像チャンネル表示の機能を許可します。');
INSERT INTO ResourceTexts (ResourceTextID, ResourceID, LanguageID, Text) VALUES (781, 61020, 5, N'遠隔映像管理者からプリセットの設定機能を許可します。');
INSERT INTO ResourceTexts (ResourceTextID, ResourceID, LanguageID, Text) VALUES (782, 61021, 5, N'ライブ映像の確認および検索のため、装置にすぐ接続できます。');
INSERT INTO ResourceTexts (ResourceTextID, ResourceID, LanguageID, Text) VALUES (783, 61022, 5, N'選択されたカメラの映像をイメージに保存できます。');
INSERT INTO ResourceTexts (ResourceTextID, ResourceID, LanguageID, Text) VALUES (784, 61023, 5, N'保存フォーマットでバックアップされた映像の満了期間の延長のためにキーの生成ができます。');
INSERT INTO ResourceTexts (ResourceTextID, ResourceID, LanguageID, Text) VALUES (785, 61024, 5, N'ネットワーク装置のために、モジュールの再開始ができます。');
INSERT INTO ResourceTexts (ResourceTextID, ResourceID, LanguageID, Text) VALUES (786, 61025, 5, N'ネットワークの装置の再接続ができます。');
INSERT INTO ResourceTexts (ResourceTextID, ResourceID, LanguageID, Text) VALUES (787, 61026, 5, N'位置にある装置を基本的に使用できます。');
INSERT INTO ResourceTexts (ResourceTextID, ResourceID, LanguageID, Text) VALUES (788, 61027, 5, N'装置を基本的に使用できます。');
INSERT INTO ResourceTexts (ResourceTextID, ResourceID, LanguageID, Text) VALUES (789, 61028, 5, N'映像出力の領域をイメージとして保存することができます。');
INSERT INTO ResourceTexts (ResourceTextID, ResourceID, LanguageID, Text) VALUES (790, 70001, 5, N'韓国');
INSERT INTO ResourceTexts (ResourceTextID, ResourceID, LanguageID, Text) VALUES (791, 70001, 5, N'韓国');
INSERT INTO ResourceTexts (ResourceTextID, ResourceID, LanguageID, Text) VALUES (792, 70002, 5, N'アメリカ');
INSERT INTO ResourceTexts (ResourceTextID, ResourceID, LanguageID, Text) VALUES (793, 71001, 5, N'クロ');
INSERT INTO ResourceTexts (ResourceTextID, ResourceID, LanguageID, Text) VALUES (794, 71002, 5, N'ワシントン');
INSERT INTO ResourceTexts (ResourceTextID, ResourceID, LanguageID, Text) VALUES (795, 71003, 5, N'ニューヨーク市');
INSERT INTO ResourceTexts (ResourceTextID, ResourceID, LanguageID, Text) VALUES (796, 72001, 5, N'ソウル');
INSERT INTO ResourceTexts (ResourceTextID, ResourceID, LanguageID, Text) VALUES (797, 72002, 5, N'スポケーン');
INSERT INTO ResourceTexts (ResourceTextID, ResourceID, LanguageID, Text) VALUES (798, 72003, 5, N'ニューヨーク');
INSERT INTO ResourceTexts (ResourceTextID, ResourceID, LanguageID, Text) VALUES (799, 80001, 5, N'レビュー保留');
INSERT INTO ResourceTexts (ResourceTextID, ResourceID, LanguageID, Text) VALUES (800, 80002, 5, N'開く');
INSERT INTO ResourceTexts (ResourceTextID, ResourceID, LanguageID, Text) VALUES (801, 80003, 5, N'確認');
INSERT INTO ResourceTexts (ResourceTextID, ResourceID, LanguageID, Text) VALUES (802, 80004, 5, N'未解決');
INSERT INTO ResourceTexts (ResourceTextID, ResourceID, LanguageID, Text) VALUES (803, 80005, 5, N'処理中');
INSERT INTO ResourceTexts (ResourceTextID, ResourceID, LanguageID, Text) VALUES (804, 80006, 5, N'未解決');
INSERT INTO ResourceTexts (ResourceTextID, ResourceID, LanguageID, Text) VALUES (805, 80007, 5, N'解決');
INSERT INTO ResourceTexts (ResourceTextID, ResourceID, LanguageID, Text) VALUES (806, 80008, 5, N'終了');
INSERT INTO ResourceTexts (ResourceTextID, ResourceID, LanguageID, Text) VALUES (807, 80009, 5, N'未処理');
INSERT INTO ResourceTexts (ResourceTextID, ResourceID, LanguageID, Text) VALUES (808, 81001, 5, N'使用者　定義１');
INSERT INTO ResourceTexts (ResourceTextID, ResourceID, LanguageID, Text) VALUES (809, 81002, 5, N'使用者　定義2');
INSERT INTO ResourceTexts (ResourceTextID, ResourceID, LanguageID, Text) VALUES (810, 81003, 5, N'使用者　定義3');
INSERT INTO ResourceTexts (ResourceTextID, ResourceID, LanguageID, Text) VALUES (811, 82001, 5, N'低い');
INSERT INTO ResourceTexts (ResourceTextID, ResourceID, LanguageID, Text) VALUES (812, 82002, 5, N'普通');
INSERT INTO ResourceTexts (ResourceTextID, ResourceID, LanguageID, Text) VALUES (813, 82003, 5, N'高い');
INSERT INTO ResourceTexts (ResourceTextID, ResourceID, LanguageID, Text) VALUES (814, 83001, 5, N'ない');
INSERT INTO ResourceTexts (ResourceTextID, ResourceID, LanguageID, Text) VALUES (815, 90001, 5, N'装置名');
INSERT INTO ResourceTexts (ResourceTextID, ResourceID, LanguageID, Text) VALUES (816, 90002, 5, N'説明');
INSERT INTO ResourceTexts (ResourceTextID, ResourceID, LanguageID, Text) VALUES (817, 90003, 5, N'表示されたテキスト');
INSERT INTO ResourceTexts (ResourceTextID, ResourceID, LanguageID, Text) VALUES (818, 90004, 5, N'IPアドレス');
INSERT INTO ResourceTexts (ResourceTextID, ResourceID, LanguageID, Text) VALUES (819, 90005, 5, N'ポート');
INSERT INTO ResourceTexts (ResourceTextID, ResourceID, LanguageID, Text) VALUES (820, 90006, 5, N'ホスト名');
INSERT INTO ResourceTexts (ResourceTextID, ResourceID, LanguageID, Text) VALUES (821, 90007, 5, N'使用者名');
INSERT INTO ResourceTexts (ResourceTextID, ResourceID, LanguageID, Text) VALUES (822, 90008, 5, N'名前');
INSERT INTO ResourceTexts (ResourceTextID, ResourceID, LanguageID, Text) VALUES (823, 90009, 5, N'姓');
INSERT INTO ResourceTexts (ResourceTextID, ResourceID, LanguageID, Text) VALUES (824, 100001, 5, N'防犯カメラ監視');
INSERT INTO ResourceTexts (ResourceTextID, ResourceID, LanguageID, Text) VALUES (825, 100002, 5, N'不法駐停車監視');
INSERT INTO ResourceTexts (ResourceTextID, ResourceID, LanguageID, Text) VALUES (826, 100003, 5, N'検知追跡監視');
INSERT INTO ResourceTexts (ResourceTextID, ResourceID, LanguageID, Text) VALUES (827, 101001, 5, N'取締り完了');
INSERT INTO ResourceTexts (ResourceTextID, ResourceID, LanguageID, Text) VALUES (828, 101002, 5, N'取締り失敗');
INSERT INTO ResourceTexts (ResourceTextID, ResourceID, LanguageID, Text) VALUES (829, 101003, 5, N'取り締まり確定');
INSERT INTO ResourceTexts (ResourceTextID, ResourceID, LanguageID, Text) VALUES (830, 101004, 5, N'取締り取消し保管');
INSERT INTO ResourceTexts (ResourceTextID, ResourceID, LanguageID, Text) VALUES (831, 101005, 5, N'一次取締り');
INSERT INTO ResourceTexts (ResourceTextID, ResourceID, LanguageID, Text) VALUES (832, 101006, 5, N'確定待機');
INSERT INTO ResourceTexts (ResourceTextID, ResourceID, LanguageID, Text) VALUES (833, 102001, 5, N'GIS　処理待機');
INSERT INTO ResourceTexts (ResourceTextID, ResourceID, LanguageID, Text) VALUES (834, 102002, 5, N'GIS　処理移管');
INSERT INTO ResourceTexts (ResourceTextID, ResourceID, LanguageID, Text) VALUES (835, 102003, 5, N'GIS　直接処理');
INSERT INTO ResourceTexts (ResourceTextID, ResourceID, LanguageID, Text) VALUES (836, 102004, 5, N'GIS 　処理完了');
INSERT INTO ResourceTexts (ResourceTextID, ResourceID, LanguageID, Text) VALUES (837, 103001, 5, N'使用目的');
INSERT INTO ResourceTexts (ResourceTextID, ResourceID, LanguageID, Text) VALUES (838, 104001, 5, N'顧客依頼の閲覧');
INSERT INTO ResourceTexts (ResourceTextID, ResourceID, LanguageID, Text) VALUES (839, 104002, 5, N'捜査機関など閲覧提供');
INSERT INTO ResourceTexts (ResourceTextID, ResourceID, LanguageID, Text) VALUES (840, 104003, 5, N'業務内容確認 / 外部監査');
INSERT INTO ResourceTexts (ResourceTextID, ResourceID, LanguageID, Text) VALUES (841, 104004, 5, N'メインテナンス');
INSERT INTO ResourceTexts (ResourceTextID, ResourceID, LanguageID, Text) VALUES (842, 104005, 5, N'その他');
INSERT INTO ResourceTexts (ResourceTextID, ResourceID, LanguageID, Text) VALUES (843, 50005, 5, N'日本語');
INSERT INTO ResourceTexts (ResourceTextID, ResourceID, LanguageID, Text) VALUES (844, 103002, 1, N'Related Camera');
INSERT INTO ResourceTexts (ResourceTextID, ResourceID, LanguageID, Text) VALUES (845, 103002, 2, N'연관 카메라');
INSERT INTO ResourceTexts (ResourceTextID, ResourceID, LanguageID, Text) VALUES (846, 2013,3, N'Панель');
INSERT INTO ResourceTexts (ResourceTextID, ResourceID, LanguageID, Text) VALUES (847, 2014,3, N'Передвижное устройство');
INSERT INTO ResourceTexts (ResourceTextID, ResourceID, LanguageID, Text) VALUES (848, 10101,3, N'Перещение предустановку камеры');
INSERT INTO ResourceTexts (ResourceTextID, ResourceID, LanguageID, Text) VALUES (849, 10102,3, N'Начать тур камеры');
INSERT INTO ResourceTexts (ResourceTextID, ResourceID, LanguageID, Text) VALUES (850, 10103,3, N'Остановить тур камеры');
INSERT INTO ResourceTexts (ResourceTextID, ResourceID, LanguageID, Text) VALUES (851, 10104,3, N'Включить лампу камеры');
INSERT INTO ResourceTexts (ResourceTextID, ResourceID, LanguageID, Text) VALUES (852, 10105,3, N'Выключить лампу камеры');
INSERT INTO ResourceTexts (ResourceTextID, ResourceID, LanguageID, Text) VALUES (853, 10106,3, N'Включить дворник камеры');
INSERT INTO ResourceTexts (ResourceTextID, ResourceID, LanguageID, Text) VALUES (854, 10107,3, N'Выключить дворник камеры');
INSERT INTO ResourceTexts (ResourceTextID, ResourceID, LanguageID, Text) VALUES (855, 10108,3, N'Включить доп.устройство камеры');
INSERT INTO ResourceTexts (ResourceTextID, ResourceID, LanguageID, Text) VALUES (856, 10109,3, N'Выключить доп.устройство камеры');
INSERT INTO ResourceTexts (ResourceTextID, ResourceID, LanguageID, Text) VALUES (857, 10201,3, N'Начать запись');
INSERT INTO ResourceTexts (ResourceTextID, ResourceID, LanguageID, Text) VALUES (858, 10202,3, N'Остановить запись');
INSERT INTO ResourceTexts (ResourceTextID, ResourceID, LanguageID, Text) VALUES (859, 10203,3, N'Начать мгновенную запись');
INSERT INTO ResourceTexts (ResourceTextID, ResourceID, LanguageID, Text) VALUES (860, 10204,3, N'Остановить мгновенную запись');
INSERT INTO ResourceTexts (ResourceTextID, ResourceID, LanguageID, Text) VALUES (861, 10301,3, N'Включить реле');
INSERT INTO ResourceTexts (ResourceTextID, ResourceID, LanguageID, Text) VALUES (862, 10302,3, N'Выключить реле');
INSERT INTO ResourceTexts (ResourceTextID, ResourceID, LanguageID, Text) VALUES (863, 10401,3, N'Запуск сигнализации');
INSERT INTO ResourceTexts (ResourceTextID, ResourceID, LanguageID, Text) VALUES (864, 10402,3, N'Запуск Макро');
INSERT INTO ResourceTexts (ResourceTextID, ResourceID, LanguageID, Text) VALUES (865, 10403,3, N'Отправить сообщение');
INSERT INTO ResourceTexts (ResourceTextID, ResourceID, LanguageID, Text) VALUES (866, 10404,3, N'Отправить эл.почту');
INSERT INTO ResourceTexts (ResourceTextID, ResourceID, LanguageID, Text) VALUES (867, 10405,3, N'Отправить эл.почту сигнализации');
INSERT INTO ResourceTexts (ResourceTextID, ResourceID, LanguageID, Text) VALUES (868, 10406,3, N'Перезагрузить сервер');
INSERT INTO ResourceTexts (ResourceTextID, ResourceID, LanguageID, Text) VALUES (869, 10407,3, N'Перезагрузить сервис');
INSERT INTO ResourceTexts (ResourceTextID, ResourceID, LanguageID, Text) VALUES (870, 10408,3, N'Воспроизвести звук в устройстве');
INSERT INTO ResourceTexts (ResourceTextID, ResourceID, LanguageID, Text) VALUES (871, 10409,3, N'Воспроизвести звук в сервере');
INSERT INTO ResourceTexts (ResourceTextID, ResourceID, LanguageID, Text) VALUES (872, 10410,3, N'Воспроизвести звук о пользователе');
INSERT INTO ResourceTexts (ResourceTextID, ResourceID, LanguageID, Text) VALUES (873, 10411,3, N'Миграция сигнализации');
INSERT INTO ResourceTexts (ResourceTextID, ResourceID, LanguageID, Text) VALUES (874, 10412,3, N'Отправить сообщение');
INSERT INTO ResourceTexts (ResourceTextID, ResourceID, LanguageID, Text) VALUES (875, 20101,3, N'Обнаружение движения');
INSERT INTO ResourceTexts (ResourceTextID, ResourceID, LanguageID, Text) VALUES (876, 20102,3, N'Начать тур камеры');
INSERT INTO ResourceTexts (ResourceTextID, ResourceID, LanguageID, Text) VALUES (877, 20103,3, N'Остановить тур камеры');
INSERT INTO ResourceTexts (ResourceTextID, ResourceID, LanguageID, Text) VALUES (878, 20104,3, N'Перещение предустановку камеры');
INSERT INTO ResourceTexts (ResourceTextID, ResourceID, LanguageID, Text) VALUES (879, 20105,3, N'Лампа камеры включена');
INSERT INTO ResourceTexts (ResourceTextID, ResourceID, LanguageID, Text) VALUES (880, 20106,3, N'Лампа камеры выключена');
INSERT INTO ResourceTexts (ResourceTextID, ResourceID, LanguageID, Text) VALUES (881, 20107,3, N'Дворник камеры включен');
INSERT INTO ResourceTexts (ResourceTextID, ResourceID, LanguageID, Text) VALUES (882, 20108,3, N'Дворник камеры выключен');
INSERT INTO ResourceTexts (ResourceTextID, ResourceID, LanguageID, Text) VALUES (883, 20109,3, N'Начать эксклюзивное использование камеры');
INSERT INTO ResourceTexts (ResourceTextID, ResourceID, LanguageID, Text) VALUES (884, 20110,3, N'Отменить эксклюзивное использование камеры');
INSERT INTO ResourceTexts (ResourceTextID, ResourceID, LanguageID, Text) VALUES (885, 20111,3, N'История PTZ камеры');
INSERT INTO ResourceTexts (ResourceTextID, ResourceID, LanguageID, Text) VALUES (886, 20120,3, N'Обнаружение движения');
INSERT INTO ResourceTexts (ResourceTextID, ResourceID, LanguageID, Text) VALUES (887, 20121,3, N'Проникновение объекта');
INSERT INTO ResourceTexts (ResourceTextID, ResourceID, LanguageID, Text) VALUES (888, 20122,3, N'Объект вышел');
INSERT INTO ResourceTexts (ResourceTextID, ResourceID, LanguageID, Text) VALUES (889, 20123,3, N'Объект появился');
INSERT INTO ResourceTexts (ResourceTextID, ResourceID, LanguageID, Text) VALUES (890, 20124,3, N'Объект исчез');
INSERT INTO ResourceTexts (ResourceTextID, ResourceID, LanguageID, Text) VALUES (891, 20125,3, N'Объект остановился');
INSERT INTO ResourceTexts (ResourceTextID, ResourceID, LanguageID, Text) VALUES (892, 20126,3, N'Обнаружение бродящего');
INSERT INTO ResourceTexts (ResourceTextID, ResourceID, LanguageID, Text) VALUES (893, 20127,3, N'Нарушение по направлению');
INSERT INTO ResourceTexts (ResourceTextID, ResourceID, LanguageID, Text) VALUES (894, 20128,3, N'Нарушение скорости');
INSERT INTO ResourceTexts (ResourceTextID, ResourceID, LanguageID, Text) VALUES (895, 20129,3, N'Преследование');
INSERT INTO ResourceTexts (ResourceTextID, ResourceID, LanguageID, Text) VALUES (896, 20130,3, N'Вскрытие камеры');
INSERT INTO ResourceTexts (ResourceTextID, ResourceID, LanguageID, Text) VALUES (897, 20131,3, N'Обнаружение дыма');
INSERT INTO ResourceTexts (ResourceTextID, ResourceID, LanguageID, Text) VALUES (898, 20132,3, N'Обнаружение пожара');
INSERT INTO ResourceTexts (ResourceTextID, ResourceID, LanguageID, Text) VALUES (899, 20133,3, N'Авария');
INSERT INTO ResourceTexts (ResourceTextID, ResourceID, LanguageID, Text) VALUES (900, 20134,3, N'Падать');
INSERT INTO ResourceTexts (ResourceTextID, ResourceID, LanguageID, Text) VALUES (901, 20135,3, N'Драка');
INSERT INTO ResourceTexts (ResourceTextID, ResourceID, LanguageID, Text) VALUES (902, 20136,3, N'Сообщество');
INSERT INTO ResourceTexts (ResourceTextID, ResourceID, LanguageID, Text) VALUES (903, 20137,3, N'Выбрасывание предмета');
INSERT INTO ResourceTexts (ResourceTextID, ResourceID, LanguageID, Text) VALUES (904, 20138,3, N'Кража');
INSERT INTO ResourceTexts (ResourceTextID, ResourceID, LanguageID, Text) VALUES (905, 20139,3, N'Обнаружение цвета');
INSERT INTO ResourceTexts (ResourceTextID, ResourceID, LanguageID, Text) VALUES (906, 20140,3, N'Нарушение правил пешехода');
INSERT INTO ResourceTexts (ResourceTextID, ResourceID, LanguageID, Text) VALUES (907, 20141,3, N'Прекращение движения');
INSERT INTO ResourceTexts (ResourceTextID, ResourceID, LanguageID, Text) VALUES (908, 20142,3, N'Задержка');
INSERT INTO ResourceTexts (ResourceTextID, ResourceID, LanguageID, Text) VALUES (909, 20143,3, N'Медленное движение');
INSERT INTO ResourceTexts (ResourceTextID, ResourceID, LanguageID, Text) VALUES (910, 20144,3, N'Гладкий поток');
INSERT INTO ResourceTexts (ResourceTextID, ResourceID, LanguageID, Text) VALUES (911, 20145,3, N'Нет информаций');
INSERT INTO ResourceTexts (ResourceTextID, ResourceID, LanguageID, Text) VALUES (912, 20146,3, N'Обнаружение номерного знака');
INSERT INTO ResourceTexts (ResourceTextID, ResourceID, LanguageID, Text) VALUES (913, 20147,3, N'Поиск автомобиля');
INSERT INTO ResourceTexts (ResourceTextID, ResourceID, LanguageID, Text) VALUES (914, 20171,3, N'Счетчик линии: войти');
INSERT INTO ResourceTexts (ResourceTextID, ResourceID, LanguageID, Text) VALUES (915, 20172,3, N'Счетчик линии: выйти');
INSERT INTO ResourceTexts (ResourceTextID, ResourceID, LanguageID, Text) VALUES (916, 20201,3, N'Соединен с устройством');
INSERT INTO ResourceTexts (ResourceTextID, ResourceID, LanguageID, Text) VALUES (917, 20202,3, N'Прерван соединение с устройством');
INSERT INTO ResourceTexts (ResourceTextID, ResourceID, LanguageID, Text) VALUES (918, 20203,3, N'Возникла проблема в соединении с устройством');
INSERT INTO ResourceTexts (ResourceTextID, ResourceID, LanguageID, Text) VALUES (919, 20204,3, N'Нет сигнализации устройства');
INSERT INTO ResourceTexts (ResourceTextID, ResourceID, LanguageID, Text) VALUES (920, 20205,3, N'Стабильность сигнала устройства');
INSERT INTO ResourceTexts (ResourceTextID, ResourceID, LanguageID, Text) VALUES (921, 20206,3, N'Проблема в сигнале устрйства');
INSERT INTO ResourceTexts (ResourceTextID, ResourceID, LanguageID, Text) VALUES (922, 20301,3, N'Не удалось сохранить');
INSERT INTO ResourceTexts (ResourceTextID, ResourceID, LanguageID, Text) VALUES (923, 20302,3, N'Удален драйвер записи');
INSERT INTO ResourceTexts (ResourceTextID, ResourceID, LanguageID, Text) VALUES (924, 20303,3, N'Восстановлен драйвер записи');
INSERT INTO ResourceTexts (ResourceTextID, ResourceID, LanguageID, Text) VALUES (925, 20304,3, N'График записи начался');
INSERT INTO ResourceTexts (ResourceTextID, ResourceID, LanguageID, Text) VALUES (926, 20305,3, N'Остановлен график записи');
INSERT INTO ResourceTexts (ResourceTextID, ResourceID, LanguageID, Text) VALUES (927, 20306,3, N'Мгновенная запись началась');
INSERT INTO ResourceTexts (ResourceTextID, ResourceID, LanguageID, Text) VALUES (928, 20307,3, N'Остановлена мгновенная запись');
INSERT INTO ResourceTexts (ResourceTextID, ResourceID, LanguageID, Text) VALUES (929, 20308,3, N'Папка записи удалена');
INSERT INTO ResourceTexts (ResourceTextID, ResourceID, LanguageID, Text) VALUES (930, 20309,3, N'Создана папка записи');
INSERT INTO ResourceTexts (ResourceTextID, ResourceID, LanguageID, Text) VALUES (931, 20310,3, N'Папка записи удалена');
INSERT INTO ResourceTexts (ResourceTextID, ResourceID, LanguageID, Text) VALUES (932, 20311,3, N'Создана папка записи');
INSERT INTO ResourceTexts (ResourceTextID, ResourceID, LanguageID, Text) VALUES (933, 20312,3, N'Недостаточно места для записи');
INSERT INTO ResourceTexts (ResourceTextID, ResourceID, LanguageID, Text) VALUES (934, 20313,3, N'Потеря сигнала записи');
INSERT INTO ResourceTexts (ResourceTextID, ResourceID, LanguageID, Text) VALUES (935, 20314,3, N'Стабильность сигнала записи');
INSERT INTO ResourceTexts (ResourceTextID, ResourceID, LanguageID, Text) VALUES (936, 20401,3, N'Включен реле');
INSERT INTO ResourceTexts (ResourceTextID, ResourceID, LanguageID, Text) VALUES (937, 20402,3, N'Выключен реле');
INSERT INTO ResourceTexts (ResourceTextID, ResourceID, LanguageID, Text) VALUES (938, 20501,3, N'Сигнал работает');
INSERT INTO ResourceTexts (ResourceTextID, ResourceID, LanguageID, Text) VALUES (939, 20601,3, N'Неопределен');
INSERT INTO ResourceTexts (ResourceTextID, ResourceID, LanguageID, Text) VALUES (940, 20602,3, N'Началось резервное копирование');
INSERT INTO ResourceTexts (ResourceTextID, ResourceID, LanguageID, Text) VALUES (941, 20603,3, N'Завершилось резервное копирование');
INSERT INTO ResourceTexts (ResourceTextID, ResourceID, LanguageID, Text) VALUES (942, 20604,3, N'Не удалось резервное копирование');
INSERT INTO ResourceTexts (ResourceTextID, ResourceID, LanguageID, Text) VALUES (943, 20605,3, N'Началось удаленное резервное копирование');
INSERT INTO ResourceTexts (ResourceTextID, ResourceID, LanguageID, Text) VALUES (944, 20606,3, N'Завершилось удаленное резервное копирование');
INSERT INTO ResourceTexts (ResourceTextID, ResourceID, LanguageID, Text) VALUES (945, 20607,3, N'Не удалось удаленное резервное копирование');
INSERT INTO ResourceTexts (ResourceTextID, ResourceID, LanguageID, Text) VALUES (946, 20608,3, N'Отменено удаленное резервное копирование');
INSERT INTO ResourceTexts (ResourceTextID, ResourceID, LanguageID, Text) VALUES (947, 20609,3, N'Соединение с БД не удалось');
INSERT INTO ResourceTexts (ResourceTextID, ResourceID, LanguageID, Text) VALUES (948, 20610,3, N'Соединено с БД');
INSERT INTO ResourceTexts (ResourceTextID, ResourceID, LanguageID, Text) VALUES (949, 20611,3, N'Не достаточно места для БД');
INSERT INTO ResourceTexts (ResourceTextID, ResourceID, LanguageID, Text) VALUES (950, 20612,3, N'Соединен сервер');
INSERT INTO ResourceTexts (ResourceTextID, ResourceID, LanguageID, Text) VALUES (951, 20613,3, N'Прервалось соединение сервера');
INSERT INTO ResourceTexts (ResourceTextID, ResourceID, LanguageID, Text) VALUES (952, 20614,3, N'Настройка изменилась');
INSERT INTO ResourceTexts (ResourceTextID, ResourceID, LanguageID, Text) VALUES (953, 20615,3, N'Сработала сигнализация');
INSERT INTO ResourceTexts (ResourceTextID, ResourceID, LanguageID, Text) VALUES (954, 20616,3, N'Не удалось ввести лог программы');
INSERT INTO ResourceTexts (ResourceTextID, ResourceID, LanguageID, Text) VALUES (955, 20617,3, N'История поиска записи');
INSERT INTO ResourceTexts (ResourceTextID, ResourceID, LanguageID, Text) VALUES (956, 20701,3, N'Пользователь сохранил видео/имидж');
INSERT INTO ResourceTexts (ResourceTextID, ResourceID, LanguageID, Text) VALUES (957, 20702,3, N'Пользователь распечатал');
INSERT INTO ResourceTexts (ResourceTextID, ResourceID, LanguageID, Text) VALUES (958, 20703,3, N'Эл.почта отправлена');
INSERT INTO ResourceTexts (ResourceTextID, ResourceID, LanguageID, Text) VALUES (959, 20704,3, N'Пользователь вошел');
INSERT INTO ResourceTexts (ResourceTextID, ResourceID, LanguageID, Text) VALUES (960, 20705,3, N'Пользователь вышел');
INSERT INTO ResourceTexts (ResourceTextID, ResourceID, LanguageID, Text) VALUES (961, 20706,3, N'Отказано право пользователя');
INSERT INTO ResourceTexts (ResourceTextID, ResourceID, LanguageID, Text) VALUES (962, 20707,3, N'Идентификация устройства не удалась');
INSERT INTO ResourceTexts (ResourceTextID, ResourceID, LanguageID, Text) VALUES (963, 20708,3, N'Идентификация устройства удалась');
INSERT INTO ResourceTexts (ResourceTextID, ResourceID, LanguageID, Text) VALUES (964, 20709,3, N'Вышел из устройсвта');
INSERT INTO ResourceTexts (ResourceTextID, ResourceID, LanguageID, Text) VALUES (965, 20710,3, N'Начать настройку устройства');
INSERT INTO ResourceTexts (ResourceTextID, ResourceID, LanguageID, Text) VALUES (966, 20711,3, N'Завершить настройку устройства');
INSERT INTO ResourceTexts (ResourceTextID, ResourceID, LanguageID, Text) VALUES (967, 20712,3, N'Начать поиск устройства');
INSERT INTO ResourceTexts (ResourceTextID, ResourceID, LanguageID, Text) VALUES (968, 20713,3, N'Завершить поиск устройства');
INSERT INTO ResourceTexts (ResourceTextID, ResourceID, LanguageID, Text) VALUES (969, 20714,3, N'Запуск резервного копирования устройства');
INSERT INTO ResourceTexts (ResourceTextID, ResourceID, LanguageID, Text) VALUES (970, 20715,3, N'Начать обнаружение реальное видео устройства');
INSERT INTO ResourceTexts (ResourceTextID, ResourceID, LanguageID, Text) VALUES (971, 20716,3, N'Завершить обнаружение реальное видео устройства');
INSERT INTO ResourceTexts (ResourceTextID, ResourceID, LanguageID, Text) VALUES (972, 20717,3, N'Создан временный пароль');
INSERT INTO ResourceTexts (ResourceTextID, ResourceID, LanguageID, Text) VALUES (973, 20801,3, N'Высокое использоние ЦП');
INSERT INTO ResourceTexts (ResourceTextID, ResourceID, LanguageID, Text) VALUES (974, 20802,3, N'Стабильное использование ЦП');
INSERT INTO ResourceTexts (ResourceTextID, ResourceID, LanguageID, Text) VALUES (975, 20803,3, N'Высокое использоваине сети');
INSERT INTO ResourceTexts (ResourceTextID, ResourceID, LanguageID, Text) VALUES (976, 20804,3, N'Стабильное использование сети');
INSERT INTO ResourceTexts (ResourceTextID, ResourceID, LanguageID, Text) VALUES (977, 20901,3, N'Запущен график');
INSERT INTO ResourceTexts (ResourceTextID, ResourceID, LanguageID, Text) VALUES (978, 20902,3, N'Завершен график ');
INSERT INTO ResourceTexts (ResourceTextID, ResourceID, LanguageID, Text) VALUES (979, 21001,3, N'Получил метаданных');
INSERT INTO ResourceTexts (ResourceTextID, ResourceID, LanguageID, Text) VALUES (980, 21101,3, N'Соединен USB');
INSERT INTO ResourceTexts (ResourceTextID, ResourceID, LanguageID, Text) VALUES (981, 21102,3, N'Удален USB');
INSERT INTO ResourceTexts (ResourceTextID, ResourceID, LanguageID, Text) VALUES (982, 21103,3, N'TCP подключен');
INSERT INTO ResourceTexts (ResourceTextID, ResourceID, LanguageID, Text) VALUES (983, 21104,3, N'TCP завершен');
INSERT INTO ResourceTexts (ResourceTextID, ResourceID, LanguageID, Text) VALUES (984, 21301,3, N'Добавлен пользователь');
INSERT INTO ResourceTexts (ResourceTextID, ResourceID, LanguageID, Text) VALUES (985, 21302,3, N'Удален пользователь');
INSERT INTO ResourceTexts (ResourceTextID, ResourceID, LanguageID, Text) VALUES (986, 21303,3, N'Изменен пользователь');
INSERT INTO ResourceTexts (ResourceTextID, ResourceID, LanguageID, Text) VALUES (987, 21304,3, N'Добавлено устройство ');
INSERT INTO ResourceTexts (ResourceTextID, ResourceID, LanguageID, Text) VALUES (988, 21305,3, N'Удалено устройство');
INSERT INTO ResourceTexts (ResourceTextID, ResourceID, LanguageID, Text) VALUES (989, 21401,3, N'Событие сервера распознавания номера');
INSERT INTO ResourceTexts (ResourceTextID, ResourceID, LanguageID, Text) VALUES (990, 21402,3, N'Событие сервера распознавания лица');
INSERT INTO ResourceTexts (ResourceTextID, ResourceID, LanguageID, Text) VALUES (991, 21501,3, N'Событие запроса видео мобильного');
INSERT INTO ResourceTexts (ResourceTextID, ResourceID, LanguageID, Text) VALUES (992, 21502,3, N'Событие завершения ситуации мобильного');
INSERT INTO ResourceTexts (ResourceTextID, ResourceID, LanguageID, Text) VALUES (993, 21503,3, N'Сигнализация о тревоге в мобильном ');
INSERT INTO ResourceTexts (ResourceTextID, ResourceID, LanguageID, Text) VALUES (994, 21504,3, N'Запрос сохраненного видео мобильного');
INSERT INTO ResourceTexts (ResourceTextID, ResourceID, LanguageID, Text) VALUES (995, 50001,3, N'Английский');
INSERT INTO ResourceTexts (ResourceTextID, ResourceID, LanguageID, Text) VALUES (996, 50002,3, N'Корейский');
INSERT INTO ResourceTexts (ResourceTextID, ResourceID, LanguageID, Text) VALUES (997, 50003,3, N'Русский');
INSERT INTO ResourceTexts (ResourceTextID, ResourceID, LanguageID, Text) VALUES (998, 50004,3, N'Туркменский');
INSERT INTO ResourceTexts (ResourceTextID, ResourceID, LanguageID, Text) VALUES (999, 60001,3, N'Поиск');
INSERT INTO ResourceTexts (ResourceTextID, ResourceID, LanguageID, Text) VALUES (1000,60002,3, N'Просмотр сигнализации');
INSERT INTO ResourceTexts (ResourceTextID, ResourceID, LanguageID, Text) VALUES (1001,60003,3, N'Редакция сигнализации');
INSERT INTO ResourceTexts (ResourceTextID, ResourceID, LanguageID, Text) VALUES (1002,60004,3, N'Просмотр карты');
INSERT INTO ResourceTexts (ResourceTextID, ResourceID, LanguageID, Text) VALUES (1003,60005,3, N'Администратор настройки');
INSERT INTO ResourceTexts (ResourceTextID, ResourceID, LanguageID, Text) VALUES (1004,60006,3, N'Инструмент администратора');
INSERT INTO ResourceTexts (ResourceTextID, ResourceID, LanguageID, Text) VALUES (1005,60007,3, N'Редакция канала');
INSERT INTO ResourceTexts (ResourceTextID, ResourceID, LanguageID, Text) VALUES (1006,60008,3, N'Доступ к сайту');
INSERT INTO ResourceTexts (ResourceTextID, ResourceID, LanguageID, Text) VALUES (1007,60009,3, N'Эксклюзивное использование PTZ');
INSERT INTO ResourceTexts (ResourceTextID, ResourceID, LanguageID, Text) VALUES (1008,60010,3, N'Мгновенная запись');
INSERT INTO ResourceTexts (ResourceTextID, ResourceID, LanguageID, Text) VALUES (1009,60011,3, N'Доступ к устройству');
INSERT INTO ResourceTexts (ResourceTextID, ResourceID, LanguageID, Text) VALUES (1010,60012,3, N'Использовать PTZ');
INSERT INTO ResourceTexts (ResourceTextID, ResourceID, LanguageID, Text) VALUES (1011,60013,3, N'Эксклюзивное использование PTZ');
INSERT INTO ResourceTexts (ResourceTextID, ResourceID, LanguageID, Text) VALUES (1012,60014,3, N'Мгновенная запись');
INSERT INTO ResourceTexts (ResourceTextID, ResourceID, LanguageID, Text) VALUES (1013,60015,3, N'Экспорт видео');
INSERT INTO ResourceTexts (ResourceTextID, ResourceID, LanguageID, Text) VALUES (1014,60016,3, N'Печать изображений');
INSERT INTO ResourceTexts (ResourceTextID, ResourceID, LanguageID, Text) VALUES (1015,60017,3, N'Доступ к Макро');
INSERT INTO ResourceTexts (ResourceTextID, ResourceID, LanguageID, Text) VALUES (1016,60018,3, N'Распознавание номерного знака');
INSERT INTO ResourceTexts (ResourceTextID, ResourceID, LanguageID, Text) VALUES (1017,60019,3, N'Доступ к каналу видео');
INSERT INTO ResourceTexts (ResourceTextID, ResourceID, LanguageID, Text) VALUES (1018,60020,3, N'Настройка предустановки');
INSERT INTO ResourceTexts (ResourceTextID, ResourceID, LanguageID, Text) VALUES (1019,60021,3, N'Непосредственное подключение к устройству');
INSERT INTO ResourceTexts (ResourceTextID, ResourceID, LanguageID, Text) VALUES (1020,60022,3, N'Сохранить имидж видео');
INSERT INTO ResourceTexts (ResourceTextID, ResourceID, LanguageID, Text) VALUES (1021,60023,3, N'Изменить срок окончания экспорта видео');
INSERT INTO ResourceTexts (ResourceTextID, ResourceID, LanguageID, Text) VALUES (1022,60024,3, N'Перезагрузить сетевое устройство');
INSERT INTO ResourceTexts (ResourceTextID, ResourceID, LanguageID, Text) VALUES (1023,60025,3, N'Повторное подключение к сетевому устройству');
INSERT INTO ResourceTexts (ResourceTextID, ResourceID, LanguageID, Text) VALUES (1024,60026,3, N'Доступ к основному местонахождению');
INSERT INTO ResourceTexts (ResourceTextID, ResourceID, LanguageID, Text) VALUES (1025,60027,3, N'Доступ к основному устройству');
INSERT INTO ResourceTexts (ResourceTextID, ResourceID, LanguageID, Text) VALUES (1026,61001,3, N'Разрешить доступ к функций поиска в Админе удаленного видео');
INSERT INTO ResourceTexts (ResourceTextID, ResourceID, LanguageID, Text) VALUES (1027,61002,3, N'Разрешить открыть просмотр и обнаружение сигнализации в Админе удаленного видео');
INSERT INTO ResourceTexts (ResourceTextID, ResourceID, LanguageID, Text) VALUES (1028,61003,3, N'Разрешить обновление сигнализации в Админе удаленного видео. Требуется право Просмотра сигнализации.');
INSERT INTO ResourceTexts (ResourceTextID, ResourceID, LanguageID, Text) VALUES (1029,61004,3, N'Разрешить просмотр карты в Админе удаленного видео.');
INSERT INTO ResourceTexts (ResourceTextID, ResourceID, LanguageID, Text) VALUES (1030,61005,3, N'Разрешить запуск настройки Админа.');
INSERT INTO ResourceTexts (ResourceTextID, ResourceID, LanguageID, Text) VALUES (1031,61006,3, N'Разрешить запуск инструмента Админа для управления сервером');
INSERT INTO ResourceTexts (ResourceTextID, ResourceID, LanguageID, Text) VALUES (1032,61007,3, N'Разрешить изменение планировки. При отсутствии права пользователь может видеть только основную планировку');
INSERT INTO ResourceTexts (ResourceTextID, ResourceID, LanguageID, Text) VALUES (1033,61008,3, N'Разрешить доступ пользователя ко всем оборудованиям, которые относятся к сайту.');
INSERT INTO ResourceTexts (ResourceTextID, ResourceID, LanguageID, Text) VALUES (1034,61009,3, N'Настроить уровень доступа для определения приоритета при одновременном запросе об эксклюзивном использовании PTZ  двумя пользователями.');
INSERT INTO ResourceTexts (ResourceTextID, ResourceID, LanguageID, Text) VALUES (1035,61010,3, N'Настроить уровень доступа для определения приоритета при одновременном запуске функции мгновенной записи двумя пользователями.');
INSERT INTO ResourceTexts (ResourceTextID, ResourceID, LanguageID, Text) VALUES (1036,61011,3, N'Разрешить доступ к оборудований если есть право к сайту, к которому относится данное оборудование.  Значение по умолчанию - True.');
INSERT INTO ResourceTexts (ResourceTextID, ResourceID, LanguageID, Text) VALUES (1037,61012,3, N'Разрешить контроль фукции PTZ  данной камеры.');
INSERT INTO ResourceTexts (ResourceTextID, ResourceID, LanguageID, Text) VALUES (1038,61013,3, N'Разрешить запрос о праве эксклюзивного использования функции PTZ.');
INSERT INTO ResourceTexts (ResourceTextID, ResourceID, LanguageID, Text) VALUES (1039,61014,3, N'Разрешить мгновенную запись в видео реального времени.');
INSERT INTO ResourceTexts (ResourceTextID, ResourceID, LanguageID, Text) VALUES (1040,61015,3, N'Разрешить экспорт видео в поиске или в просмотре сигнализации.');
INSERT INTO ResourceTexts (ResourceTextID, ResourceID, LanguageID, Text) VALUES (1041,61016,3, N'Разрешить печать изображения в видео реального времени, в поиске, в просмотре сигнализации.');
INSERT INTO ResourceTexts (ResourceTextID, ResourceID, LanguageID, Text) VALUES (1042,61017,3, N'Разрешить просмотр и запуск Макро в Удаленном Клиенте.');
INSERT INTO ResourceTexts (ResourceTextID, ResourceID, LanguageID, Text) VALUES (1043,61018,3, N'Разрешить функции распознавания номера в Админе удаленного видео.');
INSERT INTO ResourceTexts (ResourceTextID, ResourceID, LanguageID, Text) VALUES (1044,61019,3, N'Разрешить фукцию просмотра видеоканала.');
INSERT INTO ResourceTexts (ResourceTextID, ResourceID, LanguageID, Text) VALUES (1045,61020,3, N'Разрешить функции настройки предустановки в Админе удаленного видео.');
INSERT INTO ResourceTexts (ResourceTextID, ResourceID, LanguageID, Text) VALUES (1046,61021,3, N'Вы можете непосредственно подключиться к устройству для поиска и проверки видео в реальном времени.');
INSERT INTO ResourceTexts (ResourceTextID, ResourceID, LanguageID, Text) VALUES (1047,61022,3, N'Вы можете сохранить видео с выбранной камеры в виде изображения.');
INSERT INTO ResourceTexts (ResourceTextID, ResourceID, LanguageID, Text) VALUES (1048,61023,3, N'Вы можете создать ключ для продления срока годности видео резервной копии в формате хранения.');
INSERT INTO ResourceTexts (ResourceTextID, ResourceID, LanguageID, Text) VALUES (1049,61024,3, N'Вы можете перезапустить модуль для сетевого устройства.');
INSERT INTO ResourceTexts (ResourceTextID, ResourceID, LanguageID, Text) VALUES (1050,61025,3, N'Вы можете заново подключиться к сетевому устройству.');
INSERT INTO ResourceTexts (ResourceTextID, ResourceID, LanguageID, Text) VALUES (1051,61026,3, N'Вы можете использовать устройство в положении по умолчанию.');
INSERT INTO ResourceTexts (ResourceTextID, ResourceID, LanguageID, Text) VALUES (1052,61027,3, N'Вы можете использовать устройство по умолчанию.');
INSERT INTO ResourceTexts (ResourceTextID, ResourceID, LanguageID, Text) VALUES (1053,70001,3, N'Корея');
INSERT INTO ResourceTexts (ResourceTextID, ResourceID, LanguageID, Text) VALUES (1054,70002,3, N'Америка');
INSERT INTO ResourceTexts (ResourceTextID, ResourceID, LanguageID, Text) VALUES (1055,80001,3, N'Неопределен');
INSERT INTO ResourceTexts (ResourceTextID, ResourceID, LanguageID, Text) VALUES (1056,80002,3, N'Открыто');
INSERT INTO ResourceTexts (ResourceTextID, ResourceID, LanguageID, Text) VALUES (1057,80003,3, N'Подтвержден');
INSERT INTO ResourceTexts (ResourceTextID, ResourceID, LanguageID, Text) VALUES (1058,80004,3, N'Удалить');
INSERT INTO ResourceTexts (ResourceTextID, ResourceID, LanguageID, Text) VALUES (1059,80005,3, N'В процессе обработки');
INSERT INTO ResourceTexts (ResourceTextID, ResourceID, LanguageID, Text) VALUES (1060,80006,3, N'Нерешен');
INSERT INTO ResourceTexts (ResourceTextID, ResourceID, LanguageID, Text) VALUES (1061,80007,3, N'Решен');
INSERT INTO ResourceTexts (ResourceTextID, ResourceID, LanguageID, Text) VALUES (1062,80008,3, N'Завершить');
INSERT INTO ResourceTexts (ResourceTextID, ResourceID, LanguageID, Text) VALUES (1063,80009,3, N'Необработан');
INSERT INTO ResourceTexts (ResourceTextID, ResourceID, LanguageID, Text) VALUES (1064,81001,3, N'Определить пользователя 1');
INSERT INTO ResourceTexts (ResourceTextID, ResourceID, LanguageID, Text) VALUES (1065,81002,3, N'Определить пользователя 2');
INSERT INTO ResourceTexts (ResourceTextID, ResourceID, LanguageID, Text) VALUES (1066,81003,3, N'Определить пользователя 3');
INSERT INTO ResourceTexts (ResourceTextID, ResourceID, LanguageID, Text) VALUES (1067,82001,3, N'Низкий');
INSERT INTO ResourceTexts (ResourceTextID, ResourceID, LanguageID, Text) VALUES (1068,82002,3, N'Средний');
INSERT INTO ResourceTexts (ResourceTextID, ResourceID, LanguageID, Text) VALUES (1069,82003,3, N'Высокий');
INSERT INTO ResourceTexts (ResourceTextID, ResourceID, LanguageID, Text) VALUES (1070,100001,3, N'Наблюдение камеры');
INSERT INTO ResourceTexts (ResourceTextID, ResourceID, LanguageID, Text) VALUES (1071,100002,3, N'Наблюдение незаконных остановок и парковок');
INSERT INTO ResourceTexts (ResourceTextID, ResourceID, LanguageID, Text) VALUES (1072,100003,3, N'Наблюдение отслеживания');
INSERT INTO ResourceTexts (ResourceTextID, ResourceID, LanguageID, Text) VALUES (1073,101001,3, N'Завершение распознавания');
INSERT INTO ResourceTexts (ResourceTextID, ResourceID, LanguageID, Text) VALUES (1074,101002,3, N'Обработка предупреждений');
INSERT INTO ResourceTexts (ResourceTextID, ResourceID, LanguageID, Text) VALUES (1075,101003,3, N'Подтверждение распознавания');
INSERT INTO ResourceTexts (ResourceTextID, ResourceID, LanguageID, Text) VALUES (1076,101004,3, N'Отменить, сохранить');
INSERT INTO ResourceTexts (ResourceTextID, ResourceID, LanguageID, Text) VALUES (1077,101005,3, N'Первое распознавание');
INSERT INTO ResourceTexts (ResourceTextID, ResourceID, LanguageID, Text) VALUES (1078, 20150, 1,  N'Door Forced Open');
INSERT INTO ResourceTexts (ResourceTextID, ResourceID, LanguageID, Text) VALUES (1079, 20150, 2,  N'도어 강제 열림');
INSERT INTO ResourceTexts (ResourceTextID, ResourceID, LanguageID, Text) VALUES (1080, 20151, 1,  N'Door Continued Open');
INSERT INTO ResourceTexts (ResourceTextID, ResourceID, LanguageID, Text) VALUES (1081, 20151, 2,  N'도어 지속 열림');
INSERT INTO ResourceTexts (ResourceTextID, ResourceID, LanguageID, Text) VALUES (1082, 20152, 1,  N'Electric Leakage');
INSERT INTO ResourceTexts (ResourceTextID, ResourceID, LanguageID, Text) VALUES (1083, 20152, 2,  N'누전 경보');
INSERT INTO ResourceTexts (ResourceTextID, ResourceID, LanguageID, Text) VALUES (1084, 20618, 2,  N'OS 가상 메모리 부족');
INSERT INTO ResourceTexts (ResourceTextID, ResourceID, LanguageID, Text) VALUES (1085, 20618, 1,  N'Resource Exhaustion Detector');
GO

/****** Table: ServiceCodes   ******/
INSERT INTO ServiceCodes (ServiceCodeID, ServiceCodeNameResID, Color) VALUES (1, 100001, N'Blue');
INSERT INTO ServiceCodes (ServiceCodeID, ServiceCodeNameResID, Color) VALUES (2, 100002, N'Red');
INSERT INTO ServiceCodes (ServiceCodeID, ServiceCodeNameResID, Color) VALUES (3, 100003, N'Yellow');
GO

/****** Table: UsagePurposes   ******/
INSERT INTO UsagePurposes (UsagePurposeID, Category, UsagePurposeNameResID, IsDeleted) VALUES (1, 1, 104001, 0);
INSERT INTO UsagePurposes (UsagePurposeID, Category, UsagePurposeNameResID, IsDeleted) VALUES (2, 1, 104002, 0);
INSERT INTO UsagePurposes (UsagePurposeID, Category, UsagePurposeNameResID, IsDeleted) VALUES (3, 1, 104003, 0);
INSERT INTO UsagePurposes (UsagePurposeID, Category, UsagePurposeNameResID, IsDeleted) VALUES (4, 1, 104004, 0);
INSERT INTO UsagePurposes (UsagePurposeID, Category, UsagePurposeNameResID, IsDeleted) VALUES (5, 1, 104005, 0);
GO

/****** Table: EventDataTypes   ******/
SET IDENTITY_INSERT [EventDataTypes] ON;
INSERT INTO EventDataTypes (EventDataTypeID, EventTypeID, DataEntityName, DataType, DataNameResID, DataOrder) VALUES (1, 704, N'UsagePurpose', 1, 103001, 1);
SET IDENTITY_INSERT [EventDataTypes] OFF;
GO
exec spEnableConstraints;
